ISO-10303-21;
HEADER;
FILE_DESCRIPTION(('Open CASCADE Model'),'2;1');
FILE_NAME('Open CASCADE Shape Model','2025-06-20T07:53:12',('Author'),(
    'Open CASCADE'),'Open CASCADE STEP processor 7.7','Open CASCADE 7.7'
  ,'Unknown');
FILE_SCHEMA(('AUTOMOTIVE_DESIGN { 1 0 10303 214 1 1 1 1 }'));
ENDSEC;
DATA;
#1 = APPLICATION_PROTOCOL_DEFINITION('international standard',
  'automotive_design',2000,#2);
#2 = APPLICATION_CONTEXT(
  'core data for automotive mechanical design processes');
#3 = SHAPE_DEFINITION_REPRESENTATION(#4,#10);
#4 = PRODUCT_DEFINITION_SHAPE('','',#5);
#5 = PRODUCT_DEFINITION('design','',#6,#9);
#6 = PRODUCT_DEFINITION_FORMATION('','',#7);
#7 = PRODUCT('Open CASCADE STEP translator 7.7 16',
  'Open CASCADE STEP translator 7.7 16','',(#8));
#8 = PRODUCT_CONTEXT('',#2,'mechanical');
#9 = PRODUCT_DEFINITION_CONTEXT('part definition',#2,'design');
#10 = ADVANCED_BREP_SHAPE_REPRESENTATION('',(#11,#15),#15249);
#11 = AXIS2_PLACEMENT_3D('',#12,#13,#14);
#12 = CARTESIAN_POINT('',(0.,0.,0.));
#13 = DIRECTION('',(0.,0.,1.));
#14 = DIRECTION('',(1.,0.,-0.));
#15 = MANIFOLD_SOLID_BREP('',#16);
#16 = CLOSED_SHELL('',(#17,#199,#275,#329,#5203,#5252,#5516,#5544,#5573,
    #5600,#5627,#5654,#5681,#5765,#5792,#5842,#5898,#5974,#6023,#6072,
    #6121,#6170,#6219,#6268,#6317,#6366,#6415,#6464,#6513,#6562,#6611,
    #6660,#6709,#6758,#6807,#6856,#6905,#6954,#7003,#7052,#7101,#7150,
    #7177,#7253,#7302,#7351,#7400,#7449,#7498,#7547,#7596,#7645,#7694,
    #7721,#7797,#7846,#7895,#7944,#7993,#8020,#8096,#8145,#8194,#8243,
    #8292,#8341,#8368,#8444,#8493,#8542,#8591,#8640,#8689,#8738,#8765,
    #8841,#8890,#8939,#8988,#9037,#9086,#9135,#9184,#9233,#9260,#9336,
    #9390,#9444,#9522,#9595,#9627,#9654,#9730,#9779,#9828,#9877,#9926,
    #9975,#10024,#10073,#10122,#10171,#10220,#10269,#10318,#10367,#10416
    ,#10465,#10514,#10563,#10612,#10661,#10710,#10759,#10808,#10857,
    #10906,#10933,#11009,#11058,#11107,#11156,#11205,#11254,#11303,
    #11352,#11401,#11450,#11477,#11553,#11602,#11651,#11700,#11749,
    #11776,#11852,#11901,#11950,#11999,#12048,#12097,#12146,#12173,
    #12249,#12298,#12347,#12396,#12445,#12494,#12543,#12592,#12641,
    #12690,#12739,#12788,#12837,#12886,#12935,#12984,#13033,#13082,
    #13131,#13180,#13229,#13278,#13327,#13376,#13425,#13452,#13561,
    #13610,#13664,#13718,#13800,#13827,#13854,#13861,#13890,#13990,
    #13999,#14009,#14020,#14185,#14278,#14305,#14332,#14341,#14370,
    #14470,#14479,#14490,#14519,#14579,#14630,#14668,#14675,#14751,
    #14800,#14827,#14903,#14952,#15001,#15050,#15077,#15153,#15202,
    #15229,#15235,#15243));
#17 = ADVANCED_FACE('',(#18),#32,.F.);
#18 = FACE_BOUND('',#19,.F.);
#19 = EDGE_LOOP('',(#20,#55,#84,#112,#140,#168));
#20 = ORIENTED_EDGE('',*,*,#21,.F.);
#21 = EDGE_CURVE('',#22,#24,#26,.T.);
#22 = VERTEX_POINT('',#23);
#23 = CARTESIAN_POINT('',(0.,50.,-0.1));
#24 = VERTEX_POINT('',#25);
#25 = CARTESIAN_POINT('',(0.,50.,0.1));
#26 = SURFACE_CURVE('',#27,(#31,#43),.PCURVE_S1.);
#27 = LINE('',#28,#29);
#28 = CARTESIAN_POINT('',(0.,50.,-1.));
#29 = VECTOR('',#30,1.);
#30 = DIRECTION('',(0.,0.,1.));
#31 = PCURVE('',#32,#37);
#32 = PLANE('',#33);
#33 = AXIS2_PLACEMENT_3D('',#34,#35,#36);
#34 = CARTESIAN_POINT('',(0.,50.,-1.));
#35 = DIRECTION('',(1.,0.,0.));
#36 = DIRECTION('',(0.,0.,1.));
#37 = DEFINITIONAL_REPRESENTATION('',(#38),#42);
#38 = LINE('',#39,#40);
#39 = CARTESIAN_POINT('',(0.,0.));
#40 = VECTOR('',#41,1.);
#41 = DIRECTION('',(1.,0.));
#42 = ( GEOMETRIC_REPRESENTATION_CONTEXT(2) 
PARAMETRIC_REPRESENTATION_CONTEXT() REPRESENTATION_CONTEXT('2D SPACE',''
  ) );
#43 = PCURVE('',#44,#49);
#44 = PLANE('',#45);
#45 = AXIS2_PLACEMENT_3D('',#46,#47,#48);
#46 = CARTESIAN_POINT('',(0.,50.,-1.));
#47 = DIRECTION('',(0.,1.,0.));
#48 = DIRECTION('',(0.,0.,1.));
#49 = DEFINITIONAL_REPRESENTATION('',(#50),#54);
#50 = LINE('',#51,#52);
#51 = CARTESIAN_POINT('',(0.,0.));
#52 = VECTOR('',#53,1.);
#53 = DIRECTION('',(1.,0.));
#54 = ( GEOMETRIC_REPRESENTATION_CONTEXT(2) 
PARAMETRIC_REPRESENTATION_CONTEXT() REPRESENTATION_CONTEXT('2D SPACE',''
  ) );
#55 = ORIENTED_EDGE('',*,*,#56,.T.);
#56 = EDGE_CURVE('',#22,#57,#59,.T.);
#57 = VERTEX_POINT('',#58);
#58 = CARTESIAN_POINT('',(0.,50.9,-1.));
#59 = SURFACE_CURVE('',#60,(#65,#72),.PCURVE_S1.);
#60 = CIRCLE('',#61,0.9);
#61 = AXIS2_PLACEMENT_3D('',#62,#63,#64);
#62 = CARTESIAN_POINT('',(0.,50.9,-0.1));
#63 = DIRECTION('',(1.,0.,0.));
#64 = DIRECTION('',(-0.,0.,1.));
#65 = PCURVE('',#32,#66);
#66 = DEFINITIONAL_REPRESENTATION('',(#67),#71);
#67 = CIRCLE('',#68,0.9);
#68 = AXIS2_PLACEMENT_2D('',#69,#70);
#69 = CARTESIAN_POINT('',(0.9,-0.9));
#70 = DIRECTION('',(1.,0.));
#71 = ( GEOMETRIC_REPRESENTATION_CONTEXT(2) 
PARAMETRIC_REPRESENTATION_CONTEXT() REPRESENTATION_CONTEXT('2D SPACE',''
  ) );
#72 = PCURVE('',#73,#78);
#73 = CYLINDRICAL_SURFACE('',#74,0.9);
#74 = AXIS2_PLACEMENT_3D('',#75,#76,#77);
#75 = CARTESIAN_POINT('',(0.,50.9,-0.1));
#76 = DIRECTION('',(1.,0.,0.));
#77 = DIRECTION('',(0.,-1.,0.));
#78 = DEFINITIONAL_REPRESENTATION('',(#79),#83);
#79 = LINE('',#80,#81);
#80 = CARTESIAN_POINT('',(-1.570796326795,0.));
#81 = VECTOR('',#82,1.);
#82 = DIRECTION('',(1.,0.));
#83 = ( GEOMETRIC_REPRESENTATION_CONTEXT(2) 
PARAMETRIC_REPRESENTATION_CONTEXT() REPRESENTATION_CONTEXT('2D SPACE',''
  ) );
#84 = ORIENTED_EDGE('',*,*,#85,.T.);
#85 = EDGE_CURVE('',#57,#86,#88,.T.);
#86 = VERTEX_POINT('',#87);
#87 = CARTESIAN_POINT('',(0.,54.,-1.));
#88 = SURFACE_CURVE('',#89,(#93,#100),.PCURVE_S1.);
#89 = LINE('',#90,#91);
#90 = CARTESIAN_POINT('',(0.,50.,-1.));
#91 = VECTOR('',#92,1.);
#92 = DIRECTION('',(0.,1.,0.));
#93 = PCURVE('',#32,#94);
#94 = DEFINITIONAL_REPRESENTATION('',(#95),#99);
#95 = LINE('',#96,#97);
#96 = CARTESIAN_POINT('',(0.,0.));
#97 = VECTOR('',#98,1.);
#98 = DIRECTION('',(0.,-1.));
#99 = ( GEOMETRIC_REPRESENTATION_CONTEXT(2) 
PARAMETRIC_REPRESENTATION_CONTEXT() REPRESENTATION_CONTEXT('2D SPACE',''
  ) );
#100 = PCURVE('',#101,#106);
#101 = PLANE('',#102);
#102 = AXIS2_PLACEMENT_3D('',#103,#104,#105);
#103 = CARTESIAN_POINT('',(0.,50.,-1.));
#104 = DIRECTION('',(0.,0.,1.));
#105 = DIRECTION('',(1.,0.,0.));
#106 = DEFINITIONAL_REPRESENTATION('',(#107),#111);
#107 = LINE('',#108,#109);
#108 = CARTESIAN_POINT('',(0.,0.));
#109 = VECTOR('',#110,1.);
#110 = DIRECTION('',(0.,1.));
#111 = ( GEOMETRIC_REPRESENTATION_CONTEXT(2) 
PARAMETRIC_REPRESENTATION_CONTEXT() REPRESENTATION_CONTEXT('2D SPACE',''
  ) );
#112 = ORIENTED_EDGE('',*,*,#113,.T.);
#113 = EDGE_CURVE('',#86,#114,#116,.T.);
#114 = VERTEX_POINT('',#115);
#115 = CARTESIAN_POINT('',(0.,56.,1.));
#116 = SURFACE_CURVE('',#117,(#121,#128),.PCURVE_S1.);
#117 = LINE('',#118,#119);
#118 = CARTESIAN_POINT('',(0.,54.,-1.));
#119 = VECTOR('',#120,1.);
#120 = DIRECTION('',(-0.,0.707106781187,0.707106781187));
#121 = PCURVE('',#32,#122);
#122 = DEFINITIONAL_REPRESENTATION('',(#123),#127);
#123 = LINE('',#124,#125);
#124 = CARTESIAN_POINT('',(0.,-4.));
#125 = VECTOR('',#126,1.);
#126 = DIRECTION('',(0.707106781187,-0.707106781187));
#127 = ( GEOMETRIC_REPRESENTATION_CONTEXT(2) 
PARAMETRIC_REPRESENTATION_CONTEXT() REPRESENTATION_CONTEXT('2D SPACE',''
  ) );
#128 = PCURVE('',#129,#134);
#129 = PLANE('',#130);
#130 = AXIS2_PLACEMENT_3D('',#131,#132,#133);
#131 = CARTESIAN_POINT('',(-2.,54.,-1.));
#132 = DIRECTION('',(-0.,0.707106781187,-0.707106781187));
#133 = DIRECTION('',(0.,-0.707106781187,-0.707106781187));
#134 = DEFINITIONAL_REPRESENTATION('',(#135),#139);
#135 = LINE('',#136,#137);
#136 = CARTESIAN_POINT('',(-0.,-2.));
#137 = VECTOR('',#138,1.);
#138 = DIRECTION('',(-1.,-0.));
#139 = ( GEOMETRIC_REPRESENTATION_CONTEXT(2) 
PARAMETRIC_REPRESENTATION_CONTEXT() REPRESENTATION_CONTEXT('2D SPACE',''
  ) );
#140 = ORIENTED_EDGE('',*,*,#141,.F.);
#141 = EDGE_CURVE('',#142,#114,#144,.T.);
#142 = VERTEX_POINT('',#143);
#143 = CARTESIAN_POINT('',(0.,50.9,1.));
#144 = SURFACE_CURVE('',#145,(#149,#156),.PCURVE_S1.);
#145 = LINE('',#146,#147);
#146 = CARTESIAN_POINT('',(0.,50.,1.));
#147 = VECTOR('',#148,1.);
#148 = DIRECTION('',(0.,1.,0.));
#149 = PCURVE('',#32,#150);
#150 = DEFINITIONAL_REPRESENTATION('',(#151),#155);
#151 = LINE('',#152,#153);
#152 = CARTESIAN_POINT('',(2.,0.));
#153 = VECTOR('',#154,1.);
#154 = DIRECTION('',(0.,-1.));
#155 = ( GEOMETRIC_REPRESENTATION_CONTEXT(2) 
PARAMETRIC_REPRESENTATION_CONTEXT() REPRESENTATION_CONTEXT('2D SPACE',''
  ) );
#156 = PCURVE('',#157,#162);
#157 = PLANE('',#158);
#158 = AXIS2_PLACEMENT_3D('',#159,#160,#161);
#159 = CARTESIAN_POINT('',(0.,50.,1.));
#160 = DIRECTION('',(0.,0.,1.));
#161 = DIRECTION('',(1.,0.,0.));
#162 = DEFINITIONAL_REPRESENTATION('',(#163),#167);
#163 = LINE('',#164,#165);
#164 = CARTESIAN_POINT('',(0.,0.));
#165 = VECTOR('',#166,1.);
#166 = DIRECTION('',(0.,1.));
#167 = ( GEOMETRIC_REPRESENTATION_CONTEXT(2) 
PARAMETRIC_REPRESENTATION_CONTEXT() REPRESENTATION_CONTEXT('2D SPACE',''
  ) );
#168 = ORIENTED_EDGE('',*,*,#169,.F.);
#169 = EDGE_CURVE('',#24,#142,#170,.T.);
#170 = SURFACE_CURVE('',#171,(#176,#187),.PCURVE_S1.);
#171 = CIRCLE('',#172,0.9);
#172 = AXIS2_PLACEMENT_3D('',#173,#174,#175);
#173 = CARTESIAN_POINT('',(0.,50.9,0.1));
#174 = DIRECTION('',(-1.,0.,-0.));
#175 = DIRECTION('',(-0.,0.,1.));
#176 = PCURVE('',#32,#177);
#177 = DEFINITIONAL_REPRESENTATION('',(#178),#186);
#178 = ( BOUNDED_CURVE() B_SPLINE_CURVE(2,(#179,#180,#181,#182,#183,#184
,#185),.UNSPECIFIED.,.T.,.F.) B_SPLINE_CURVE_WITH_KNOTS((1,2,2,2,2,1),(
    -2.094395102393,0.,2.094395102393,4.188790204786,6.28318530718,
8.377580409573),.UNSPECIFIED.) CURVE() GEOMETRIC_REPRESENTATION_ITEM() 
RATIONAL_B_SPLINE_CURVE((1.,0.5,1.,0.5,1.,0.5,1.)) REPRESENTATION_ITEM(
  '') );
#179 = CARTESIAN_POINT('',(2.,-0.9));
#180 = CARTESIAN_POINT('',(2.,-2.458845726812));
#181 = CARTESIAN_POINT('',(0.65,-1.679422863406));
#182 = CARTESIAN_POINT('',(-0.7,-0.9));
#183 = CARTESIAN_POINT('',(0.65,-0.120577136594));
#184 = CARTESIAN_POINT('',(2.,0.658845726812));
#185 = CARTESIAN_POINT('',(2.,-0.9));
#186 = ( GEOMETRIC_REPRESENTATION_CONTEXT(2) 
PARAMETRIC_REPRESENTATION_CONTEXT() REPRESENTATION_CONTEXT('2D SPACE',''
  ) );
#187 = PCURVE('',#188,#193);
#188 = CYLINDRICAL_SURFACE('',#189,0.9);
#189 = AXIS2_PLACEMENT_3D('',#190,#191,#192);
#190 = CARTESIAN_POINT('',(0.,50.9,0.1));
#191 = DIRECTION('',(1.,0.,0.));
#192 = DIRECTION('',(0.,-1.,0.));
#193 = DEFINITIONAL_REPRESENTATION('',(#194),#198);
#194 = LINE('',#195,#196);
#195 = CARTESIAN_POINT('',(4.712388980385,-0.));
#196 = VECTOR('',#197,1.);
#197 = DIRECTION('',(-1.,0.));
#198 = ( GEOMETRIC_REPRESENTATION_CONTEXT(2) 
PARAMETRIC_REPRESENTATION_CONTEXT() REPRESENTATION_CONTEXT('2D SPACE',''
  ) );
#199 = ADVANCED_FACE('',(#200),#44,.F.);
#200 = FACE_BOUND('',#201,.F.);
#201 = EDGE_LOOP('',(#202,#232,#253,#254));
#202 = ORIENTED_EDGE('',*,*,#203,.F.);
#203 = EDGE_CURVE('',#204,#206,#208,.T.);
#204 = VERTEX_POINT('',#205);
#205 = CARTESIAN_POINT('',(64.,50.,-0.1));
#206 = VERTEX_POINT('',#207);
#207 = CARTESIAN_POINT('',(64.,50.,0.1));
#208 = SURFACE_CURVE('',#209,(#213,#220),.PCURVE_S1.);
#209 = LINE('',#210,#211);
#210 = CARTESIAN_POINT('',(64.,50.,-1.));
#211 = VECTOR('',#212,1.);
#212 = DIRECTION('',(0.,0.,1.));
#213 = PCURVE('',#44,#214);
#214 = DEFINITIONAL_REPRESENTATION('',(#215),#219);
#215 = LINE('',#216,#217);
#216 = CARTESIAN_POINT('',(0.,64.));
#217 = VECTOR('',#218,1.);
#218 = DIRECTION('',(1.,0.));
#219 = ( GEOMETRIC_REPRESENTATION_CONTEXT(2) 
PARAMETRIC_REPRESENTATION_CONTEXT() REPRESENTATION_CONTEXT('2D SPACE',''
  ) );
#220 = PCURVE('',#221,#226);
#221 = PLANE('',#222);
#222 = AXIS2_PLACEMENT_3D('',#223,#224,#225);
#223 = CARTESIAN_POINT('',(64.,50.,-1.));
#224 = DIRECTION('',(1.,0.,0.));
#225 = DIRECTION('',(0.,0.,1.));
#226 = DEFINITIONAL_REPRESENTATION('',(#227),#231);
#227 = LINE('',#228,#229);
#228 = CARTESIAN_POINT('',(0.,0.));
#229 = VECTOR('',#230,1.);
#230 = DIRECTION('',(1.,0.));
#231 = ( GEOMETRIC_REPRESENTATION_CONTEXT(2) 
PARAMETRIC_REPRESENTATION_CONTEXT() REPRESENTATION_CONTEXT('2D SPACE',''
  ) );
#232 = ORIENTED_EDGE('',*,*,#233,.F.);
#233 = EDGE_CURVE('',#22,#204,#234,.T.);
#234 = SURFACE_CURVE('',#235,(#239,#246),.PCURVE_S1.);
#235 = LINE('',#236,#237);
#236 = CARTESIAN_POINT('',(0.,50.,-0.1));
#237 = VECTOR('',#238,1.);
#238 = DIRECTION('',(1.,0.,0.));
#239 = PCURVE('',#44,#240);
#240 = DEFINITIONAL_REPRESENTATION('',(#241),#245);
#241 = LINE('',#242,#243);
#242 = CARTESIAN_POINT('',(0.9,0.));
#243 = VECTOR('',#244,1.);
#244 = DIRECTION('',(0.,1.));
#245 = ( GEOMETRIC_REPRESENTATION_CONTEXT(2) 
PARAMETRIC_REPRESENTATION_CONTEXT() REPRESENTATION_CONTEXT('2D SPACE',''
  ) );
#246 = PCURVE('',#73,#247);
#247 = DEFINITIONAL_REPRESENTATION('',(#248),#252);
#248 = LINE('',#249,#250);
#249 = CARTESIAN_POINT('',(0.,0.));
#250 = VECTOR('',#251,1.);
#251 = DIRECTION('',(0.,1.));
#252 = ( GEOMETRIC_REPRESENTATION_CONTEXT(2) 
PARAMETRIC_REPRESENTATION_CONTEXT() REPRESENTATION_CONTEXT('2D SPACE',''
  ) );
#253 = ORIENTED_EDGE('',*,*,#21,.T.);
#254 = ORIENTED_EDGE('',*,*,#255,.T.);
#255 = EDGE_CURVE('',#24,#206,#256,.T.);
#256 = SURFACE_CURVE('',#257,(#261,#268),.PCURVE_S1.);
#257 = LINE('',#258,#259);
#258 = CARTESIAN_POINT('',(0.,50.,0.1));
#259 = VECTOR('',#260,1.);
#260 = DIRECTION('',(1.,0.,0.));
#261 = PCURVE('',#44,#262);
#262 = DEFINITIONAL_REPRESENTATION('',(#263),#267);
#263 = LINE('',#264,#265);
#264 = CARTESIAN_POINT('',(1.1,0.));
#265 = VECTOR('',#266,1.);
#266 = DIRECTION('',(0.,1.));
#267 = ( GEOMETRIC_REPRESENTATION_CONTEXT(2) 
PARAMETRIC_REPRESENTATION_CONTEXT() REPRESENTATION_CONTEXT('2D SPACE',''
  ) );
#268 = PCURVE('',#188,#269);
#269 = DEFINITIONAL_REPRESENTATION('',(#270),#274);
#270 = LINE('',#271,#272);
#271 = CARTESIAN_POINT('',(-0.,0.));
#272 = VECTOR('',#273,1.);
#273 = DIRECTION('',(-0.,1.));
#274 = ( GEOMETRIC_REPRESENTATION_CONTEXT(2) 
PARAMETRIC_REPRESENTATION_CONTEXT() REPRESENTATION_CONTEXT('2D SPACE',''
  ) );
#275 = ADVANCED_FACE('',(#276),#188,.T.);
#276 = FACE_BOUND('',#277,.F.);
#277 = EDGE_LOOP('',(#278,#279,#302,#328));
#278 = ORIENTED_EDGE('',*,*,#169,.T.);
#279 = ORIENTED_EDGE('',*,*,#280,.T.);
#280 = EDGE_CURVE('',#142,#281,#283,.T.);
#281 = VERTEX_POINT('',#282);
#282 = CARTESIAN_POINT('',(64.,50.9,1.));
#283 = SURFACE_CURVE('',#284,(#288,#295),.PCURVE_S1.);
#284 = LINE('',#285,#286);
#285 = CARTESIAN_POINT('',(0.,50.9,1.));
#286 = VECTOR('',#287,1.);
#287 = DIRECTION('',(1.,0.,0.));
#288 = PCURVE('',#188,#289);
#289 = DEFINITIONAL_REPRESENTATION('',(#290),#294);
#290 = LINE('',#291,#292);
#291 = CARTESIAN_POINT('',(-1.570796326795,0.));
#292 = VECTOR('',#293,1.);
#293 = DIRECTION('',(-0.,1.));
#294 = ( GEOMETRIC_REPRESENTATION_CONTEXT(2) 
PARAMETRIC_REPRESENTATION_CONTEXT() REPRESENTATION_CONTEXT('2D SPACE',''
  ) );
#295 = PCURVE('',#157,#296);
#296 = DEFINITIONAL_REPRESENTATION('',(#297),#301);
#297 = LINE('',#298,#299);
#298 = CARTESIAN_POINT('',(0.,0.9));
#299 = VECTOR('',#300,1.);
#300 = DIRECTION('',(1.,0.));
#301 = ( GEOMETRIC_REPRESENTATION_CONTEXT(2) 
PARAMETRIC_REPRESENTATION_CONTEXT() REPRESENTATION_CONTEXT('2D SPACE',''
  ) );
#302 = ORIENTED_EDGE('',*,*,#303,.F.);
#303 = EDGE_CURVE('',#206,#281,#304,.T.);
#304 = SURFACE_CURVE('',#305,(#310,#317),.PCURVE_S1.);
#305 = CIRCLE('',#306,0.9);
#306 = AXIS2_PLACEMENT_3D('',#307,#308,#309);
#307 = CARTESIAN_POINT('',(64.,50.9,0.1));
#308 = DIRECTION('',(-1.,0.,-0.));
#309 = DIRECTION('',(-0.,0.,1.));
#310 = PCURVE('',#188,#311);
#311 = DEFINITIONAL_REPRESENTATION('',(#312),#316);
#312 = LINE('',#313,#314);
#313 = CARTESIAN_POINT('',(4.712388980385,64.));
#314 = VECTOR('',#315,1.);
#315 = DIRECTION('',(-1.,0.));
#316 = ( GEOMETRIC_REPRESENTATION_CONTEXT(2) 
PARAMETRIC_REPRESENTATION_CONTEXT() REPRESENTATION_CONTEXT('2D SPACE',''
  ) );
#317 = PCURVE('',#221,#318);
#318 = DEFINITIONAL_REPRESENTATION('',(#319),#327);
#319 = ( BOUNDED_CURVE() B_SPLINE_CURVE(2,(#320,#321,#322,#323,#324,#325
,#326),.UNSPECIFIED.,.T.,.F.) B_SPLINE_CURVE_WITH_KNOTS((1,2,2,2,2,1),(
    -2.094395102393,0.,2.094395102393,4.188790204786,6.28318530718,
8.377580409573),.UNSPECIFIED.) CURVE() GEOMETRIC_REPRESENTATION_ITEM() 
RATIONAL_B_SPLINE_CURVE((1.,0.5,1.,0.5,1.,0.5,1.)) REPRESENTATION_ITEM(
  '') );
#320 = CARTESIAN_POINT('',(2.,-0.9));
#321 = CARTESIAN_POINT('',(2.,-2.458845726812));
#322 = CARTESIAN_POINT('',(0.65,-1.679422863406));
#323 = CARTESIAN_POINT('',(-0.7,-0.9));
#324 = CARTESIAN_POINT('',(0.65,-0.120577136594));
#325 = CARTESIAN_POINT('',(2.,0.658845726812));
#326 = CARTESIAN_POINT('',(2.,-0.9));
#327 = ( GEOMETRIC_REPRESENTATION_CONTEXT(2) 
PARAMETRIC_REPRESENTATION_CONTEXT() REPRESENTATION_CONTEXT('2D SPACE',''
  ) );
#328 = ORIENTED_EDGE('',*,*,#255,.F.);
#329 = ADVANCED_FACE('',(#330,#602,#1370,#1680,#1850,#2048,#2278,#2580,
    #2751,#2786,#3554,#3864,#4034,#4264,#5032),#157,.T.);
#330 = FACE_BOUND('',#331,.T.);
#331 = EDGE_LOOP('',(#332,#333,#334,#357,#385,#413,#441,#469,#497,#525,
    #553,#581));
#332 = ORIENTED_EDGE('',*,*,#141,.F.);
#333 = ORIENTED_EDGE('',*,*,#280,.T.);
#334 = ORIENTED_EDGE('',*,*,#335,.T.);
#335 = EDGE_CURVE('',#281,#336,#338,.T.);
#336 = VERTEX_POINT('',#337);
#337 = CARTESIAN_POINT('',(64.,56.,1.));
#338 = SURFACE_CURVE('',#339,(#343,#350),.PCURVE_S1.);
#339 = LINE('',#340,#341);
#340 = CARTESIAN_POINT('',(64.,50.,1.));
#341 = VECTOR('',#342,1.);
#342 = DIRECTION('',(0.,1.,0.));
#343 = PCURVE('',#157,#344);
#344 = DEFINITIONAL_REPRESENTATION('',(#345),#349);
#345 = LINE('',#346,#347);
#346 = CARTESIAN_POINT('',(64.,0.));
#347 = VECTOR('',#348,1.);
#348 = DIRECTION('',(0.,1.));
#349 = ( GEOMETRIC_REPRESENTATION_CONTEXT(2) 
PARAMETRIC_REPRESENTATION_CONTEXT() REPRESENTATION_CONTEXT('2D SPACE',''
  ) );
#350 = PCURVE('',#221,#351);
#351 = DEFINITIONAL_REPRESENTATION('',(#352),#356);
#352 = LINE('',#353,#354);
#353 = CARTESIAN_POINT('',(2.,0.));
#354 = VECTOR('',#355,1.);
#355 = DIRECTION('',(0.,-1.));
#356 = ( GEOMETRIC_REPRESENTATION_CONTEXT(2) 
PARAMETRIC_REPRESENTATION_CONTEXT() REPRESENTATION_CONTEXT('2D SPACE',''
  ) );
#357 = ORIENTED_EDGE('',*,*,#358,.F.);
#358 = EDGE_CURVE('',#359,#336,#361,.T.);
#359 = VERTEX_POINT('',#360);
#360 = CARTESIAN_POINT('',(66.,56.,1.));
#361 = SURFACE_CURVE('',#362,(#366,#373),.PCURVE_S1.);
#362 = LINE('',#363,#364);
#363 = CARTESIAN_POINT('',(66.,56.,1.));
#364 = VECTOR('',#365,1.);
#365 = DIRECTION('',(-1.,0.,0.));
#366 = PCURVE('',#157,#367);
#367 = DEFINITIONAL_REPRESENTATION('',(#368),#372);
#368 = LINE('',#369,#370);
#369 = CARTESIAN_POINT('',(66.,6.));
#370 = VECTOR('',#371,1.);
#371 = DIRECTION('',(-1.,0.));
#372 = ( GEOMETRIC_REPRESENTATION_CONTEXT(2) 
PARAMETRIC_REPRESENTATION_CONTEXT() REPRESENTATION_CONTEXT('2D SPACE',''
  ) );
#373 = PCURVE('',#374,#379);
#374 = PLANE('',#375);
#375 = AXIS2_PLACEMENT_3D('',#376,#377,#378);
#376 = CARTESIAN_POINT('',(66.,54.,-1.));
#377 = DIRECTION('',(0.,0.707106781187,-0.707106781187));
#378 = DIRECTION('',(0.,0.707106781187,0.707106781187));
#379 = DEFINITIONAL_REPRESENTATION('',(#380),#384);
#380 = LINE('',#381,#382);
#381 = CARTESIAN_POINT('',(2.828427124746,0.));
#382 = VECTOR('',#383,1.);
#383 = DIRECTION('',(0.,-1.));
#384 = ( GEOMETRIC_REPRESENTATION_CONTEXT(2) 
PARAMETRIC_REPRESENTATION_CONTEXT() REPRESENTATION_CONTEXT('2D SPACE',''
  ) );
#385 = ORIENTED_EDGE('',*,*,#386,.T.);
#386 = EDGE_CURVE('',#359,#387,#389,.T.);
#387 = VERTEX_POINT('',#388);
#388 = CARTESIAN_POINT('',(66.,64.,1.));
#389 = SURFACE_CURVE('',#390,(#394,#401),.PCURVE_S1.);
#390 = LINE('',#391,#392);
#391 = CARTESIAN_POINT('',(66.,56.,1.));
#392 = VECTOR('',#393,1.);
#393 = DIRECTION('',(0.,1.,0.));
#394 = PCURVE('',#157,#395);
#395 = DEFINITIONAL_REPRESENTATION('',(#396),#400);
#396 = LINE('',#397,#398);
#397 = CARTESIAN_POINT('',(66.,6.));
#398 = VECTOR('',#399,1.);
#399 = DIRECTION('',(0.,1.));
#400 = ( GEOMETRIC_REPRESENTATION_CONTEXT(2) 
PARAMETRIC_REPRESENTATION_CONTEXT() REPRESENTATION_CONTEXT('2D SPACE',''
  ) );
#401 = PCURVE('',#402,#407);
#402 = PLANE('',#403);
#403 = AXIS2_PLACEMENT_3D('',#404,#405,#406);
#404 = CARTESIAN_POINT('',(66.,60.,-0.155903758158));
#405 = DIRECTION('',(-1.,-0.,-0.));
#406 = DIRECTION('',(0.,0.,-1.));
#407 = DEFINITIONAL_REPRESENTATION('',(#408),#412);
#408 = LINE('',#409,#410);
#409 = CARTESIAN_POINT('',(-1.155903758158,4.));
#410 = VECTOR('',#411,1.);
#411 = DIRECTION('',(0.,-1.));
#412 = ( GEOMETRIC_REPRESENTATION_CONTEXT(2) 
PARAMETRIC_REPRESENTATION_CONTEXT() REPRESENTATION_CONTEXT('2D SPACE',''
  ) );
#413 = ORIENTED_EDGE('',*,*,#414,.T.);
#414 = EDGE_CURVE('',#387,#415,#417,.T.);
#415 = VERTEX_POINT('',#416);
#416 = CARTESIAN_POINT('',(64.,64.,1.));
#417 = SURFACE_CURVE('',#418,(#422,#429),.PCURVE_S1.);
#418 = LINE('',#419,#420);
#419 = CARTESIAN_POINT('',(66.,64.,1.));
#420 = VECTOR('',#421,1.);
#421 = DIRECTION('',(-1.,0.,0.));
#422 = PCURVE('',#157,#423);
#423 = DEFINITIONAL_REPRESENTATION('',(#424),#428);
#424 = LINE('',#425,#426);
#425 = CARTESIAN_POINT('',(66.,14.));
#426 = VECTOR('',#427,1.);
#427 = DIRECTION('',(-1.,0.));
#428 = ( GEOMETRIC_REPRESENTATION_CONTEXT(2) 
PARAMETRIC_REPRESENTATION_CONTEXT() REPRESENTATION_CONTEXT('2D SPACE',''
  ) );
#429 = PCURVE('',#430,#435);
#430 = PLANE('',#431);
#431 = AXIS2_PLACEMENT_3D('',#432,#433,#434);
#432 = CARTESIAN_POINT('',(66.,64.,1.));
#433 = DIRECTION('',(-0.,-0.707106781187,-0.707106781187));
#434 = DIRECTION('',(0.,0.707106781187,-0.707106781187));
#435 = DEFINITIONAL_REPRESENTATION('',(#436),#440);
#436 = LINE('',#437,#438);
#437 = CARTESIAN_POINT('',(0.,0.));
#438 = VECTOR('',#439,1.);
#439 = DIRECTION('',(0.,-1.));
#440 = ( GEOMETRIC_REPRESENTATION_CONTEXT(2) 
PARAMETRIC_REPRESENTATION_CONTEXT() REPRESENTATION_CONTEXT('2D SPACE',''
  ) );
#441 = ORIENTED_EDGE('',*,*,#442,.T.);
#442 = EDGE_CURVE('',#415,#443,#445,.T.);
#443 = VERTEX_POINT('',#444);
#444 = CARTESIAN_POINT('',(64.,69.1,1.));
#445 = SURFACE_CURVE('',#446,(#450,#457),.PCURVE_S1.);
#446 = LINE('',#447,#448);
#447 = CARTESIAN_POINT('',(64.,50.,1.));
#448 = VECTOR('',#449,1.);
#449 = DIRECTION('',(0.,1.,0.));
#450 = PCURVE('',#157,#451);
#451 = DEFINITIONAL_REPRESENTATION('',(#452),#456);
#452 = LINE('',#453,#454);
#453 = CARTESIAN_POINT('',(64.,0.));
#454 = VECTOR('',#455,1.);
#455 = DIRECTION('',(0.,1.));
#456 = ( GEOMETRIC_REPRESENTATION_CONTEXT(2) 
PARAMETRIC_REPRESENTATION_CONTEXT() REPRESENTATION_CONTEXT('2D SPACE',''
  ) );
#457 = PCURVE('',#458,#463);
#458 = PLANE('',#459);
#459 = AXIS2_PLACEMENT_3D('',#460,#461,#462);
#460 = CARTESIAN_POINT('',(64.,50.,-1.));
#461 = DIRECTION('',(1.,0.,0.));
#462 = DIRECTION('',(0.,0.,1.));
#463 = DEFINITIONAL_REPRESENTATION('',(#464),#468);
#464 = LINE('',#465,#466);
#465 = CARTESIAN_POINT('',(2.,0.));
#466 = VECTOR('',#467,1.);
#467 = DIRECTION('',(0.,-1.));
#468 = ( GEOMETRIC_REPRESENTATION_CONTEXT(2) 
PARAMETRIC_REPRESENTATION_CONTEXT() REPRESENTATION_CONTEXT('2D SPACE',''
  ) );
#469 = ORIENTED_EDGE('',*,*,#470,.F.);
#470 = EDGE_CURVE('',#471,#443,#473,.T.);
#471 = VERTEX_POINT('',#472);
#472 = CARTESIAN_POINT('',(0.,69.1,1.));
#473 = SURFACE_CURVE('',#474,(#478,#485),.PCURVE_S1.);
#474 = LINE('',#475,#476);
#475 = CARTESIAN_POINT('',(0.,69.1,1.));
#476 = VECTOR('',#477,1.);
#477 = DIRECTION('',(1.,0.,0.));
#478 = PCURVE('',#157,#479);
#479 = DEFINITIONAL_REPRESENTATION('',(#480),#484);
#480 = LINE('',#481,#482);
#481 = CARTESIAN_POINT('',(0.,19.1));
#482 = VECTOR('',#483,1.);
#483 = DIRECTION('',(1.,0.));
#484 = ( GEOMETRIC_REPRESENTATION_CONTEXT(2) 
PARAMETRIC_REPRESENTATION_CONTEXT() REPRESENTATION_CONTEXT('2D SPACE',''
  ) );
#485 = PCURVE('',#486,#491);
#486 = CYLINDRICAL_SURFACE('',#487,0.9);
#487 = AXIS2_PLACEMENT_3D('',#488,#489,#490);
#488 = CARTESIAN_POINT('',(0.,69.1,0.1));
#489 = DIRECTION('',(1.,0.,0.));
#490 = DIRECTION('',(-0.,1.,0.));
#491 = DEFINITIONAL_REPRESENTATION('',(#492),#496);
#492 = LINE('',#493,#494);
#493 = CARTESIAN_POINT('',(1.570796326795,0.));
#494 = VECTOR('',#495,1.);
#495 = DIRECTION('',(0.,1.));
#496 = ( GEOMETRIC_REPRESENTATION_CONTEXT(2) 
PARAMETRIC_REPRESENTATION_CONTEXT() REPRESENTATION_CONTEXT('2D SPACE',''
  ) );
#497 = ORIENTED_EDGE('',*,*,#498,.F.);
#498 = EDGE_CURVE('',#499,#471,#501,.T.);
#499 = VERTEX_POINT('',#500);
#500 = CARTESIAN_POINT('',(0.,64.,1.));
#501 = SURFACE_CURVE('',#502,(#506,#513),.PCURVE_S1.);
#502 = LINE('',#503,#504);
#503 = CARTESIAN_POINT('',(0.,50.,1.));
#504 = VECTOR('',#505,1.);
#505 = DIRECTION('',(0.,1.,0.));
#506 = PCURVE('',#157,#507);
#507 = DEFINITIONAL_REPRESENTATION('',(#508),#512);
#508 = LINE('',#509,#510);
#509 = CARTESIAN_POINT('',(0.,0.));
#510 = VECTOR('',#511,1.);
#511 = DIRECTION('',(0.,1.));
#512 = ( GEOMETRIC_REPRESENTATION_CONTEXT(2) 
PARAMETRIC_REPRESENTATION_CONTEXT() REPRESENTATION_CONTEXT('2D SPACE',''
  ) );
#513 = PCURVE('',#514,#519);
#514 = PLANE('',#515);
#515 = AXIS2_PLACEMENT_3D('',#516,#517,#518);
#516 = CARTESIAN_POINT('',(0.,50.,-1.));
#517 = DIRECTION('',(1.,0.,0.));
#518 = DIRECTION('',(0.,0.,1.));
#519 = DEFINITIONAL_REPRESENTATION('',(#520),#524);
#520 = LINE('',#521,#522);
#521 = CARTESIAN_POINT('',(2.,0.));
#522 = VECTOR('',#523,1.);
#523 = DIRECTION('',(0.,-1.));
#524 = ( GEOMETRIC_REPRESENTATION_CONTEXT(2) 
PARAMETRIC_REPRESENTATION_CONTEXT() REPRESENTATION_CONTEXT('2D SPACE',''
  ) );
#525 = ORIENTED_EDGE('',*,*,#526,.F.);
#526 = EDGE_CURVE('',#527,#499,#529,.T.);
#527 = VERTEX_POINT('',#528);
#528 = CARTESIAN_POINT('',(-2.,64.,1.));
#529 = SURFACE_CURVE('',#530,(#534,#541),.PCURVE_S1.);
#530 = LINE('',#531,#532);
#531 = CARTESIAN_POINT('',(-2.,64.,1.));
#532 = VECTOR('',#533,1.);
#533 = DIRECTION('',(1.,-0.,-0.));
#534 = PCURVE('',#157,#535);
#535 = DEFINITIONAL_REPRESENTATION('',(#536),#540);
#536 = LINE('',#537,#538);
#537 = CARTESIAN_POINT('',(-2.,14.));
#538 = VECTOR('',#539,1.);
#539 = DIRECTION('',(1.,0.));
#540 = ( GEOMETRIC_REPRESENTATION_CONTEXT(2) 
PARAMETRIC_REPRESENTATION_CONTEXT() REPRESENTATION_CONTEXT('2D SPACE',''
  ) );
#541 = PCURVE('',#542,#547);
#542 = PLANE('',#543);
#543 = AXIS2_PLACEMENT_3D('',#544,#545,#546);
#544 = CARTESIAN_POINT('',(-2.,64.,1.));
#545 = DIRECTION('',(0.,-0.707106781187,-0.707106781187));
#546 = DIRECTION('',(0.,-0.707106781187,0.707106781187));
#547 = DEFINITIONAL_REPRESENTATION('',(#548),#552);
#548 = LINE('',#549,#550);
#549 = CARTESIAN_POINT('',(-0.,-0.));
#550 = VECTOR('',#551,1.);
#551 = DIRECTION('',(-0.,-1.));
#552 = ( GEOMETRIC_REPRESENTATION_CONTEXT(2) 
PARAMETRIC_REPRESENTATION_CONTEXT() REPRESENTATION_CONTEXT('2D SPACE',''
  ) );
#553 = ORIENTED_EDGE('',*,*,#554,.F.);
#554 = EDGE_CURVE('',#555,#527,#557,.T.);
#555 = VERTEX_POINT('',#556);
#556 = CARTESIAN_POINT('',(-2.,56.,1.));
#557 = SURFACE_CURVE('',#558,(#562,#569),.PCURVE_S1.);
#558 = LINE('',#559,#560);
#559 = CARTESIAN_POINT('',(-2.,56.,1.));
#560 = VECTOR('',#561,1.);
#561 = DIRECTION('',(-0.,1.,-0.));
#562 = PCURVE('',#157,#563);
#563 = DEFINITIONAL_REPRESENTATION('',(#564),#568);
#564 = LINE('',#565,#566);
#565 = CARTESIAN_POINT('',(-2.,6.));
#566 = VECTOR('',#567,1.);
#567 = DIRECTION('',(0.,1.));
#568 = ( GEOMETRIC_REPRESENTATION_CONTEXT(2) 
PARAMETRIC_REPRESENTATION_CONTEXT() REPRESENTATION_CONTEXT('2D SPACE',''
  ) );
#569 = PCURVE('',#570,#575);
#570 = PLANE('',#571);
#571 = AXIS2_PLACEMENT_3D('',#572,#573,#574);
#572 = CARTESIAN_POINT('',(-2.,60.,-0.155903758158));
#573 = DIRECTION('',(1.,-0.,-0.));
#574 = DIRECTION('',(0.,0.,1.));
#575 = DEFINITIONAL_REPRESENTATION('',(#576),#580);
#576 = LINE('',#577,#578);
#577 = CARTESIAN_POINT('',(1.155903758158,4.));
#578 = VECTOR('',#579,1.);
#579 = DIRECTION('',(-0.,-1.));
#580 = ( GEOMETRIC_REPRESENTATION_CONTEXT(2) 
PARAMETRIC_REPRESENTATION_CONTEXT() REPRESENTATION_CONTEXT('2D SPACE',''
  ) );
#581 = ORIENTED_EDGE('',*,*,#582,.T.);
#582 = EDGE_CURVE('',#555,#114,#583,.T.);
#583 = SURFACE_CURVE('',#584,(#588,#595),.PCURVE_S1.);
#584 = LINE('',#585,#586);
#585 = CARTESIAN_POINT('',(-2.,56.,1.));
#586 = VECTOR('',#587,1.);
#587 = DIRECTION('',(1.,-0.,-0.));
#588 = PCURVE('',#157,#589);
#589 = DEFINITIONAL_REPRESENTATION('',(#590),#594);
#590 = LINE('',#591,#592);
#591 = CARTESIAN_POINT('',(-2.,6.));
#592 = VECTOR('',#593,1.);
#593 = DIRECTION('',(1.,0.));
#594 = ( GEOMETRIC_REPRESENTATION_CONTEXT(2) 
PARAMETRIC_REPRESENTATION_CONTEXT() REPRESENTATION_CONTEXT('2D SPACE',''
  ) );
#595 = PCURVE('',#129,#596);
#596 = DEFINITIONAL_REPRESENTATION('',(#597),#601);
#597 = LINE('',#598,#599);
#598 = CARTESIAN_POINT('',(-2.828427124746,-0.));
#599 = VECTOR('',#600,1.);
#600 = DIRECTION('',(-0.,-1.));
#601 = ( GEOMETRIC_REPRESENTATION_CONTEXT(2) 
PARAMETRIC_REPRESENTATION_CONTEXT() REPRESENTATION_CONTEXT('2D SPACE',''
  ) );
#602 = FACE_BOUND('',#603,.T.);
#603 = EDGE_LOOP('',(#604,#634,#662,#690,#718,#746,#776,#806,#836,#866,
    #896,#926,#956,#986,#1016,#1046,#1076,#1106,#1134,#1164,#1194,#1224,
    #1254,#1284,#1314,#1344));
#604 = ORIENTED_EDGE('',*,*,#605,.T.);
#605 = EDGE_CURVE('',#606,#608,#610,.T.);
#606 = VERTEX_POINT('',#607);
#607 = CARTESIAN_POINT('',(2.93599609375,57.1380078125,1.));
#608 = VERTEX_POINT('',#609);
#609 = CARTESIAN_POINT('',(3.25400390625,59.45400390625,1.));
#610 = SURFACE_CURVE('',#611,(#615,#622),.PCURVE_S1.);
#611 = LINE('',#612,#613);
#612 = CARTESIAN_POINT('',(2.93599609375,57.1380078125,1.));
#613 = VECTOR('',#614,1.);
#614 = DIRECTION('',(0.136032920634,0.990704317394,0.));
#615 = PCURVE('',#157,#616);
#616 = DEFINITIONAL_REPRESENTATION('',(#617),#621);
#617 = LINE('',#618,#619);
#618 = CARTESIAN_POINT('',(2.93599609375,7.1380078125));
#619 = VECTOR('',#620,1.);
#620 = DIRECTION('',(0.136032920634,0.990704317394));
#621 = ( GEOMETRIC_REPRESENTATION_CONTEXT(2) 
PARAMETRIC_REPRESENTATION_CONTEXT() REPRESENTATION_CONTEXT('2D SPACE',''
  ) );
#622 = PCURVE('',#623,#628);
#623 = PLANE('',#624);
#624 = AXIS2_PLACEMENT_3D('',#625,#626,#627);
#625 = CARTESIAN_POINT('',(2.93599609375,57.1380078125,1.));
#626 = DIRECTION('',(-0.990704317394,0.136032920634,0.));
#627 = DIRECTION('',(0.136032920634,0.990704317394,0.));
#628 = DEFINITIONAL_REPRESENTATION('',(#629),#633);
#629 = LINE('',#630,#631);
#630 = CARTESIAN_POINT('',(7.160199064583E-15,0.));
#631 = VECTOR('',#632,1.);
#632 = DIRECTION('',(1.,0.));
#633 = ( GEOMETRIC_REPRESENTATION_CONTEXT(2) 
PARAMETRIC_REPRESENTATION_CONTEXT() REPRESENTATION_CONTEXT('2D SPACE',''
  ) );
#634 = ORIENTED_EDGE('',*,*,#635,.T.);
#635 = EDGE_CURVE('',#608,#636,#638,.T.);
#636 = VERTEX_POINT('',#637);
#637 = CARTESIAN_POINT('',(5.45,59.45400390625,1.));
#638 = SURFACE_CURVE('',#639,(#643,#650),.PCURVE_S1.);
#639 = LINE('',#640,#641);
#640 = CARTESIAN_POINT('',(3.25400390625,59.45400390625,1.));
#641 = VECTOR('',#642,1.);
#642 = DIRECTION('',(1.,0.,0.));
#643 = PCURVE('',#157,#644);
#644 = DEFINITIONAL_REPRESENTATION('',(#645),#649);
#645 = LINE('',#646,#647);
#646 = CARTESIAN_POINT('',(3.25400390625,9.45400390625));
#647 = VECTOR('',#648,1.);
#648 = DIRECTION('',(1.,0.));
#649 = ( GEOMETRIC_REPRESENTATION_CONTEXT(2) 
PARAMETRIC_REPRESENTATION_CONTEXT() REPRESENTATION_CONTEXT('2D SPACE',''
  ) );
#650 = PCURVE('',#651,#656);
#651 = PLANE('',#652);
#652 = AXIS2_PLACEMENT_3D('',#653,#654,#655);
#653 = CARTESIAN_POINT('',(3.25400390625,59.45400390625,1.));
#654 = DIRECTION('',(0.,1.,0.));
#655 = DIRECTION('',(1.,0.,0.));
#656 = DEFINITIONAL_REPRESENTATION('',(#657),#661);
#657 = LINE('',#658,#659);
#658 = CARTESIAN_POINT('',(-1.7763568394E-15,0.));
#659 = VECTOR('',#660,1.);
#660 = DIRECTION('',(1.,0.));
#661 = ( GEOMETRIC_REPRESENTATION_CONTEXT(2) 
PARAMETRIC_REPRESENTATION_CONTEXT() REPRESENTATION_CONTEXT('2D SPACE',''
  ) );
#662 = ORIENTED_EDGE('',*,*,#663,.T.);
#663 = EDGE_CURVE('',#636,#664,#666,.T.);
#664 = VERTEX_POINT('',#665);
#665 = CARTESIAN_POINT('',(5.45,58.9319921875,1.));
#666 = SURFACE_CURVE('',#667,(#671,#678),.PCURVE_S1.);
#667 = LINE('',#668,#669);
#668 = CARTESIAN_POINT('',(5.45,59.45400390625,1.));
#669 = VECTOR('',#670,1.);
#670 = DIRECTION('',(0.,-1.,0.));
#671 = PCURVE('',#157,#672);
#672 = DEFINITIONAL_REPRESENTATION('',(#673),#677);
#673 = LINE('',#674,#675);
#674 = CARTESIAN_POINT('',(5.45,9.45400390625));
#675 = VECTOR('',#676,1.);
#676 = DIRECTION('',(0.,-1.));
#677 = ( GEOMETRIC_REPRESENTATION_CONTEXT(2) 
PARAMETRIC_REPRESENTATION_CONTEXT() REPRESENTATION_CONTEXT('2D SPACE',''
  ) );
#678 = PCURVE('',#679,#684);
#679 = PLANE('',#680);
#680 = AXIS2_PLACEMENT_3D('',#681,#682,#683);
#681 = CARTESIAN_POINT('',(5.45,59.45400390625,1.));
#682 = DIRECTION('',(1.,0.,0.));
#683 = DIRECTION('',(0.,-1.,0.));
#684 = DEFINITIONAL_REPRESENTATION('',(#685),#689);
#685 = LINE('',#686,#687);
#686 = CARTESIAN_POINT('',(-7.105427357601E-15,0.));
#687 = VECTOR('',#688,1.);
#688 = DIRECTION('',(1.,0.));
#689 = ( GEOMETRIC_REPRESENTATION_CONTEXT(2) 
PARAMETRIC_REPRESENTATION_CONTEXT() REPRESENTATION_CONTEXT('2D SPACE',''
  ) );
#690 = ORIENTED_EDGE('',*,*,#691,.T.);
#691 = EDGE_CURVE('',#664,#692,#694,.T.);
#692 = VERTEX_POINT('',#693);
#693 = CARTESIAN_POINT('',(3.68,58.9319921875,1.));
#694 = SURFACE_CURVE('',#695,(#699,#706),.PCURVE_S1.);
#695 = LINE('',#696,#697);
#696 = CARTESIAN_POINT('',(5.45,58.9319921875,1.));
#697 = VECTOR('',#698,1.);
#698 = DIRECTION('',(-1.,0.,0.));
#699 = PCURVE('',#157,#700);
#700 = DEFINITIONAL_REPRESENTATION('',(#701),#705);
#701 = LINE('',#702,#703);
#702 = CARTESIAN_POINT('',(5.45,8.9319921875));
#703 = VECTOR('',#704,1.);
#704 = DIRECTION('',(-1.,0.));
#705 = ( GEOMETRIC_REPRESENTATION_CONTEXT(2) 
PARAMETRIC_REPRESENTATION_CONTEXT() REPRESENTATION_CONTEXT('2D SPACE',''
  ) );
#706 = PCURVE('',#707,#712);
#707 = PLANE('',#708);
#708 = AXIS2_PLACEMENT_3D('',#709,#710,#711);
#709 = CARTESIAN_POINT('',(5.45,58.9319921875,1.));
#710 = DIRECTION('',(0.,-1.,0.));
#711 = DIRECTION('',(-1.,0.,0.));
#712 = DEFINITIONAL_REPRESENTATION('',(#713),#717);
#713 = LINE('',#714,#715);
#714 = CARTESIAN_POINT('',(2.6645352591E-15,0.));
#715 = VECTOR('',#716,1.);
#716 = DIRECTION('',(1.,0.));
#717 = ( GEOMETRIC_REPRESENTATION_CONTEXT(2) 
PARAMETRIC_REPRESENTATION_CONTEXT() REPRESENTATION_CONTEXT('2D SPACE',''
  ) );
#718 = ORIENTED_EDGE('',*,*,#719,.T.);
#719 = EDGE_CURVE('',#692,#720,#722,.T.);
#720 = VERTEX_POINT('',#721);
#721 = CARTESIAN_POINT('',(3.51201171875,57.74400390625,1.));
#722 = SURFACE_CURVE('',#723,(#727,#734),.PCURVE_S1.);
#723 = LINE('',#724,#725);
#724 = CARTESIAN_POINT('',(3.68,58.9319921875,1.));
#725 = VECTOR('',#726,1.);
#726 = DIRECTION('',(-0.140012783158,-0.990149696032,0.));
#727 = PCURVE('',#157,#728);
#728 = DEFINITIONAL_REPRESENTATION('',(#729),#733);
#729 = LINE('',#730,#731);
#730 = CARTESIAN_POINT('',(3.68,8.9319921875));
#731 = VECTOR('',#732,1.);
#732 = DIRECTION('',(-0.140012783158,-0.990149696032));
#733 = ( GEOMETRIC_REPRESENTATION_CONTEXT(2) 
PARAMETRIC_REPRESENTATION_CONTEXT() REPRESENTATION_CONTEXT('2D SPACE',''
  ) );
#734 = PCURVE('',#735,#740);
#735 = PLANE('',#736);
#736 = AXIS2_PLACEMENT_3D('',#737,#738,#739);
#737 = CARTESIAN_POINT('',(3.68,58.9319921875,1.));
#738 = DIRECTION('',(0.990149696032,-0.140012783158,0.));
#739 = DIRECTION('',(-0.140012783158,-0.990149696032,0.));
#740 = DEFINITIONAL_REPRESENTATION('',(#741),#745);
#741 = LINE('',#742,#743);
#742 = CARTESIAN_POINT('',(0.,0.));
#743 = VECTOR('',#744,1.);
#744 = DIRECTION('',(1.,-0.));
#745 = ( GEOMETRIC_REPRESENTATION_CONTEXT(2) 
PARAMETRIC_REPRESENTATION_CONTEXT() REPRESENTATION_CONTEXT('2D SPACE',''
  ) );
#746 = ORIENTED_EDGE('',*,*,#747,.T.);
#747 = EDGE_CURVE('',#720,#748,#750,.T.);
#748 = VERTEX_POINT('',#749);
#749 = CARTESIAN_POINT('',(4.2980078125,58.0019921875,1.));
#750 = SURFACE_CURVE('',#751,(#755,#762),.PCURVE_S1.);
#751 = B_SPLINE_CURVE_WITH_KNOTS('',2,(#752,#753,#754),.UNSPECIFIED.,.F.
  ,.F.,(3,3),(0.,1.),.PIECEWISE_BEZIER_KNOTS.);
#752 = CARTESIAN_POINT('',(3.51201171875,57.74400390625,1.));
#753 = CARTESIAN_POINT('',(3.86599609375,58.0019921875,1.));
#754 = CARTESIAN_POINT('',(4.2980078125,58.0019921875,1.));
#755 = PCURVE('',#157,#756);
#756 = DEFINITIONAL_REPRESENTATION('',(#757),#761);
#757 = B_SPLINE_CURVE_WITH_KNOTS('',2,(#758,#759,#760),.UNSPECIFIED.,.F.
  ,.F.,(3,3),(0.,1.),.PIECEWISE_BEZIER_KNOTS.);
#758 = CARTESIAN_POINT('',(3.51201171875,7.74400390625));
#759 = CARTESIAN_POINT('',(3.86599609375,8.0019921875));
#760 = CARTESIAN_POINT('',(4.2980078125,8.0019921875));
#761 = ( GEOMETRIC_REPRESENTATION_CONTEXT(2) 
PARAMETRIC_REPRESENTATION_CONTEXT() REPRESENTATION_CONTEXT('2D SPACE',''
  ) );
#762 = PCURVE('',#763,#770);
#763 = SURFACE_OF_LINEAR_EXTRUSION('',#764,#768);
#764 = B_SPLINE_CURVE_WITH_KNOTS('',2,(#765,#766,#767),.UNSPECIFIED.,.F.
  ,.F.,(3,3),(0.,1.),.PIECEWISE_BEZIER_KNOTS.);
#765 = CARTESIAN_POINT('',(3.51201171875,57.74400390625,1.));
#766 = CARTESIAN_POINT('',(3.86599609375,58.0019921875,1.));
#767 = CARTESIAN_POINT('',(4.2980078125,58.0019921875,1.));
#768 = VECTOR('',#769,1.);
#769 = DIRECTION('',(-0.,-0.,-1.));
#770 = DEFINITIONAL_REPRESENTATION('',(#771),#775);
#771 = LINE('',#772,#773);
#772 = CARTESIAN_POINT('',(0.,0.));
#773 = VECTOR('',#774,1.);
#774 = DIRECTION('',(1.,0.));
#775 = ( GEOMETRIC_REPRESENTATION_CONTEXT(2) 
PARAMETRIC_REPRESENTATION_CONTEXT() REPRESENTATION_CONTEXT('2D SPACE',''
  ) );
#776 = ORIENTED_EDGE('',*,*,#777,.T.);
#777 = EDGE_CURVE('',#748,#778,#780,.T.);
#778 = VERTEX_POINT('',#779);
#779 = CARTESIAN_POINT('',(5.291005859375,57.608994140625,1.));
#780 = SURFACE_CURVE('',#781,(#785,#792),.PCURVE_S1.);
#781 = B_SPLINE_CURVE_WITH_KNOTS('',2,(#782,#783,#784),.UNSPECIFIED.,.F.
  ,.F.,(3,3),(0.,1.),.PIECEWISE_BEZIER_KNOTS.);
#782 = CARTESIAN_POINT('',(4.2980078125,58.0019921875,1.));
#783 = CARTESIAN_POINT('',(4.91,58.0019921875,1.));
#784 = CARTESIAN_POINT('',(5.291005859375,57.608994140625,1.));
#785 = PCURVE('',#157,#786);
#786 = DEFINITIONAL_REPRESENTATION('',(#787),#791);
#787 = B_SPLINE_CURVE_WITH_KNOTS('',2,(#788,#789,#790),.UNSPECIFIED.,.F.
  ,.F.,(3,3),(0.,1.),.PIECEWISE_BEZIER_KNOTS.);
#788 = CARTESIAN_POINT('',(4.2980078125,8.0019921875));
#789 = CARTESIAN_POINT('',(4.91,8.0019921875));
#790 = CARTESIAN_POINT('',(5.291005859375,7.608994140625));
#791 = ( GEOMETRIC_REPRESENTATION_CONTEXT(2) 
PARAMETRIC_REPRESENTATION_CONTEXT() REPRESENTATION_CONTEXT('2D SPACE',''
  ) );
#792 = PCURVE('',#793,#800);
#793 = SURFACE_OF_LINEAR_EXTRUSION('',#794,#798);
#794 = B_SPLINE_CURVE_WITH_KNOTS('',2,(#795,#796,#797),.UNSPECIFIED.,.F.
  ,.F.,(3,3),(0.,1.),.PIECEWISE_BEZIER_KNOTS.);
#795 = CARTESIAN_POINT('',(4.2980078125,58.0019921875,1.));
#796 = CARTESIAN_POINT('',(4.91,58.0019921875,1.));
#797 = CARTESIAN_POINT('',(5.291005859375,57.608994140625,1.));
#798 = VECTOR('',#799,1.);
#799 = DIRECTION('',(-0.,-0.,-1.));
#800 = DEFINITIONAL_REPRESENTATION('',(#801),#805);
#801 = LINE('',#802,#803);
#802 = CARTESIAN_POINT('',(0.,0.));
#803 = VECTOR('',#804,1.);
#804 = DIRECTION('',(1.,0.));
#805 = ( GEOMETRIC_REPRESENTATION_CONTEXT(2) 
PARAMETRIC_REPRESENTATION_CONTEXT() REPRESENTATION_CONTEXT('2D SPACE',''
  ) );
#806 = ORIENTED_EDGE('',*,*,#807,.T.);
#807 = EDGE_CURVE('',#778,#808,#810,.T.);
#808 = VERTEX_POINT('',#809);
#809 = CARTESIAN_POINT('',(5.67201171875,56.58599609375,1.));
#810 = SURFACE_CURVE('',#811,(#815,#822),.PCURVE_S1.);
#811 = B_SPLINE_CURVE_WITH_KNOTS('',2,(#812,#813,#814),.UNSPECIFIED.,.F.
  ,.F.,(3,3),(0.,1.),.PIECEWISE_BEZIER_KNOTS.);
#812 = CARTESIAN_POINT('',(5.291005859375,57.608994140625,1.));
#813 = CARTESIAN_POINT('',(5.67201171875,57.21599609375,1.));
#814 = CARTESIAN_POINT('',(5.67201171875,56.58599609375,1.));
#815 = PCURVE('',#157,#816);
#816 = DEFINITIONAL_REPRESENTATION('',(#817),#821);
#817 = B_SPLINE_CURVE_WITH_KNOTS('',2,(#818,#819,#820),.UNSPECIFIED.,.F.
  ,.F.,(3,3),(0.,1.),.PIECEWISE_BEZIER_KNOTS.);
#818 = CARTESIAN_POINT('',(5.291005859375,7.608994140625));
#819 = CARTESIAN_POINT('',(5.67201171875,7.21599609375));
#820 = CARTESIAN_POINT('',(5.67201171875,6.58599609375));
#821 = ( GEOMETRIC_REPRESENTATION_CONTEXT(2) 
PARAMETRIC_REPRESENTATION_CONTEXT() REPRESENTATION_CONTEXT('2D SPACE',''
  ) );
#822 = PCURVE('',#823,#830);
#823 = SURFACE_OF_LINEAR_EXTRUSION('',#824,#828);
#824 = B_SPLINE_CURVE_WITH_KNOTS('',2,(#825,#826,#827),.UNSPECIFIED.,.F.
  ,.F.,(3,3),(0.,1.),.PIECEWISE_BEZIER_KNOTS.);
#825 = CARTESIAN_POINT('',(5.291005859375,57.608994140625,1.));
#826 = CARTESIAN_POINT('',(5.67201171875,57.21599609375,1.));
#827 = CARTESIAN_POINT('',(5.67201171875,56.58599609375,1.));
#828 = VECTOR('',#829,1.);
#829 = DIRECTION('',(-0.,-0.,-1.));
#830 = DEFINITIONAL_REPRESENTATION('',(#831),#835);
#831 = LINE('',#832,#833);
#832 = CARTESIAN_POINT('',(0.,0.));
#833 = VECTOR('',#834,1.);
#834 = DIRECTION('',(1.,0.));
#835 = ( GEOMETRIC_REPRESENTATION_CONTEXT(2) 
PARAMETRIC_REPRESENTATION_CONTEXT() REPRESENTATION_CONTEXT('2D SPACE',''
  ) );
#836 = ORIENTED_EDGE('',*,*,#837,.T.);
#837 = EDGE_CURVE('',#808,#838,#840,.T.);
#838 = VERTEX_POINT('',#839);
#839 = CARTESIAN_POINT('',(5.26400390625,55.487998046875,1.));
#840 = SURFACE_CURVE('',#841,(#845,#852),.PCURVE_S1.);
#841 = B_SPLINE_CURVE_WITH_KNOTS('',2,(#842,#843,#844),.UNSPECIFIED.,.F.
  ,.F.,(3,3),(0.,1.),.PIECEWISE_BEZIER_KNOTS.);
#842 = CARTESIAN_POINT('',(5.67201171875,56.58599609375,1.));
#843 = CARTESIAN_POINT('',(5.67201171875,55.91400390625,1.));
#844 = CARTESIAN_POINT('',(5.26400390625,55.487998046875,1.));
#845 = PCURVE('',#157,#846);
#846 = DEFINITIONAL_REPRESENTATION('',(#847),#851);
#847 = B_SPLINE_CURVE_WITH_KNOTS('',2,(#848,#849,#850),.UNSPECIFIED.,.F.
  ,.F.,(3,3),(0.,1.),.PIECEWISE_BEZIER_KNOTS.);
#848 = CARTESIAN_POINT('',(5.67201171875,6.58599609375));
#849 = CARTESIAN_POINT('',(5.67201171875,5.91400390625));
#850 = CARTESIAN_POINT('',(5.26400390625,5.487998046875));
#851 = ( GEOMETRIC_REPRESENTATION_CONTEXT(2) 
PARAMETRIC_REPRESENTATION_CONTEXT() REPRESENTATION_CONTEXT('2D SPACE',''
  ) );
#852 = PCURVE('',#853,#860);
#853 = SURFACE_OF_LINEAR_EXTRUSION('',#854,#858);
#854 = B_SPLINE_CURVE_WITH_KNOTS('',2,(#855,#856,#857),.UNSPECIFIED.,.F.
  ,.F.,(3,3),(0.,1.),.PIECEWISE_BEZIER_KNOTS.);
#855 = CARTESIAN_POINT('',(5.67201171875,56.58599609375,1.));
#856 = CARTESIAN_POINT('',(5.67201171875,55.91400390625,1.));
#857 = CARTESIAN_POINT('',(5.26400390625,55.487998046875,1.));
#858 = VECTOR('',#859,1.);
#859 = DIRECTION('',(-0.,-0.,-1.));
#860 = DEFINITIONAL_REPRESENTATION('',(#861),#865);
#861 = LINE('',#862,#863);
#862 = CARTESIAN_POINT('',(0.,0.));
#863 = VECTOR('',#864,1.);
#864 = DIRECTION('',(1.,0.));
#865 = ( GEOMETRIC_REPRESENTATION_CONTEXT(2) 
PARAMETRIC_REPRESENTATION_CONTEXT() REPRESENTATION_CONTEXT('2D SPACE',''
  ) );
#866 = ORIENTED_EDGE('',*,*,#867,.T.);
#867 = EDGE_CURVE('',#838,#868,#870,.T.);
#868 = VERTEX_POINT('',#869);
#869 = CARTESIAN_POINT('',(4.21400390625,55.0619921875,1.));
#870 = SURFACE_CURVE('',#871,(#875,#882),.PCURVE_S1.);
#871 = B_SPLINE_CURVE_WITH_KNOTS('',2,(#872,#873,#874),.UNSPECIFIED.,.F.
  ,.F.,(3,3),(0.,1.),.PIECEWISE_BEZIER_KNOTS.);
#872 = CARTESIAN_POINT('',(5.26400390625,55.487998046875,1.));
#873 = CARTESIAN_POINT('',(4.85599609375,55.0619921875,1.));
#874 = CARTESIAN_POINT('',(4.21400390625,55.0619921875,1.));
#875 = PCURVE('',#157,#876);
#876 = DEFINITIONAL_REPRESENTATION('',(#877),#881);
#877 = B_SPLINE_CURVE_WITH_KNOTS('',2,(#878,#879,#880),.UNSPECIFIED.,.F.
  ,.F.,(3,3),(0.,1.),.PIECEWISE_BEZIER_KNOTS.);
#878 = CARTESIAN_POINT('',(5.26400390625,5.487998046875));
#879 = CARTESIAN_POINT('',(4.85599609375,5.0619921875));
#880 = CARTESIAN_POINT('',(4.21400390625,5.0619921875));
#881 = ( GEOMETRIC_REPRESENTATION_CONTEXT(2) 
PARAMETRIC_REPRESENTATION_CONTEXT() REPRESENTATION_CONTEXT('2D SPACE',''
  ) );
#882 = PCURVE('',#883,#890);
#883 = SURFACE_OF_LINEAR_EXTRUSION('',#884,#888);
#884 = B_SPLINE_CURVE_WITH_KNOTS('',2,(#885,#886,#887),.UNSPECIFIED.,.F.
  ,.F.,(3,3),(0.,1.),.PIECEWISE_BEZIER_KNOTS.);
#885 = CARTESIAN_POINT('',(5.26400390625,55.487998046875,1.));
#886 = CARTESIAN_POINT('',(4.85599609375,55.0619921875,1.));
#887 = CARTESIAN_POINT('',(4.21400390625,55.0619921875,1.));
#888 = VECTOR('',#889,1.);
#889 = DIRECTION('',(-0.,-0.,-1.));
#890 = DEFINITIONAL_REPRESENTATION('',(#891),#895);
#891 = LINE('',#892,#893);
#892 = CARTESIAN_POINT('',(0.,0.));
#893 = VECTOR('',#894,1.);
#894 = DIRECTION('',(1.,0.));
#895 = ( GEOMETRIC_REPRESENTATION_CONTEXT(2) 
PARAMETRIC_REPRESENTATION_CONTEXT() REPRESENTATION_CONTEXT('2D SPACE',''
  ) );
#896 = ORIENTED_EDGE('',*,*,#897,.T.);
#897 = EDGE_CURVE('',#868,#898,#900,.T.);
#898 = VERTEX_POINT('',#899);
#899 = CARTESIAN_POINT('',(3.761005859375,55.11599609375,1.));
#900 = SURFACE_CURVE('',#901,(#905,#912),.PCURVE_S1.);
#901 = B_SPLINE_CURVE_WITH_KNOTS('',2,(#902,#903,#904),.UNSPECIFIED.,.F.
  ,.F.,(3,3),(0.,1.),.PIECEWISE_BEZIER_KNOTS.);
#902 = CARTESIAN_POINT('',(4.21400390625,55.0619921875,1.));
#903 = CARTESIAN_POINT('',(3.9680078125,55.0619921875,1.));
#904 = CARTESIAN_POINT('',(3.761005859375,55.11599609375,1.));
#905 = PCURVE('',#157,#906);
#906 = DEFINITIONAL_REPRESENTATION('',(#907),#911);
#907 = B_SPLINE_CURVE_WITH_KNOTS('',2,(#908,#909,#910),.UNSPECIFIED.,.F.
  ,.F.,(3,3),(0.,1.),.PIECEWISE_BEZIER_KNOTS.);
#908 = CARTESIAN_POINT('',(4.21400390625,5.0619921875));
#909 = CARTESIAN_POINT('',(3.9680078125,5.0619921875));
#910 = CARTESIAN_POINT('',(3.761005859375,5.11599609375));
#911 = ( GEOMETRIC_REPRESENTATION_CONTEXT(2) 
PARAMETRIC_REPRESENTATION_CONTEXT() REPRESENTATION_CONTEXT('2D SPACE',''
  ) );
#912 = PCURVE('',#913,#920);
#913 = SURFACE_OF_LINEAR_EXTRUSION('',#914,#918);
#914 = B_SPLINE_CURVE_WITH_KNOTS('',2,(#915,#916,#917),.UNSPECIFIED.,.F.
  ,.F.,(3,3),(0.,1.),.PIECEWISE_BEZIER_KNOTS.);
#915 = CARTESIAN_POINT('',(4.21400390625,55.0619921875,1.));
#916 = CARTESIAN_POINT('',(3.9680078125,55.0619921875,1.));
#917 = CARTESIAN_POINT('',(3.761005859375,55.11599609375,1.));
#918 = VECTOR('',#919,1.);
#919 = DIRECTION('',(-0.,-0.,-1.));
#920 = DEFINITIONAL_REPRESENTATION('',(#921),#925);
#921 = LINE('',#922,#923);
#922 = CARTESIAN_POINT('',(0.,0.));
#923 = VECTOR('',#924,1.);
#924 = DIRECTION('',(1.,0.));
#925 = ( GEOMETRIC_REPRESENTATION_CONTEXT(2) 
PARAMETRIC_REPRESENTATION_CONTEXT() REPRESENTATION_CONTEXT('2D SPACE',''
  ) );
#926 = ORIENTED_EDGE('',*,*,#927,.T.);
#927 = EDGE_CURVE('',#898,#928,#930,.T.);
#928 = VERTEX_POINT('',#929);
#929 = CARTESIAN_POINT('',(3.41900390625,55.245,1.));
#930 = SURFACE_CURVE('',#931,(#935,#942),.PCURVE_S1.);
#931 = B_SPLINE_CURVE_WITH_KNOTS('',2,(#932,#933,#934),.UNSPECIFIED.,.F.
  ,.F.,(3,3),(0.,1.),.PIECEWISE_BEZIER_KNOTS.);
#932 = CARTESIAN_POINT('',(3.761005859375,55.11599609375,1.));
#933 = CARTESIAN_POINT('',(3.55400390625,55.17,1.));
#934 = CARTESIAN_POINT('',(3.41900390625,55.245,1.));
#935 = PCURVE('',#157,#936);
#936 = DEFINITIONAL_REPRESENTATION('',(#937),#941);
#937 = B_SPLINE_CURVE_WITH_KNOTS('',2,(#938,#939,#940),.UNSPECIFIED.,.F.
  ,.F.,(3,3),(0.,1.),.PIECEWISE_BEZIER_KNOTS.);
#938 = CARTESIAN_POINT('',(3.761005859375,5.11599609375));
#939 = CARTESIAN_POINT('',(3.55400390625,5.17));
#940 = CARTESIAN_POINT('',(3.41900390625,5.245));
#941 = ( GEOMETRIC_REPRESENTATION_CONTEXT(2) 
PARAMETRIC_REPRESENTATION_CONTEXT() REPRESENTATION_CONTEXT('2D SPACE',''
  ) );
#942 = PCURVE('',#943,#950);
#943 = SURFACE_OF_LINEAR_EXTRUSION('',#944,#948);
#944 = B_SPLINE_CURVE_WITH_KNOTS('',2,(#945,#946,#947),.UNSPECIFIED.,.F.
  ,.F.,(3,3),(0.,1.),.PIECEWISE_BEZIER_KNOTS.);
#945 = CARTESIAN_POINT('',(3.761005859375,55.11599609375,1.));
#946 = CARTESIAN_POINT('',(3.55400390625,55.17,1.));
#947 = CARTESIAN_POINT('',(3.41900390625,55.245,1.));
#948 = VECTOR('',#949,1.);
#949 = DIRECTION('',(-0.,-0.,-1.));
#950 = DEFINITIONAL_REPRESENTATION('',(#951),#955);
#951 = LINE('',#952,#953);
#952 = CARTESIAN_POINT('',(0.,0.));
#953 = VECTOR('',#954,1.);
#954 = DIRECTION('',(1.,0.));
#955 = ( GEOMETRIC_REPRESENTATION_CONTEXT(2) 
PARAMETRIC_REPRESENTATION_CONTEXT() REPRESENTATION_CONTEXT('2D SPACE',''
  ) );
#956 = ORIENTED_EDGE('',*,*,#957,.T.);
#957 = EDGE_CURVE('',#928,#958,#960,.T.);
#958 = VERTEX_POINT('',#959);
#959 = CARTESIAN_POINT('',(3.1730078125,55.442998046875,1.));
#960 = SURFACE_CURVE('',#961,(#965,#972),.PCURVE_S1.);
#961 = B_SPLINE_CURVE_WITH_KNOTS('',2,(#962,#963,#964),.UNSPECIFIED.,.F.
  ,.F.,(3,3),(0.,1.),.PIECEWISE_BEZIER_KNOTS.);
#962 = CARTESIAN_POINT('',(3.41900390625,55.245,1.));
#963 = CARTESIAN_POINT('',(3.28400390625,55.32,1.));
#964 = CARTESIAN_POINT('',(3.1730078125,55.442998046875,1.));
#965 = PCURVE('',#157,#966);
#966 = DEFINITIONAL_REPRESENTATION('',(#967),#971);
#967 = B_SPLINE_CURVE_WITH_KNOTS('',2,(#968,#969,#970),.UNSPECIFIED.,.F.
  ,.F.,(3,3),(0.,1.),.PIECEWISE_BEZIER_KNOTS.);
#968 = CARTESIAN_POINT('',(3.41900390625,5.245));
#969 = CARTESIAN_POINT('',(3.28400390625,5.32));
#970 = CARTESIAN_POINT('',(3.1730078125,5.442998046875));
#971 = ( GEOMETRIC_REPRESENTATION_CONTEXT(2) 
PARAMETRIC_REPRESENTATION_CONTEXT() REPRESENTATION_CONTEXT('2D SPACE',''
  ) );
#972 = PCURVE('',#973,#980);
#973 = SURFACE_OF_LINEAR_EXTRUSION('',#974,#978);
#974 = B_SPLINE_CURVE_WITH_KNOTS('',2,(#975,#976,#977),.UNSPECIFIED.,.F.
  ,.F.,(3,3),(0.,1.),.PIECEWISE_BEZIER_KNOTS.);
#975 = CARTESIAN_POINT('',(3.41900390625,55.245,1.));
#976 = CARTESIAN_POINT('',(3.28400390625,55.32,1.));
#977 = CARTESIAN_POINT('',(3.1730078125,55.442998046875,1.));
#978 = VECTOR('',#979,1.);
#979 = DIRECTION('',(-0.,-0.,-1.));
#980 = DEFINITIONAL_REPRESENTATION('',(#981),#985);
#981 = LINE('',#982,#983);
#982 = CARTESIAN_POINT('',(0.,0.));
#983 = VECTOR('',#984,1.);
#984 = DIRECTION('',(1.,0.));
#985 = ( GEOMETRIC_REPRESENTATION_CONTEXT(2) 
PARAMETRIC_REPRESENTATION_CONTEXT() REPRESENTATION_CONTEXT('2D SPACE',''
  ) );
#986 = ORIENTED_EDGE('',*,*,#987,.T.);
#987 = EDGE_CURVE('',#958,#988,#990,.T.);
#988 = VERTEX_POINT('',#989);
#989 = CARTESIAN_POINT('',(3.005009765625,55.658994140625,1.));
#990 = SURFACE_CURVE('',#991,(#995,#1002),.PCURVE_S1.);
#991 = B_SPLINE_CURVE_WITH_KNOTS('',2,(#992,#993,#994),.UNSPECIFIED.,.F.
  ,.F.,(3,3),(0.,1.),.PIECEWISE_BEZIER_KNOTS.);
#992 = CARTESIAN_POINT('',(3.1730078125,55.442998046875,1.));
#993 = CARTESIAN_POINT('',(3.06201171875,55.56599609375,1.));
#994 = CARTESIAN_POINT('',(3.005009765625,55.658994140625,1.));
#995 = PCURVE('',#157,#996);
#996 = DEFINITIONAL_REPRESENTATION('',(#997),#1001);
#997 = B_SPLINE_CURVE_WITH_KNOTS('',2,(#998,#999,#1000),.UNSPECIFIED.,
  .F.,.F.,(3,3),(0.,1.),.PIECEWISE_BEZIER_KNOTS.);
#998 = CARTESIAN_POINT('',(3.1730078125,5.442998046875));
#999 = CARTESIAN_POINT('',(3.06201171875,5.56599609375));
#1000 = CARTESIAN_POINT('',(3.005009765625,5.658994140625));
#1001 = ( GEOMETRIC_REPRESENTATION_CONTEXT(2) 
PARAMETRIC_REPRESENTATION_CONTEXT() REPRESENTATION_CONTEXT('2D SPACE',''
  ) );
#1002 = PCURVE('',#1003,#1010);
#1003 = SURFACE_OF_LINEAR_EXTRUSION('',#1004,#1008);
#1004 = B_SPLINE_CURVE_WITH_KNOTS('',2,(#1005,#1006,#1007),
  .UNSPECIFIED.,.F.,.F.,(3,3),(0.,1.),.PIECEWISE_BEZIER_KNOTS.);
#1005 = CARTESIAN_POINT('',(3.1730078125,55.442998046875,1.));
#1006 = CARTESIAN_POINT('',(3.06201171875,55.56599609375,1.));
#1007 = CARTESIAN_POINT('',(3.005009765625,55.658994140625,1.));
#1008 = VECTOR('',#1009,1.);
#1009 = DIRECTION('',(-0.,-0.,-1.));
#1010 = DEFINITIONAL_REPRESENTATION('',(#1011),#1015);
#1011 = LINE('',#1012,#1013);
#1012 = CARTESIAN_POINT('',(0.,0.));
#1013 = VECTOR('',#1014,1.);
#1014 = DIRECTION('',(1.,0.));
#1015 = ( GEOMETRIC_REPRESENTATION_CONTEXT(2) 
PARAMETRIC_REPRESENTATION_CONTEXT() REPRESENTATION_CONTEXT('2D SPACE',''
  ) );
#1016 = ORIENTED_EDGE('',*,*,#1017,.T.);
#1017 = EDGE_CURVE('',#988,#1018,#1020,.T.);
#1018 = VERTEX_POINT('',#1019);
#1019 = CARTESIAN_POINT('',(2.897001953125,55.892998046875,1.));
#1020 = SURFACE_CURVE('',#1021,(#1025,#1032),.PCURVE_S1.);
#1021 = B_SPLINE_CURVE_WITH_KNOTS('',2,(#1022,#1023,#1024),
  .UNSPECIFIED.,.F.,.F.,(3,3),(0.,1.),.PIECEWISE_BEZIER_KNOTS.);
#1022 = CARTESIAN_POINT('',(3.005009765625,55.658994140625,1.));
#1023 = CARTESIAN_POINT('',(2.9480078125,55.7519921875,1.));
#1024 = CARTESIAN_POINT('',(2.897001953125,55.892998046875,1.));
#1025 = PCURVE('',#157,#1026);
#1026 = DEFINITIONAL_REPRESENTATION('',(#1027),#1031);
#1027 = B_SPLINE_CURVE_WITH_KNOTS('',2,(#1028,#1029,#1030),
  .UNSPECIFIED.,.F.,.F.,(3,3),(0.,1.),.PIECEWISE_BEZIER_KNOTS.);
#1028 = CARTESIAN_POINT('',(3.005009765625,5.658994140625));
#1029 = CARTESIAN_POINT('',(2.9480078125,5.7519921875));
#1030 = CARTESIAN_POINT('',(2.897001953125,5.892998046875));
#1031 = ( GEOMETRIC_REPRESENTATION_CONTEXT(2) 
PARAMETRIC_REPRESENTATION_CONTEXT() REPRESENTATION_CONTEXT('2D SPACE',''
  ) );
#1032 = PCURVE('',#1033,#1040);
#1033 = SURFACE_OF_LINEAR_EXTRUSION('',#1034,#1038);
#1034 = B_SPLINE_CURVE_WITH_KNOTS('',2,(#1035,#1036,#1037),
  .UNSPECIFIED.,.F.,.F.,(3,3),(0.,1.),.PIECEWISE_BEZIER_KNOTS.);
#1035 = CARTESIAN_POINT('',(3.005009765625,55.658994140625,1.));
#1036 = CARTESIAN_POINT('',(2.9480078125,55.7519921875,1.));
#1037 = CARTESIAN_POINT('',(2.897001953125,55.892998046875,1.));
#1038 = VECTOR('',#1039,1.);
#1039 = DIRECTION('',(-0.,-0.,-1.));
#1040 = DEFINITIONAL_REPRESENTATION('',(#1041),#1045);
#1041 = LINE('',#1042,#1043);
#1042 = CARTESIAN_POINT('',(0.,0.));
#1043 = VECTOR('',#1044,1.);
#1044 = DIRECTION('',(1.,0.));
#1045 = ( GEOMETRIC_REPRESENTATION_CONTEXT(2) 
PARAMETRIC_REPRESENTATION_CONTEXT() REPRESENTATION_CONTEXT('2D SPACE',''
  ) );
#1046 = ORIENTED_EDGE('',*,*,#1047,.T.);
#1047 = EDGE_CURVE('',#1018,#1048,#1050,.T.);
#1048 = VERTEX_POINT('',#1049);
#1049 = CARTESIAN_POINT('',(2.83400390625,56.087998046875,1.));
#1050 = SURFACE_CURVE('',#1051,(#1055,#1062),.PCURVE_S1.);
#1051 = B_SPLINE_CURVE_WITH_KNOTS('',2,(#1052,#1053,#1054),
  .UNSPECIFIED.,.F.,.F.,(3,3),(0.,1.),.PIECEWISE_BEZIER_KNOTS.);
#1052 = CARTESIAN_POINT('',(2.897001953125,55.892998046875,1.));
#1053 = CARTESIAN_POINT('',(2.84599609375,56.03400390625,1.));
#1054 = CARTESIAN_POINT('',(2.83400390625,56.087998046875,1.));
#1055 = PCURVE('',#157,#1056);
#1056 = DEFINITIONAL_REPRESENTATION('',(#1057),#1061);
#1057 = B_SPLINE_CURVE_WITH_KNOTS('',2,(#1058,#1059,#1060),
  .UNSPECIFIED.,.F.,.F.,(3,3),(0.,1.),.PIECEWISE_BEZIER_KNOTS.);
#1058 = CARTESIAN_POINT('',(2.897001953125,5.892998046875));
#1059 = CARTESIAN_POINT('',(2.84599609375,6.03400390625));
#1060 = CARTESIAN_POINT('',(2.83400390625,6.087998046875));
#1061 = ( GEOMETRIC_REPRESENTATION_CONTEXT(2) 
PARAMETRIC_REPRESENTATION_CONTEXT() REPRESENTATION_CONTEXT('2D SPACE',''
  ) );
#1062 = PCURVE('',#1063,#1070);
#1063 = SURFACE_OF_LINEAR_EXTRUSION('',#1064,#1068);
#1064 = B_SPLINE_CURVE_WITH_KNOTS('',2,(#1065,#1066,#1067),
  .UNSPECIFIED.,.F.,.F.,(3,3),(0.,1.),.PIECEWISE_BEZIER_KNOTS.);
#1065 = CARTESIAN_POINT('',(2.897001953125,55.892998046875,1.));
#1066 = CARTESIAN_POINT('',(2.84599609375,56.03400390625,1.));
#1067 = CARTESIAN_POINT('',(2.83400390625,56.087998046875,1.));
#1068 = VECTOR('',#1069,1.);
#1069 = DIRECTION('',(-0.,-0.,-1.));
#1070 = DEFINITIONAL_REPRESENTATION('',(#1071),#1075);
#1071 = LINE('',#1072,#1073);
#1072 = CARTESIAN_POINT('',(0.,0.));
#1073 = VECTOR('',#1074,1.);
#1074 = DIRECTION('',(1.,0.));
#1075 = ( GEOMETRIC_REPRESENTATION_CONTEXT(2) 
PARAMETRIC_REPRESENTATION_CONTEXT() REPRESENTATION_CONTEXT('2D SPACE',''
  ) );
#1076 = ORIENTED_EDGE('',*,*,#1077,.T.);
#1077 = EDGE_CURVE('',#1048,#1078,#1080,.T.);
#1078 = VERTEX_POINT('',#1079);
#1079 = CARTESIAN_POINT('',(2.80400390625,56.24400390625,1.));
#1080 = SURFACE_CURVE('',#1081,(#1085,#1092),.PCURVE_S1.);
#1081 = B_SPLINE_CURVE_WITH_KNOTS('',2,(#1082,#1083,#1084),
  .UNSPECIFIED.,.F.,.F.,(3,3),(0.,1.),.PIECEWISE_BEZIER_KNOTS.);
#1082 = CARTESIAN_POINT('',(2.83400390625,56.087998046875,1.));
#1083 = CARTESIAN_POINT('',(2.82201171875,56.1419921875,1.));
#1084 = CARTESIAN_POINT('',(2.80400390625,56.24400390625,1.));
#1085 = PCURVE('',#157,#1086);
#1086 = DEFINITIONAL_REPRESENTATION('',(#1087),#1091);
#1087 = B_SPLINE_CURVE_WITH_KNOTS('',2,(#1088,#1089,#1090),
  .UNSPECIFIED.,.F.,.F.,(3,3),(0.,1.),.PIECEWISE_BEZIER_KNOTS.);
#1088 = CARTESIAN_POINT('',(2.83400390625,6.087998046875));
#1089 = CARTESIAN_POINT('',(2.82201171875,6.1419921875));
#1090 = CARTESIAN_POINT('',(2.80400390625,6.24400390625));
#1091 = ( GEOMETRIC_REPRESENTATION_CONTEXT(2) 
PARAMETRIC_REPRESENTATION_CONTEXT() REPRESENTATION_CONTEXT('2D SPACE',''
  ) );
#1092 = PCURVE('',#1093,#1100);
#1093 = SURFACE_OF_LINEAR_EXTRUSION('',#1094,#1098);
#1094 = B_SPLINE_CURVE_WITH_KNOTS('',2,(#1095,#1096,#1097),
  .UNSPECIFIED.,.F.,.F.,(3,3),(0.,1.),.PIECEWISE_BEZIER_KNOTS.);
#1095 = CARTESIAN_POINT('',(2.83400390625,56.087998046875,1.));
#1096 = CARTESIAN_POINT('',(2.82201171875,56.1419921875,1.));
#1097 = CARTESIAN_POINT('',(2.80400390625,56.24400390625,1.));
#1098 = VECTOR('',#1099,1.);
#1099 = DIRECTION('',(-0.,-0.,-1.));
#1100 = DEFINITIONAL_REPRESENTATION('',(#1101),#1105);
#1101 = LINE('',#1102,#1103);
#1102 = CARTESIAN_POINT('',(0.,0.));
#1103 = VECTOR('',#1104,1.);
#1104 = DIRECTION('',(1.,0.));
#1105 = ( GEOMETRIC_REPRESENTATION_CONTEXT(2) 
PARAMETRIC_REPRESENTATION_CONTEXT() REPRESENTATION_CONTEXT('2D SPACE',''
  ) );
#1106 = ORIENTED_EDGE('',*,*,#1107,.T.);
#1107 = EDGE_CURVE('',#1078,#1108,#1110,.T.);
#1108 = VERTEX_POINT('',#1109);
#1109 = CARTESIAN_POINT('',(3.33201171875,56.24400390625,1.));
#1110 = SURFACE_CURVE('',#1111,(#1115,#1122),.PCURVE_S1.);
#1111 = LINE('',#1112,#1113);
#1112 = CARTESIAN_POINT('',(2.80400390625,56.24400390625,1.));
#1113 = VECTOR('',#1114,1.);
#1114 = DIRECTION('',(1.,0.,0.));
#1115 = PCURVE('',#157,#1116);
#1116 = DEFINITIONAL_REPRESENTATION('',(#1117),#1121);
#1117 = LINE('',#1118,#1119);
#1118 = CARTESIAN_POINT('',(2.80400390625,6.24400390625));
#1119 = VECTOR('',#1120,1.);
#1120 = DIRECTION('',(1.,0.));
#1121 = ( GEOMETRIC_REPRESENTATION_CONTEXT(2) 
PARAMETRIC_REPRESENTATION_CONTEXT() REPRESENTATION_CONTEXT('2D SPACE',''
  ) );
#1122 = PCURVE('',#1123,#1128);
#1123 = PLANE('',#1124);
#1124 = AXIS2_PLACEMENT_3D('',#1125,#1126,#1127);
#1125 = CARTESIAN_POINT('',(2.80400390625,56.24400390625,1.));
#1126 = DIRECTION('',(0.,1.,0.));
#1127 = DIRECTION('',(1.,0.,0.));
#1128 = DEFINITIONAL_REPRESENTATION('',(#1129),#1133);
#1129 = LINE('',#1130,#1131);
#1130 = CARTESIAN_POINT('',(-1.7763568394E-15,0.));
#1131 = VECTOR('',#1132,1.);
#1132 = DIRECTION('',(1.,0.));
#1133 = ( GEOMETRIC_REPRESENTATION_CONTEXT(2) 
PARAMETRIC_REPRESENTATION_CONTEXT() REPRESENTATION_CONTEXT('2D SPACE',''
  ) );
#1134 = ORIENTED_EDGE('',*,*,#1135,.T.);
#1135 = EDGE_CURVE('',#1108,#1136,#1138,.T.);
#1136 = VERTEX_POINT('',#1137);
#1137 = CARTESIAN_POINT('',(4.20201171875,55.53,1.));
#1138 = SURFACE_CURVE('',#1139,(#1143,#1150),.PCURVE_S1.);
#1139 = B_SPLINE_CURVE_WITH_KNOTS('',2,(#1140,#1141,#1142),
  .UNSPECIFIED.,.F.,.F.,(3,3),(0.,1.),.PIECEWISE_BEZIER_KNOTS.);
#1140 = CARTESIAN_POINT('',(3.33201171875,56.24400390625,1.));
#1141 = CARTESIAN_POINT('',(3.5180078125,55.53,1.));
#1142 = CARTESIAN_POINT('',(4.20201171875,55.53,1.));
#1143 = PCURVE('',#157,#1144);
#1144 = DEFINITIONAL_REPRESENTATION('',(#1145),#1149);
#1145 = B_SPLINE_CURVE_WITH_KNOTS('',2,(#1146,#1147,#1148),
  .UNSPECIFIED.,.F.,.F.,(3,3),(0.,1.),.PIECEWISE_BEZIER_KNOTS.);
#1146 = CARTESIAN_POINT('',(3.33201171875,6.24400390625));
#1147 = CARTESIAN_POINT('',(3.5180078125,5.53));
#1148 = CARTESIAN_POINT('',(4.20201171875,5.53));
#1149 = ( GEOMETRIC_REPRESENTATION_CONTEXT(2) 
PARAMETRIC_REPRESENTATION_CONTEXT() REPRESENTATION_CONTEXT('2D SPACE',''
  ) );
#1150 = PCURVE('',#1151,#1158);
#1151 = SURFACE_OF_LINEAR_EXTRUSION('',#1152,#1156);
#1152 = B_SPLINE_CURVE_WITH_KNOTS('',2,(#1153,#1154,#1155),
  .UNSPECIFIED.,.F.,.F.,(3,3),(0.,1.),.PIECEWISE_BEZIER_KNOTS.);
#1153 = CARTESIAN_POINT('',(3.33201171875,56.24400390625,1.));
#1154 = CARTESIAN_POINT('',(3.5180078125,55.53,1.));
#1155 = CARTESIAN_POINT('',(4.20201171875,55.53,1.));
#1156 = VECTOR('',#1157,1.);
#1157 = DIRECTION('',(-0.,-0.,-1.));
#1158 = DEFINITIONAL_REPRESENTATION('',(#1159),#1163);
#1159 = LINE('',#1160,#1161);
#1160 = CARTESIAN_POINT('',(0.,0.));
#1161 = VECTOR('',#1162,1.);
#1162 = DIRECTION('',(1.,0.));
#1163 = ( GEOMETRIC_REPRESENTATION_CONTEXT(2) 
PARAMETRIC_REPRESENTATION_CONTEXT() REPRESENTATION_CONTEXT('2D SPACE',''
  ) );
#1164 = ORIENTED_EDGE('',*,*,#1165,.T.);
#1165 = EDGE_CURVE('',#1136,#1166,#1168,.T.);
#1166 = VERTEX_POINT('',#1167);
#1167 = CARTESIAN_POINT('',(4.8830078125,55.79400390625,1.));
#1168 = SURFACE_CURVE('',#1169,(#1173,#1180),.PCURVE_S1.);
#1169 = B_SPLINE_CURVE_WITH_KNOTS('',2,(#1170,#1171,#1172),
  .UNSPECIFIED.,.F.,.F.,(3,3),(0.,1.),.PIECEWISE_BEZIER_KNOTS.);
#1170 = CARTESIAN_POINT('',(4.20201171875,55.53,1.));
#1171 = CARTESIAN_POINT('',(4.63400390625,55.53,1.));
#1172 = CARTESIAN_POINT('',(4.8830078125,55.79400390625,1.));
#1173 = PCURVE('',#157,#1174);
#1174 = DEFINITIONAL_REPRESENTATION('',(#1175),#1179);
#1175 = B_SPLINE_CURVE_WITH_KNOTS('',2,(#1176,#1177,#1178),
  .UNSPECIFIED.,.F.,.F.,(3,3),(0.,1.),.PIECEWISE_BEZIER_KNOTS.);
#1176 = CARTESIAN_POINT('',(4.20201171875,5.53));
#1177 = CARTESIAN_POINT('',(4.63400390625,5.53));
#1178 = CARTESIAN_POINT('',(4.8830078125,5.79400390625));
#1179 = ( GEOMETRIC_REPRESENTATION_CONTEXT(2) 
PARAMETRIC_REPRESENTATION_CONTEXT() REPRESENTATION_CONTEXT('2D SPACE',''
  ) );
#1180 = PCURVE('',#1181,#1188);
#1181 = SURFACE_OF_LINEAR_EXTRUSION('',#1182,#1186);
#1182 = B_SPLINE_CURVE_WITH_KNOTS('',2,(#1183,#1184,#1185),
  .UNSPECIFIED.,.F.,.F.,(3,3),(0.,1.),.PIECEWISE_BEZIER_KNOTS.);
#1183 = CARTESIAN_POINT('',(4.20201171875,55.53,1.));
#1184 = CARTESIAN_POINT('',(4.63400390625,55.53,1.));
#1185 = CARTESIAN_POINT('',(4.8830078125,55.79400390625,1.));
#1186 = VECTOR('',#1187,1.);
#1187 = DIRECTION('',(-0.,-0.,-1.));
#1188 = DEFINITIONAL_REPRESENTATION('',(#1189),#1193);
#1189 = LINE('',#1190,#1191);
#1190 = CARTESIAN_POINT('',(0.,0.));
#1191 = VECTOR('',#1192,1.);
#1192 = DIRECTION('',(1.,0.));
#1193 = ( GEOMETRIC_REPRESENTATION_CONTEXT(2) 
PARAMETRIC_REPRESENTATION_CONTEXT() REPRESENTATION_CONTEXT('2D SPACE',''
  ) );
#1194 = ORIENTED_EDGE('',*,*,#1195,.T.);
#1195 = EDGE_CURVE('',#1166,#1196,#1198,.T.);
#1196 = VERTEX_POINT('',#1197);
#1197 = CARTESIAN_POINT('',(5.13201171875,56.51400390625,1.));
#1198 = SURFACE_CURVE('',#1199,(#1203,#1210),.PCURVE_S1.);
#1199 = B_SPLINE_CURVE_WITH_KNOTS('',2,(#1200,#1201,#1202),
  .UNSPECIFIED.,.F.,.F.,(3,3),(0.,1.),.PIECEWISE_BEZIER_KNOTS.);
#1200 = CARTESIAN_POINT('',(4.8830078125,55.79400390625,1.));
#1201 = CARTESIAN_POINT('',(5.13201171875,56.0580078125,1.));
#1202 = CARTESIAN_POINT('',(5.13201171875,56.51400390625,1.));
#1203 = PCURVE('',#157,#1204);
#1204 = DEFINITIONAL_REPRESENTATION('',(#1205),#1209);
#1205 = B_SPLINE_CURVE_WITH_KNOTS('',2,(#1206,#1207,#1208),
  .UNSPECIFIED.,.F.,.F.,(3,3),(0.,1.),.PIECEWISE_BEZIER_KNOTS.);
#1206 = CARTESIAN_POINT('',(4.8830078125,5.79400390625));
#1207 = CARTESIAN_POINT('',(5.13201171875,6.0580078125));
#1208 = CARTESIAN_POINT('',(5.13201171875,6.51400390625));
#1209 = ( GEOMETRIC_REPRESENTATION_CONTEXT(2) 
PARAMETRIC_REPRESENTATION_CONTEXT() REPRESENTATION_CONTEXT('2D SPACE',''
  ) );
#1210 = PCURVE('',#1211,#1218);
#1211 = SURFACE_OF_LINEAR_EXTRUSION('',#1212,#1216);
#1212 = B_SPLINE_CURVE_WITH_KNOTS('',2,(#1213,#1214,#1215),
  .UNSPECIFIED.,.F.,.F.,(3,3),(0.,1.),.PIECEWISE_BEZIER_KNOTS.);
#1213 = CARTESIAN_POINT('',(4.8830078125,55.79400390625,1.));
#1214 = CARTESIAN_POINT('',(5.13201171875,56.0580078125,1.));
#1215 = CARTESIAN_POINT('',(5.13201171875,56.51400390625,1.));
#1216 = VECTOR('',#1217,1.);
#1217 = DIRECTION('',(-0.,-0.,-1.));
#1218 = DEFINITIONAL_REPRESENTATION('',(#1219),#1223);
#1219 = LINE('',#1220,#1221);
#1220 = CARTESIAN_POINT('',(0.,0.));
#1221 = VECTOR('',#1222,1.);
#1222 = DIRECTION('',(1.,0.));
#1223 = ( GEOMETRIC_REPRESENTATION_CONTEXT(2) 
PARAMETRIC_REPRESENTATION_CONTEXT() REPRESENTATION_CONTEXT('2D SPACE',''
  ) );
#1224 = ORIENTED_EDGE('',*,*,#1225,.T.);
#1225 = EDGE_CURVE('',#1196,#1226,#1228,.T.);
#1226 = VERTEX_POINT('',#1227);
#1227 = CARTESIAN_POINT('',(4.880009765625,57.261005859375,1.));
#1228 = SURFACE_CURVE('',#1229,(#1233,#1240),.PCURVE_S1.);
#1229 = B_SPLINE_CURVE_WITH_KNOTS('',2,(#1230,#1231,#1232),
  .UNSPECIFIED.,.F.,.F.,(3,3),(0.,1.),.PIECEWISE_BEZIER_KNOTS.);
#1230 = CARTESIAN_POINT('',(5.13201171875,56.51400390625,1.));
#1231 = CARTESIAN_POINT('',(5.13201171875,56.9880078125,1.));
#1232 = CARTESIAN_POINT('',(4.880009765625,57.261005859375,1.));
#1233 = PCURVE('',#157,#1234);
#1234 = DEFINITIONAL_REPRESENTATION('',(#1235),#1239);
#1235 = B_SPLINE_CURVE_WITH_KNOTS('',2,(#1236,#1237,#1238),
  .UNSPECIFIED.,.F.,.F.,(3,3),(0.,1.),.PIECEWISE_BEZIER_KNOTS.);
#1236 = CARTESIAN_POINT('',(5.13201171875,6.51400390625));
#1237 = CARTESIAN_POINT('',(5.13201171875,6.9880078125));
#1238 = CARTESIAN_POINT('',(4.880009765625,7.261005859375));
#1239 = ( GEOMETRIC_REPRESENTATION_CONTEXT(2) 
PARAMETRIC_REPRESENTATION_CONTEXT() REPRESENTATION_CONTEXT('2D SPACE',''
  ) );
#1240 = PCURVE('',#1241,#1248);
#1241 = SURFACE_OF_LINEAR_EXTRUSION('',#1242,#1246);
#1242 = B_SPLINE_CURVE_WITH_KNOTS('',2,(#1243,#1244,#1245),
  .UNSPECIFIED.,.F.,.F.,(3,3),(0.,1.),.PIECEWISE_BEZIER_KNOTS.);
#1243 = CARTESIAN_POINT('',(5.13201171875,56.51400390625,1.));
#1244 = CARTESIAN_POINT('',(5.13201171875,56.9880078125,1.));
#1245 = CARTESIAN_POINT('',(4.880009765625,57.261005859375,1.));
#1246 = VECTOR('',#1247,1.);
#1247 = DIRECTION('',(-0.,-0.,-1.));
#1248 = DEFINITIONAL_REPRESENTATION('',(#1249),#1253);
#1249 = LINE('',#1250,#1251);
#1250 = CARTESIAN_POINT('',(0.,0.));
#1251 = VECTOR('',#1252,1.);
#1252 = DIRECTION('',(1.,0.));
#1253 = ( GEOMETRIC_REPRESENTATION_CONTEXT(2) 
PARAMETRIC_REPRESENTATION_CONTEXT() REPRESENTATION_CONTEXT('2D SPACE',''
  ) );
#1254 = ORIENTED_EDGE('',*,*,#1255,.T.);
#1255 = EDGE_CURVE('',#1226,#1256,#1258,.T.);
#1256 = VERTEX_POINT('',#1257);
#1257 = CARTESIAN_POINT('',(4.20201171875,57.53400390625,1.));
#1258 = SURFACE_CURVE('',#1259,(#1263,#1270),.PCURVE_S1.);
#1259 = B_SPLINE_CURVE_WITH_KNOTS('',2,(#1260,#1261,#1262),
  .UNSPECIFIED.,.F.,.F.,(3,3),(0.,1.),.PIECEWISE_BEZIER_KNOTS.);
#1260 = CARTESIAN_POINT('',(4.880009765625,57.261005859375,1.));
#1261 = CARTESIAN_POINT('',(4.6280078125,57.53400390625,1.));
#1262 = CARTESIAN_POINT('',(4.20201171875,57.53400390625,1.));
#1263 = PCURVE('',#157,#1264);
#1264 = DEFINITIONAL_REPRESENTATION('',(#1265),#1269);
#1265 = B_SPLINE_CURVE_WITH_KNOTS('',2,(#1266,#1267,#1268),
  .UNSPECIFIED.,.F.,.F.,(3,3),(0.,1.),.PIECEWISE_BEZIER_KNOTS.);
#1266 = CARTESIAN_POINT('',(4.880009765625,7.261005859375));
#1267 = CARTESIAN_POINT('',(4.6280078125,7.53400390625));
#1268 = CARTESIAN_POINT('',(4.20201171875,7.53400390625));
#1269 = ( GEOMETRIC_REPRESENTATION_CONTEXT(2) 
PARAMETRIC_REPRESENTATION_CONTEXT() REPRESENTATION_CONTEXT('2D SPACE',''
  ) );
#1270 = PCURVE('',#1271,#1278);
#1271 = SURFACE_OF_LINEAR_EXTRUSION('',#1272,#1276);
#1272 = B_SPLINE_CURVE_WITH_KNOTS('',2,(#1273,#1274,#1275),
  .UNSPECIFIED.,.F.,.F.,(3,3),(0.,1.),.PIECEWISE_BEZIER_KNOTS.);
#1273 = CARTESIAN_POINT('',(4.880009765625,57.261005859375,1.));
#1274 = CARTESIAN_POINT('',(4.6280078125,57.53400390625,1.));
#1275 = CARTESIAN_POINT('',(4.20201171875,57.53400390625,1.));
#1276 = VECTOR('',#1277,1.);
#1277 = DIRECTION('',(-0.,-0.,-1.));
#1278 = DEFINITIONAL_REPRESENTATION('',(#1279),#1283);
#1279 = LINE('',#1280,#1281);
#1280 = CARTESIAN_POINT('',(0.,0.));
#1281 = VECTOR('',#1282,1.);
#1282 = DIRECTION('',(1.,0.));
#1283 = ( GEOMETRIC_REPRESENTATION_CONTEXT(2) 
PARAMETRIC_REPRESENTATION_CONTEXT() REPRESENTATION_CONTEXT('2D SPACE',''
  ) );
#1284 = ORIENTED_EDGE('',*,*,#1285,.T.);
#1285 = EDGE_CURVE('',#1256,#1286,#1288,.T.);
#1286 = VERTEX_POINT('',#1287);
#1287 = CARTESIAN_POINT('',(3.782001953125,57.447001953125,1.));
#1288 = SURFACE_CURVE('',#1289,(#1293,#1300),.PCURVE_S1.);
#1289 = B_SPLINE_CURVE_WITH_KNOTS('',2,(#1290,#1291,#1292),
  .UNSPECIFIED.,.F.,.F.,(3,3),(0.,1.),.PIECEWISE_BEZIER_KNOTS.);
#1290 = CARTESIAN_POINT('',(4.20201171875,57.53400390625,1.));
#1291 = CARTESIAN_POINT('',(3.95599609375,57.53400390625,1.));
#1292 = CARTESIAN_POINT('',(3.782001953125,57.447001953125,1.));
#1293 = PCURVE('',#157,#1294);
#1294 = DEFINITIONAL_REPRESENTATION('',(#1295),#1299);
#1295 = B_SPLINE_CURVE_WITH_KNOTS('',2,(#1296,#1297,#1298),
  .UNSPECIFIED.,.F.,.F.,(3,3),(0.,1.),.PIECEWISE_BEZIER_KNOTS.);
#1296 = CARTESIAN_POINT('',(4.20201171875,7.53400390625));
#1297 = CARTESIAN_POINT('',(3.95599609375,7.53400390625));
#1298 = CARTESIAN_POINT('',(3.782001953125,7.447001953125));
#1299 = ( GEOMETRIC_REPRESENTATION_CONTEXT(2) 
PARAMETRIC_REPRESENTATION_CONTEXT() REPRESENTATION_CONTEXT('2D SPACE',''
  ) );
#1300 = PCURVE('',#1301,#1308);
#1301 = SURFACE_OF_LINEAR_EXTRUSION('',#1302,#1306);
#1302 = B_SPLINE_CURVE_WITH_KNOTS('',2,(#1303,#1304,#1305),
  .UNSPECIFIED.,.F.,.F.,(3,3),(0.,1.),.PIECEWISE_BEZIER_KNOTS.);
#1303 = CARTESIAN_POINT('',(4.20201171875,57.53400390625,1.));
#1304 = CARTESIAN_POINT('',(3.95599609375,57.53400390625,1.));
#1305 = CARTESIAN_POINT('',(3.782001953125,57.447001953125,1.));
#1306 = VECTOR('',#1307,1.);
#1307 = DIRECTION('',(-0.,-0.,-1.));
#1308 = DEFINITIONAL_REPRESENTATION('',(#1309),#1313);
#1309 = LINE('',#1310,#1311);
#1310 = CARTESIAN_POINT('',(0.,0.));
#1311 = VECTOR('',#1312,1.);
#1312 = DIRECTION('',(1.,0.));
#1313 = ( GEOMETRIC_REPRESENTATION_CONTEXT(2) 
PARAMETRIC_REPRESENTATION_CONTEXT() REPRESENTATION_CONTEXT('2D SPACE',''
  ) );
#1314 = ORIENTED_EDGE('',*,*,#1315,.T.);
#1315 = EDGE_CURVE('',#1286,#1316,#1318,.T.);
#1316 = VERTEX_POINT('',#1317);
#1317 = CARTESIAN_POINT('',(3.42201171875,57.1380078125,1.));
#1318 = SURFACE_CURVE('',#1319,(#1323,#1330),.PCURVE_S1.);
#1319 = B_SPLINE_CURVE_WITH_KNOTS('',2,(#1320,#1321,#1322),
  .UNSPECIFIED.,.F.,.F.,(3,3),(0.,1.),.PIECEWISE_BEZIER_KNOTS.);
#1320 = CARTESIAN_POINT('',(3.782001953125,57.447001953125,1.));
#1321 = CARTESIAN_POINT('',(3.6080078125,57.36,1.));
#1322 = CARTESIAN_POINT('',(3.42201171875,57.1380078125,1.));
#1323 = PCURVE('',#157,#1324);
#1324 = DEFINITIONAL_REPRESENTATION('',(#1325),#1329);
#1325 = B_SPLINE_CURVE_WITH_KNOTS('',2,(#1326,#1327,#1328),
  .UNSPECIFIED.,.F.,.F.,(3,3),(0.,1.),.PIECEWISE_BEZIER_KNOTS.);
#1326 = CARTESIAN_POINT('',(3.782001953125,7.447001953125));
#1327 = CARTESIAN_POINT('',(3.6080078125,7.36));
#1328 = CARTESIAN_POINT('',(3.42201171875,7.1380078125));
#1329 = ( GEOMETRIC_REPRESENTATION_CONTEXT(2) 
PARAMETRIC_REPRESENTATION_CONTEXT() REPRESENTATION_CONTEXT('2D SPACE',''
  ) );
#1330 = PCURVE('',#1331,#1338);
#1331 = SURFACE_OF_LINEAR_EXTRUSION('',#1332,#1336);
#1332 = B_SPLINE_CURVE_WITH_KNOTS('',2,(#1333,#1334,#1335),
  .UNSPECIFIED.,.F.,.F.,(3,3),(0.,1.),.PIECEWISE_BEZIER_KNOTS.);
#1333 = CARTESIAN_POINT('',(3.782001953125,57.447001953125,1.));
#1334 = CARTESIAN_POINT('',(3.6080078125,57.36,1.));
#1335 = CARTESIAN_POINT('',(3.42201171875,57.1380078125,1.));
#1336 = VECTOR('',#1337,1.);
#1337 = DIRECTION('',(-0.,-0.,-1.));
#1338 = DEFINITIONAL_REPRESENTATION('',(#1339),#1343);
#1339 = LINE('',#1340,#1341);
#1340 = CARTESIAN_POINT('',(0.,0.));
#1341 = VECTOR('',#1342,1.);
#1342 = DIRECTION('',(1.,0.));
#1343 = ( GEOMETRIC_REPRESENTATION_CONTEXT(2) 
PARAMETRIC_REPRESENTATION_CONTEXT() REPRESENTATION_CONTEXT('2D SPACE',''
  ) );
#1344 = ORIENTED_EDGE('',*,*,#1345,.T.);
#1345 = EDGE_CURVE('',#1316,#606,#1346,.T.);
#1346 = SURFACE_CURVE('',#1347,(#1351,#1358),.PCURVE_S1.);
#1347 = LINE('',#1348,#1349);
#1348 = CARTESIAN_POINT('',(3.42201171875,57.1380078125,1.));
#1349 = VECTOR('',#1350,1.);
#1350 = DIRECTION('',(-1.,0.,0.));
#1351 = PCURVE('',#157,#1352);
#1352 = DEFINITIONAL_REPRESENTATION('',(#1353),#1357);
#1353 = LINE('',#1354,#1355);
#1354 = CARTESIAN_POINT('',(3.42201171875,7.1380078125));
#1355 = VECTOR('',#1356,1.);
#1356 = DIRECTION('',(-1.,0.));
#1357 = ( GEOMETRIC_REPRESENTATION_CONTEXT(2) 
PARAMETRIC_REPRESENTATION_CONTEXT() REPRESENTATION_CONTEXT('2D SPACE',''
  ) );
#1358 = PCURVE('',#1359,#1364);
#1359 = PLANE('',#1360);
#1360 = AXIS2_PLACEMENT_3D('',#1361,#1362,#1363);
#1361 = CARTESIAN_POINT('',(3.42201171875,57.1380078125,1.));
#1362 = DIRECTION('',(0.,-1.,0.));
#1363 = DIRECTION('',(-1.,0.,0.));
#1364 = DEFINITIONAL_REPRESENTATION('',(#1365),#1369);
#1365 = LINE('',#1366,#1367);
#1366 = CARTESIAN_POINT('',(1.7763568394E-15,0.));
#1367 = VECTOR('',#1368,1.);
#1368 = DIRECTION('',(1.,0.));
#1369 = ( GEOMETRIC_REPRESENTATION_CONTEXT(2) 
PARAMETRIC_REPRESENTATION_CONTEXT() REPRESENTATION_CONTEXT('2D SPACE',''
  ) );
#1370 = FACE_BOUND('',#1371,.T.);
#1371 = EDGE_LOOP('',(#1372,#1402,#1430,#1458,#1486,#1514,#1542,#1570,
    #1598,#1626,#1654));
#1372 = ORIENTED_EDGE('',*,*,#1373,.T.);
#1373 = EDGE_CURVE('',#1374,#1376,#1378,.T.);
#1374 = VERTEX_POINT('',#1375);
#1375 = CARTESIAN_POINT('',(8.42,55.2,1.));
#1376 = VERTEX_POINT('',#1377);
#1377 = CARTESIAN_POINT('',(7.8919921875,55.2,1.));
#1378 = SURFACE_CURVE('',#1379,(#1383,#1390),.PCURVE_S1.);
#1379 = LINE('',#1380,#1381);
#1380 = CARTESIAN_POINT('',(8.42,55.2,1.));
#1381 = VECTOR('',#1382,1.);
#1382 = DIRECTION('',(-1.,0.,0.));
#1383 = PCURVE('',#157,#1384);
#1384 = DEFINITIONAL_REPRESENTATION('',(#1385),#1389);
#1385 = LINE('',#1386,#1387);
#1386 = CARTESIAN_POINT('',(8.42,5.2));
#1387 = VECTOR('',#1388,1.);
#1388 = DIRECTION('',(-1.,0.));
#1389 = ( GEOMETRIC_REPRESENTATION_CONTEXT(2) 
PARAMETRIC_REPRESENTATION_CONTEXT() REPRESENTATION_CONTEXT('2D SPACE',''
  ) );
#1390 = PCURVE('',#1391,#1396);
#1391 = PLANE('',#1392);
#1392 = AXIS2_PLACEMENT_3D('',#1393,#1394,#1395);
#1393 = CARTESIAN_POINT('',(8.42,55.2,1.));
#1394 = DIRECTION('',(0.,-1.,0.));
#1395 = DIRECTION('',(-1.,0.,0.));
#1396 = DEFINITIONAL_REPRESENTATION('',(#1397),#1401);
#1397 = LINE('',#1398,#1399);
#1398 = CARTESIAN_POINT('',(0.,-0.));
#1399 = VECTOR('',#1400,1.);
#1400 = DIRECTION('',(1.,0.));
#1401 = ( GEOMETRIC_REPRESENTATION_CONTEXT(2) 
PARAMETRIC_REPRESENTATION_CONTEXT() REPRESENTATION_CONTEXT('2D SPACE',''
  ) );
#1402 = ORIENTED_EDGE('',*,*,#1403,.T.);
#1403 = EDGE_CURVE('',#1376,#1404,#1406,.T.);
#1404 = VERTEX_POINT('',#1405);
#1405 = CARTESIAN_POINT('',(7.8919921875,56.22,1.));
#1406 = SURFACE_CURVE('',#1407,(#1411,#1418),.PCURVE_S1.);
#1407 = LINE('',#1408,#1409);
#1408 = CARTESIAN_POINT('',(7.8919921875,55.2,1.));
#1409 = VECTOR('',#1410,1.);
#1410 = DIRECTION('',(0.,1.,0.));
#1411 = PCURVE('',#157,#1412);
#1412 = DEFINITIONAL_REPRESENTATION('',(#1413),#1417);
#1413 = LINE('',#1414,#1415);
#1414 = CARTESIAN_POINT('',(7.8919921875,5.2));
#1415 = VECTOR('',#1416,1.);
#1416 = DIRECTION('',(0.,1.));
#1417 = ( GEOMETRIC_REPRESENTATION_CONTEXT(2) 
PARAMETRIC_REPRESENTATION_CONTEXT() REPRESENTATION_CONTEXT('2D SPACE',''
  ) );
#1418 = PCURVE('',#1419,#1424);
#1419 = PLANE('',#1420);
#1420 = AXIS2_PLACEMENT_3D('',#1421,#1422,#1423);
#1421 = CARTESIAN_POINT('',(7.8919921875,55.2,1.));
#1422 = DIRECTION('',(-1.,0.,0.));
#1423 = DIRECTION('',(0.,1.,0.));
#1424 = DEFINITIONAL_REPRESENTATION('',(#1425),#1429);
#1425 = LINE('',#1426,#1427);
#1426 = CARTESIAN_POINT('',(0.,0.));
#1427 = VECTOR('',#1428,1.);
#1428 = DIRECTION('',(1.,0.));
#1429 = ( GEOMETRIC_REPRESENTATION_CONTEXT(2) 
PARAMETRIC_REPRESENTATION_CONTEXT() REPRESENTATION_CONTEXT('2D SPACE',''
  ) );
#1430 = ORIENTED_EDGE('',*,*,#1431,.T.);
#1431 = EDGE_CURVE('',#1404,#1432,#1434,.T.);
#1432 = VERTEX_POINT('',#1433);
#1433 = CARTESIAN_POINT('',(6.0980078125,56.22,1.));
#1434 = SURFACE_CURVE('',#1435,(#1439,#1446),.PCURVE_S1.);
#1435 = LINE('',#1436,#1437);
#1436 = CARTESIAN_POINT('',(7.8919921875,56.22,1.));
#1437 = VECTOR('',#1438,1.);
#1438 = DIRECTION('',(-1.,0.,0.));
#1439 = PCURVE('',#157,#1440);
#1440 = DEFINITIONAL_REPRESENTATION('',(#1441),#1445);
#1441 = LINE('',#1442,#1443);
#1442 = CARTESIAN_POINT('',(7.8919921875,6.22));
#1443 = VECTOR('',#1444,1.);
#1444 = DIRECTION('',(-1.,0.));
#1445 = ( GEOMETRIC_REPRESENTATION_CONTEXT(2) 
PARAMETRIC_REPRESENTATION_CONTEXT() REPRESENTATION_CONTEXT('2D SPACE',''
  ) );
#1446 = PCURVE('',#1447,#1452);
#1447 = PLANE('',#1448);
#1448 = AXIS2_PLACEMENT_3D('',#1449,#1450,#1451);
#1449 = CARTESIAN_POINT('',(7.8919921875,56.22,1.));
#1450 = DIRECTION('',(0.,-1.,0.));
#1451 = DIRECTION('',(-1.,0.,0.));
#1452 = DEFINITIONAL_REPRESENTATION('',(#1453),#1457);
#1453 = LINE('',#1454,#1455);
#1454 = CARTESIAN_POINT('',(0.,-0.));
#1455 = VECTOR('',#1456,1.);
#1456 = DIRECTION('',(1.,0.));
#1457 = ( GEOMETRIC_REPRESENTATION_CONTEXT(2) 
PARAMETRIC_REPRESENTATION_CONTEXT() REPRESENTATION_CONTEXT('2D SPACE',''
  ) );
#1458 = ORIENTED_EDGE('',*,*,#1459,.T.);
#1459 = EDGE_CURVE('',#1432,#1460,#1462,.T.);
#1460 = VERTEX_POINT('',#1461);
#1461 = CARTESIAN_POINT('',(6.0980078125,56.7780078125,1.));
#1462 = SURFACE_CURVE('',#1463,(#1467,#1474),.PCURVE_S1.);
#1463 = LINE('',#1464,#1465);
#1464 = CARTESIAN_POINT('',(6.0980078125,56.22,1.));
#1465 = VECTOR('',#1466,1.);
#1466 = DIRECTION('',(0.,1.,0.));
#1467 = PCURVE('',#157,#1468);
#1468 = DEFINITIONAL_REPRESENTATION('',(#1469),#1473);
#1469 = LINE('',#1470,#1471);
#1470 = CARTESIAN_POINT('',(6.0980078125,6.22));
#1471 = VECTOR('',#1472,1.);
#1472 = DIRECTION('',(0.,1.));
#1473 = ( GEOMETRIC_REPRESENTATION_CONTEXT(2) 
PARAMETRIC_REPRESENTATION_CONTEXT() REPRESENTATION_CONTEXT('2D SPACE',''
  ) );
#1474 = PCURVE('',#1475,#1480);
#1475 = PLANE('',#1476);
#1476 = AXIS2_PLACEMENT_3D('',#1477,#1478,#1479);
#1477 = CARTESIAN_POINT('',(6.0980078125,56.22,1.));
#1478 = DIRECTION('',(-1.,0.,0.));
#1479 = DIRECTION('',(0.,1.,0.));
#1480 = DEFINITIONAL_REPRESENTATION('',(#1481),#1485);
#1481 = LINE('',#1482,#1483);
#1482 = CARTESIAN_POINT('',(0.,0.));
#1483 = VECTOR('',#1484,1.);
#1484 = DIRECTION('',(1.,0.));
#1485 = ( GEOMETRIC_REPRESENTATION_CONTEXT(2) 
PARAMETRIC_REPRESENTATION_CONTEXT() REPRESENTATION_CONTEXT('2D SPACE',''
  ) );
#1486 = ORIENTED_EDGE('',*,*,#1487,.T.);
#1487 = EDGE_CURVE('',#1460,#1488,#1490,.T.);
#1488 = VERTEX_POINT('',#1489);
#1489 = CARTESIAN_POINT('',(8.03,59.45400390625,1.));
#1490 = SURFACE_CURVE('',#1491,(#1495,#1502),.PCURVE_S1.);
#1491 = LINE('',#1492,#1493);
#1492 = CARTESIAN_POINT('',(6.0980078125,56.7780078125,1.));
#1493 = VECTOR('',#1494,1.);
#1494 = DIRECTION('',(0.585356805797,0.810775807426,0.));
#1495 = PCURVE('',#157,#1496);
#1496 = DEFINITIONAL_REPRESENTATION('',(#1497),#1501);
#1497 = LINE('',#1498,#1499);
#1498 = CARTESIAN_POINT('',(6.0980078125,6.7780078125));
#1499 = VECTOR('',#1500,1.);
#1500 = DIRECTION('',(0.585356805797,0.810775807426));
#1501 = ( GEOMETRIC_REPRESENTATION_CONTEXT(2) 
PARAMETRIC_REPRESENTATION_CONTEXT() REPRESENTATION_CONTEXT('2D SPACE',''
  ) );
#1502 = PCURVE('',#1503,#1508);
#1503 = PLANE('',#1504);
#1504 = AXIS2_PLACEMENT_3D('',#1505,#1506,#1507);
#1505 = CARTESIAN_POINT('',(6.0980078125,56.7780078125,1.));
#1506 = DIRECTION('',(-0.810775807426,0.585356805797,0.));
#1507 = DIRECTION('',(0.585356805797,0.810775807426,0.));
#1508 = DEFINITIONAL_REPRESENTATION('',(#1509),#1513);
#1509 = LINE('',#1510,#1511);
#1510 = CARTESIAN_POINT('',(7.8405137339E-15,0.));
#1511 = VECTOR('',#1512,1.);
#1512 = DIRECTION('',(1.,0.));
#1513 = ( GEOMETRIC_REPRESENTATION_CONTEXT(2) 
PARAMETRIC_REPRESENTATION_CONTEXT() REPRESENTATION_CONTEXT('2D SPACE',''
  ) );
#1514 = ORIENTED_EDGE('',*,*,#1515,.T.);
#1515 = EDGE_CURVE('',#1488,#1516,#1518,.T.);
#1516 = VERTEX_POINT('',#1517);
#1517 = CARTESIAN_POINT('',(8.42,59.45400390625,1.));
#1518 = SURFACE_CURVE('',#1519,(#1523,#1530),.PCURVE_S1.);
#1519 = LINE('',#1520,#1521);
#1520 = CARTESIAN_POINT('',(8.03,59.45400390625,1.));
#1521 = VECTOR('',#1522,1.);
#1522 = DIRECTION('',(1.,0.,0.));
#1523 = PCURVE('',#157,#1524);
#1524 = DEFINITIONAL_REPRESENTATION('',(#1525),#1529);
#1525 = LINE('',#1526,#1527);
#1526 = CARTESIAN_POINT('',(8.03,9.45400390625));
#1527 = VECTOR('',#1528,1.);
#1528 = DIRECTION('',(1.,0.));
#1529 = ( GEOMETRIC_REPRESENTATION_CONTEXT(2) 
PARAMETRIC_REPRESENTATION_CONTEXT() REPRESENTATION_CONTEXT('2D SPACE',''
  ) );
#1530 = PCURVE('',#1531,#1536);
#1531 = PLANE('',#1532);
#1532 = AXIS2_PLACEMENT_3D('',#1533,#1534,#1535);
#1533 = CARTESIAN_POINT('',(8.03,59.45400390625,1.));
#1534 = DIRECTION('',(0.,1.,0.));
#1535 = DIRECTION('',(1.,0.,0.));
#1536 = DEFINITIONAL_REPRESENTATION('',(#1537),#1541);
#1537 = LINE('',#1538,#1539);
#1538 = CARTESIAN_POINT('',(0.,0.));
#1539 = VECTOR('',#1540,1.);
#1540 = DIRECTION('',(1.,0.));
#1541 = ( GEOMETRIC_REPRESENTATION_CONTEXT(2) 
PARAMETRIC_REPRESENTATION_CONTEXT() REPRESENTATION_CONTEXT('2D SPACE',''
  ) );
#1542 = ORIENTED_EDGE('',*,*,#1543,.T.);
#1543 = EDGE_CURVE('',#1516,#1544,#1546,.T.);
#1544 = VERTEX_POINT('',#1545);
#1545 = CARTESIAN_POINT('',(8.42,56.69400390625,1.));
#1546 = SURFACE_CURVE('',#1547,(#1551,#1558),.PCURVE_S1.);
#1547 = LINE('',#1548,#1549);
#1548 = CARTESIAN_POINT('',(8.42,59.45400390625,1.));
#1549 = VECTOR('',#1550,1.);
#1550 = DIRECTION('',(0.,-1.,0.));
#1551 = PCURVE('',#157,#1552);
#1552 = DEFINITIONAL_REPRESENTATION('',(#1553),#1557);
#1553 = LINE('',#1554,#1555);
#1554 = CARTESIAN_POINT('',(8.42,9.45400390625));
#1555 = VECTOR('',#1556,1.);
#1556 = DIRECTION('',(0.,-1.));
#1557 = ( GEOMETRIC_REPRESENTATION_CONTEXT(2) 
PARAMETRIC_REPRESENTATION_CONTEXT() REPRESENTATION_CONTEXT('2D SPACE',''
  ) );
#1558 = PCURVE('',#1559,#1564);
#1559 = PLANE('',#1560);
#1560 = AXIS2_PLACEMENT_3D('',#1561,#1562,#1563);
#1561 = CARTESIAN_POINT('',(8.42,59.45400390625,1.));
#1562 = DIRECTION('',(1.,0.,0.));
#1563 = DIRECTION('',(0.,-1.,0.));
#1564 = DEFINITIONAL_REPRESENTATION('',(#1565),#1569);
#1565 = LINE('',#1566,#1567);
#1566 = CARTESIAN_POINT('',(-7.105427357601E-15,0.));
#1567 = VECTOR('',#1568,1.);
#1568 = DIRECTION('',(1.,0.));
#1569 = ( GEOMETRIC_REPRESENTATION_CONTEXT(2) 
PARAMETRIC_REPRESENTATION_CONTEXT() REPRESENTATION_CONTEXT('2D SPACE',''
  ) );
#1570 = ORIENTED_EDGE('',*,*,#1571,.T.);
#1571 = EDGE_CURVE('',#1544,#1572,#1574,.T.);
#1572 = VERTEX_POINT('',#1573);
#1573 = CARTESIAN_POINT('',(9.05,56.69400390625,1.));
#1574 = SURFACE_CURVE('',#1575,(#1579,#1586),.PCURVE_S1.);
#1575 = LINE('',#1576,#1577);
#1576 = CARTESIAN_POINT('',(8.42,56.69400390625,1.));
#1577 = VECTOR('',#1578,1.);
#1578 = DIRECTION('',(1.,0.,0.));
#1579 = PCURVE('',#157,#1580);
#1580 = DEFINITIONAL_REPRESENTATION('',(#1581),#1585);
#1581 = LINE('',#1582,#1583);
#1582 = CARTESIAN_POINT('',(8.42,6.69400390625));
#1583 = VECTOR('',#1584,1.);
#1584 = DIRECTION('',(1.,0.));
#1585 = ( GEOMETRIC_REPRESENTATION_CONTEXT(2) 
PARAMETRIC_REPRESENTATION_CONTEXT() REPRESENTATION_CONTEXT('2D SPACE',''
  ) );
#1586 = PCURVE('',#1587,#1592);
#1587 = PLANE('',#1588);
#1588 = AXIS2_PLACEMENT_3D('',#1589,#1590,#1591);
#1589 = CARTESIAN_POINT('',(8.42,56.69400390625,1.));
#1590 = DIRECTION('',(0.,1.,0.));
#1591 = DIRECTION('',(1.,0.,0.));
#1592 = DEFINITIONAL_REPRESENTATION('',(#1593),#1597);
#1593 = LINE('',#1594,#1595);
#1594 = CARTESIAN_POINT('',(0.,0.));
#1595 = VECTOR('',#1596,1.);
#1596 = DIRECTION('',(1.,0.));
#1597 = ( GEOMETRIC_REPRESENTATION_CONTEXT(2) 
PARAMETRIC_REPRESENTATION_CONTEXT() REPRESENTATION_CONTEXT('2D SPACE',''
  ) );
#1598 = ORIENTED_EDGE('',*,*,#1599,.T.);
#1599 = EDGE_CURVE('',#1572,#1600,#1602,.T.);
#1600 = VERTEX_POINT('',#1601);
#1601 = CARTESIAN_POINT('',(9.05,56.22,1.));
#1602 = SURFACE_CURVE('',#1603,(#1607,#1614),.PCURVE_S1.);
#1603 = LINE('',#1604,#1605);
#1604 = CARTESIAN_POINT('',(9.05,56.69400390625,1.));
#1605 = VECTOR('',#1606,1.);
#1606 = DIRECTION('',(0.,-1.,0.));
#1607 = PCURVE('',#157,#1608);
#1608 = DEFINITIONAL_REPRESENTATION('',(#1609),#1613);
#1609 = LINE('',#1610,#1611);
#1610 = CARTESIAN_POINT('',(9.05,6.69400390625));
#1611 = VECTOR('',#1612,1.);
#1612 = DIRECTION('',(0.,-1.));
#1613 = ( GEOMETRIC_REPRESENTATION_CONTEXT(2) 
PARAMETRIC_REPRESENTATION_CONTEXT() REPRESENTATION_CONTEXT('2D SPACE',''
  ) );
#1614 = PCURVE('',#1615,#1620);
#1615 = PLANE('',#1616);
#1616 = AXIS2_PLACEMENT_3D('',#1617,#1618,#1619);
#1617 = CARTESIAN_POINT('',(9.05,56.69400390625,1.));
#1618 = DIRECTION('',(1.,0.,0.));
#1619 = DIRECTION('',(0.,-1.,0.));
#1620 = DEFINITIONAL_REPRESENTATION('',(#1621),#1625);
#1621 = LINE('',#1622,#1623);
#1622 = CARTESIAN_POINT('',(0.,0.));
#1623 = VECTOR('',#1624,1.);
#1624 = DIRECTION('',(1.,0.));
#1625 = ( GEOMETRIC_REPRESENTATION_CONTEXT(2) 
PARAMETRIC_REPRESENTATION_CONTEXT() REPRESENTATION_CONTEXT('2D SPACE',''
  ) );
#1626 = ORIENTED_EDGE('',*,*,#1627,.T.);
#1627 = EDGE_CURVE('',#1600,#1628,#1630,.T.);
#1628 = VERTEX_POINT('',#1629);
#1629 = CARTESIAN_POINT('',(8.42,56.22,1.));
#1630 = SURFACE_CURVE('',#1631,(#1635,#1642),.PCURVE_S1.);
#1631 = LINE('',#1632,#1633);
#1632 = CARTESIAN_POINT('',(9.05,56.22,1.));
#1633 = VECTOR('',#1634,1.);
#1634 = DIRECTION('',(-1.,0.,0.));
#1635 = PCURVE('',#157,#1636);
#1636 = DEFINITIONAL_REPRESENTATION('',(#1637),#1641);
#1637 = LINE('',#1638,#1639);
#1638 = CARTESIAN_POINT('',(9.05,6.22));
#1639 = VECTOR('',#1640,1.);
#1640 = DIRECTION('',(-1.,0.));
#1641 = ( GEOMETRIC_REPRESENTATION_CONTEXT(2) 
PARAMETRIC_REPRESENTATION_CONTEXT() REPRESENTATION_CONTEXT('2D SPACE',''
  ) );
#1642 = PCURVE('',#1643,#1648);
#1643 = PLANE('',#1644);
#1644 = AXIS2_PLACEMENT_3D('',#1645,#1646,#1647);
#1645 = CARTESIAN_POINT('',(9.05,56.22,1.));
#1646 = DIRECTION('',(0.,-1.,0.));
#1647 = DIRECTION('',(-1.,0.,0.));
#1648 = DEFINITIONAL_REPRESENTATION('',(#1649),#1653);
#1649 = LINE('',#1650,#1651);
#1650 = CARTESIAN_POINT('',(0.,-0.));
#1651 = VECTOR('',#1652,1.);
#1652 = DIRECTION('',(1.,0.));
#1653 = ( GEOMETRIC_REPRESENTATION_CONTEXT(2) 
PARAMETRIC_REPRESENTATION_CONTEXT() REPRESENTATION_CONTEXT('2D SPACE',''
  ) );
#1654 = ORIENTED_EDGE('',*,*,#1655,.T.);
#1655 = EDGE_CURVE('',#1628,#1374,#1656,.T.);
#1656 = SURFACE_CURVE('',#1657,(#1661,#1668),.PCURVE_S1.);
#1657 = LINE('',#1658,#1659);
#1658 = CARTESIAN_POINT('',(8.42,56.22,1.));
#1659 = VECTOR('',#1660,1.);
#1660 = DIRECTION('',(0.,-1.,0.));
#1661 = PCURVE('',#157,#1662);
#1662 = DEFINITIONAL_REPRESENTATION('',(#1663),#1667);
#1663 = LINE('',#1664,#1665);
#1664 = CARTESIAN_POINT('',(8.42,6.22));
#1665 = VECTOR('',#1666,1.);
#1666 = DIRECTION('',(0.,-1.));
#1667 = ( GEOMETRIC_REPRESENTATION_CONTEXT(2) 
PARAMETRIC_REPRESENTATION_CONTEXT() REPRESENTATION_CONTEXT('2D SPACE',''
  ) );
#1668 = PCURVE('',#1669,#1674);
#1669 = PLANE('',#1670);
#1670 = AXIS2_PLACEMENT_3D('',#1671,#1672,#1673);
#1671 = CARTESIAN_POINT('',(8.42,56.22,1.));
#1672 = DIRECTION('',(1.,0.,0.));
#1673 = DIRECTION('',(0.,-1.,0.));
#1674 = DEFINITIONAL_REPRESENTATION('',(#1675),#1679);
#1675 = LINE('',#1676,#1677);
#1676 = CARTESIAN_POINT('',(0.,0.));
#1677 = VECTOR('',#1678,1.);
#1678 = DIRECTION('',(1.,0.));
#1679 = ( GEOMETRIC_REPRESENTATION_CONTEXT(2) 
PARAMETRIC_REPRESENTATION_CONTEXT() REPRESENTATION_CONTEXT('2D SPACE',''
  ) );
#1680 = FACE_BOUND('',#1681,.T.);
#1681 = EDGE_LOOP('',(#1682,#1712,#1740,#1768,#1796,#1824));
#1682 = ORIENTED_EDGE('',*,*,#1683,.T.);
#1683 = EDGE_CURVE('',#1684,#1686,#1688,.T.);
#1684 = VERTEX_POINT('',#1685);
#1685 = CARTESIAN_POINT('',(9.74599609375,55.2,1.));
#1686 = VERTEX_POINT('',#1687);
#1687 = CARTESIAN_POINT('',(9.74599609375,59.57400390625,1.));
#1688 = SURFACE_CURVE('',#1689,(#1693,#1700),.PCURVE_S1.);
#1689 = LINE('',#1690,#1691);
#1690 = CARTESIAN_POINT('',(9.74599609375,55.2,1.));
#1691 = VECTOR('',#1692,1.);
#1692 = DIRECTION('',(0.,1.,0.));
#1693 = PCURVE('',#157,#1694);
#1694 = DEFINITIONAL_REPRESENTATION('',(#1695),#1699);
#1695 = LINE('',#1696,#1697);
#1696 = CARTESIAN_POINT('',(9.74599609375,5.2));
#1697 = VECTOR('',#1698,1.);
#1698 = DIRECTION('',(0.,1.));
#1699 = ( GEOMETRIC_REPRESENTATION_CONTEXT(2) 
PARAMETRIC_REPRESENTATION_CONTEXT() REPRESENTATION_CONTEXT('2D SPACE',''
  ) );
#1700 = PCURVE('',#1701,#1706);
#1701 = PLANE('',#1702);
#1702 = AXIS2_PLACEMENT_3D('',#1703,#1704,#1705);
#1703 = CARTESIAN_POINT('',(9.74599609375,55.2,1.));
#1704 = DIRECTION('',(-1.,0.,0.));
#1705 = DIRECTION('',(0.,1.,0.));
#1706 = DEFINITIONAL_REPRESENTATION('',(#1707),#1711);
#1707 = LINE('',#1708,#1709);
#1708 = CARTESIAN_POINT('',(0.,0.));
#1709 = VECTOR('',#1710,1.);
#1710 = DIRECTION('',(1.,0.));
#1711 = ( GEOMETRIC_REPRESENTATION_CONTEXT(2) 
PARAMETRIC_REPRESENTATION_CONTEXT() REPRESENTATION_CONTEXT('2D SPACE',''
  ) );
#1712 = ORIENTED_EDGE('',*,*,#1713,.T.);
#1713 = EDGE_CURVE('',#1686,#1714,#1716,.T.);
#1714 = VERTEX_POINT('',#1715);
#1715 = CARTESIAN_POINT('',(10.30400390625,59.57400390625,1.));
#1716 = SURFACE_CURVE('',#1717,(#1721,#1728),.PCURVE_S1.);
#1717 = LINE('',#1718,#1719);
#1718 = CARTESIAN_POINT('',(9.74599609375,59.57400390625,1.));
#1719 = VECTOR('',#1720,1.);
#1720 = DIRECTION('',(1.,0.,0.));
#1721 = PCURVE('',#157,#1722);
#1722 = DEFINITIONAL_REPRESENTATION('',(#1723),#1727);
#1723 = LINE('',#1724,#1725);
#1724 = CARTESIAN_POINT('',(9.74599609375,9.57400390625));
#1725 = VECTOR('',#1726,1.);
#1726 = DIRECTION('',(1.,0.));
#1727 = ( GEOMETRIC_REPRESENTATION_CONTEXT(2) 
PARAMETRIC_REPRESENTATION_CONTEXT() REPRESENTATION_CONTEXT('2D SPACE',''
  ) );
#1728 = PCURVE('',#1729,#1734);
#1729 = PLANE('',#1730);
#1730 = AXIS2_PLACEMENT_3D('',#1731,#1732,#1733);
#1731 = CARTESIAN_POINT('',(9.74599609375,59.57400390625,1.));
#1732 = DIRECTION('',(0.,1.,0.));
#1733 = DIRECTION('',(1.,0.,0.));
#1734 = DEFINITIONAL_REPRESENTATION('',(#1735),#1739);
#1735 = LINE('',#1736,#1737);
#1736 = CARTESIAN_POINT('',(0.,0.));
#1737 = VECTOR('',#1738,1.);
#1738 = DIRECTION('',(1.,0.));
#1739 = ( GEOMETRIC_REPRESENTATION_CONTEXT(2) 
PARAMETRIC_REPRESENTATION_CONTEXT() REPRESENTATION_CONTEXT('2D SPACE',''
  ) );
#1740 = ORIENTED_EDGE('',*,*,#1741,.T.);
#1741 = EDGE_CURVE('',#1714,#1742,#1744,.T.);
#1742 = VERTEX_POINT('',#1743);
#1743 = CARTESIAN_POINT('',(10.30400390625,55.6919921875,1.));
#1744 = SURFACE_CURVE('',#1745,(#1749,#1756),.PCURVE_S1.);
#1745 = LINE('',#1746,#1747);
#1746 = CARTESIAN_POINT('',(10.30400390625,59.57400390625,1.));
#1747 = VECTOR('',#1748,1.);
#1748 = DIRECTION('',(0.,-1.,0.));
#1749 = PCURVE('',#157,#1750);
#1750 = DEFINITIONAL_REPRESENTATION('',(#1751),#1755);
#1751 = LINE('',#1752,#1753);
#1752 = CARTESIAN_POINT('',(10.30400390625,9.57400390625));
#1753 = VECTOR('',#1754,1.);
#1754 = DIRECTION('',(0.,-1.));
#1755 = ( GEOMETRIC_REPRESENTATION_CONTEXT(2) 
PARAMETRIC_REPRESENTATION_CONTEXT() REPRESENTATION_CONTEXT('2D SPACE',''
  ) );
#1756 = PCURVE('',#1757,#1762);
#1757 = PLANE('',#1758);
#1758 = AXIS2_PLACEMENT_3D('',#1759,#1760,#1761);
#1759 = CARTESIAN_POINT('',(10.30400390625,59.57400390625,1.));
#1760 = DIRECTION('',(1.,0.,0.));
#1761 = DIRECTION('',(0.,-1.,0.));
#1762 = DEFINITIONAL_REPRESENTATION('',(#1763),#1767);
#1763 = LINE('',#1764,#1765);
#1764 = CARTESIAN_POINT('',(0.,0.));
#1765 = VECTOR('',#1766,1.);
#1766 = DIRECTION('',(1.,0.));
#1767 = ( GEOMETRIC_REPRESENTATION_CONTEXT(2) 
PARAMETRIC_REPRESENTATION_CONTEXT() REPRESENTATION_CONTEXT('2D SPACE',''
  ) );
#1768 = ORIENTED_EDGE('',*,*,#1769,.T.);
#1769 = EDGE_CURVE('',#1742,#1770,#1772,.T.);
#1770 = VERTEX_POINT('',#1771);
#1771 = CARTESIAN_POINT('',(12.46400390625,55.6919921875,1.));
#1772 = SURFACE_CURVE('',#1773,(#1777,#1784),.PCURVE_S1.);
#1773 = LINE('',#1774,#1775);
#1774 = CARTESIAN_POINT('',(10.30400390625,55.6919921875,1.));
#1775 = VECTOR('',#1776,1.);
#1776 = DIRECTION('',(1.,0.,0.));
#1777 = PCURVE('',#157,#1778);
#1778 = DEFINITIONAL_REPRESENTATION('',(#1779),#1783);
#1779 = LINE('',#1780,#1781);
#1780 = CARTESIAN_POINT('',(10.30400390625,5.6919921875));
#1781 = VECTOR('',#1782,1.);
#1782 = DIRECTION('',(1.,0.));
#1783 = ( GEOMETRIC_REPRESENTATION_CONTEXT(2) 
PARAMETRIC_REPRESENTATION_CONTEXT() REPRESENTATION_CONTEXT('2D SPACE',''
  ) );
#1784 = PCURVE('',#1785,#1790);
#1785 = PLANE('',#1786);
#1786 = AXIS2_PLACEMENT_3D('',#1787,#1788,#1789);
#1787 = CARTESIAN_POINT('',(10.30400390625,55.6919921875,1.));
#1788 = DIRECTION('',(0.,1.,0.));
#1789 = DIRECTION('',(1.,0.,0.));
#1790 = DEFINITIONAL_REPRESENTATION('',(#1791),#1795);
#1791 = LINE('',#1792,#1793);
#1792 = CARTESIAN_POINT('',(0.,0.));
#1793 = VECTOR('',#1794,1.);
#1794 = DIRECTION('',(1.,0.));
#1795 = ( GEOMETRIC_REPRESENTATION_CONTEXT(2) 
PARAMETRIC_REPRESENTATION_CONTEXT() REPRESENTATION_CONTEXT('2D SPACE',''
  ) );
#1796 = ORIENTED_EDGE('',*,*,#1797,.T.);
#1797 = EDGE_CURVE('',#1770,#1798,#1800,.T.);
#1798 = VERTEX_POINT('',#1799);
#1799 = CARTESIAN_POINT('',(12.46400390625,55.2,1.));
#1800 = SURFACE_CURVE('',#1801,(#1805,#1812),.PCURVE_S1.);
#1801 = LINE('',#1802,#1803);
#1802 = CARTESIAN_POINT('',(12.46400390625,55.6919921875,1.));
#1803 = VECTOR('',#1804,1.);
#1804 = DIRECTION('',(0.,-1.,0.));
#1805 = PCURVE('',#157,#1806);
#1806 = DEFINITIONAL_REPRESENTATION('',(#1807),#1811);
#1807 = LINE('',#1808,#1809);
#1808 = CARTESIAN_POINT('',(12.46400390625,5.6919921875));
#1809 = VECTOR('',#1810,1.);
#1810 = DIRECTION('',(0.,-1.));
#1811 = ( GEOMETRIC_REPRESENTATION_CONTEXT(2) 
PARAMETRIC_REPRESENTATION_CONTEXT() REPRESENTATION_CONTEXT('2D SPACE',''
  ) );
#1812 = PCURVE('',#1813,#1818);
#1813 = PLANE('',#1814);
#1814 = AXIS2_PLACEMENT_3D('',#1815,#1816,#1817);
#1815 = CARTESIAN_POINT('',(12.46400390625,55.6919921875,1.));
#1816 = DIRECTION('',(1.,0.,0.));
#1817 = DIRECTION('',(0.,-1.,0.));
#1818 = DEFINITIONAL_REPRESENTATION('',(#1819),#1823);
#1819 = LINE('',#1820,#1821);
#1820 = CARTESIAN_POINT('',(-7.105427357601E-15,0.));
#1821 = VECTOR('',#1822,1.);
#1822 = DIRECTION('',(1.,0.));
#1823 = ( GEOMETRIC_REPRESENTATION_CONTEXT(2) 
PARAMETRIC_REPRESENTATION_CONTEXT() REPRESENTATION_CONTEXT('2D SPACE',''
  ) );
#1824 = ORIENTED_EDGE('',*,*,#1825,.T.);
#1825 = EDGE_CURVE('',#1798,#1684,#1826,.T.);
#1826 = SURFACE_CURVE('',#1827,(#1831,#1838),.PCURVE_S1.);
#1827 = LINE('',#1828,#1829);
#1828 = CARTESIAN_POINT('',(12.46400390625,55.2,1.));
#1829 = VECTOR('',#1830,1.);
#1830 = DIRECTION('',(-1.,0.,0.));
#1831 = PCURVE('',#157,#1832);
#1832 = DEFINITIONAL_REPRESENTATION('',(#1833),#1837);
#1833 = LINE('',#1834,#1835);
#1834 = CARTESIAN_POINT('',(12.46400390625,5.2));
#1835 = VECTOR('',#1836,1.);
#1836 = DIRECTION('',(-1.,0.));
#1837 = ( GEOMETRIC_REPRESENTATION_CONTEXT(2) 
PARAMETRIC_REPRESENTATION_CONTEXT() REPRESENTATION_CONTEXT('2D SPACE',''
  ) );
#1838 = PCURVE('',#1839,#1844);
#1839 = PLANE('',#1840);
#1840 = AXIS2_PLACEMENT_3D('',#1841,#1842,#1843);
#1841 = CARTESIAN_POINT('',(12.46400390625,55.2,1.));
#1842 = DIRECTION('',(0.,-1.,0.));
#1843 = DIRECTION('',(-1.,0.,0.));
#1844 = DEFINITIONAL_REPRESENTATION('',(#1845),#1849);
#1845 = LINE('',#1846,#1847);
#1846 = CARTESIAN_POINT('',(0.,-0.));
#1847 = VECTOR('',#1848,1.);
#1848 = DIRECTION('',(1.,0.));
#1849 = ( GEOMETRIC_REPRESENTATION_CONTEXT(2) 
PARAMETRIC_REPRESENTATION_CONTEXT() REPRESENTATION_CONTEXT('2D SPACE',''
  ) );
#1850 = FACE_BOUND('',#1851,.T.);
#1851 = EDGE_LOOP('',(#1852,#1882,#1910,#1938,#1966,#1994,#2022));
#1852 = ORIENTED_EDGE('',*,*,#1853,.T.);
#1853 = EDGE_CURVE('',#1854,#1856,#1858,.T.);
#1854 = VERTEX_POINT('',#1855);
#1855 = CARTESIAN_POINT('',(15.65,59.57400390625,1.));
#1856 = VERTEX_POINT('',#1857);
#1857 = CARTESIAN_POINT('',(16.24400390625,59.57400390625,1.));
#1858 = SURFACE_CURVE('',#1859,(#1863,#1870),.PCURVE_S1.);
#1859 = LINE('',#1860,#1861);
#1860 = CARTESIAN_POINT('',(15.65,59.57400390625,1.));
#1861 = VECTOR('',#1862,1.);
#1862 = DIRECTION('',(1.,0.,0.));
#1863 = PCURVE('',#157,#1864);
#1864 = DEFINITIONAL_REPRESENTATION('',(#1865),#1869);
#1865 = LINE('',#1866,#1867);
#1866 = CARTESIAN_POINT('',(15.65,9.57400390625));
#1867 = VECTOR('',#1868,1.);
#1868 = DIRECTION('',(1.,0.));
#1869 = ( GEOMETRIC_REPRESENTATION_CONTEXT(2) 
PARAMETRIC_REPRESENTATION_CONTEXT() REPRESENTATION_CONTEXT('2D SPACE',''
  ) );
#1870 = PCURVE('',#1871,#1876);
#1871 = PLANE('',#1872);
#1872 = AXIS2_PLACEMENT_3D('',#1873,#1874,#1875);
#1873 = CARTESIAN_POINT('',(15.65,59.57400390625,1.));
#1874 = DIRECTION('',(0.,1.,0.));
#1875 = DIRECTION('',(1.,0.,0.));
#1876 = DEFINITIONAL_REPRESENTATION('',(#1877),#1881);
#1877 = LINE('',#1878,#1879);
#1878 = CARTESIAN_POINT('',(0.,0.));
#1879 = VECTOR('',#1880,1.);
#1880 = DIRECTION('',(1.,0.));
#1881 = ( GEOMETRIC_REPRESENTATION_CONTEXT(2) 
PARAMETRIC_REPRESENTATION_CONTEXT() REPRESENTATION_CONTEXT('2D SPACE',''
  ) );
#1882 = ORIENTED_EDGE('',*,*,#1883,.T.);
#1883 = EDGE_CURVE('',#1856,#1884,#1886,.T.);
#1884 = VERTEX_POINT('',#1885);
#1885 = CARTESIAN_POINT('',(14.72599609375,55.2,1.));
#1886 = SURFACE_CURVE('',#1887,(#1891,#1898),.PCURVE_S1.);
#1887 = LINE('',#1888,#1889);
#1888 = CARTESIAN_POINT('',(16.24400390625,59.57400390625,1.));
#1889 = VECTOR('',#1890,1.);
#1890 = DIRECTION('',(-0.327868368856,-0.944723415982,0.));
#1891 = PCURVE('',#157,#1892);
#1892 = DEFINITIONAL_REPRESENTATION('',(#1893),#1897);
#1893 = LINE('',#1894,#1895);
#1894 = CARTESIAN_POINT('',(16.24400390625,9.57400390625));
#1895 = VECTOR('',#1896,1.);
#1896 = DIRECTION('',(-0.327868368856,-0.944723415982));
#1897 = ( GEOMETRIC_REPRESENTATION_CONTEXT(2) 
PARAMETRIC_REPRESENTATION_CONTEXT() REPRESENTATION_CONTEXT('2D SPACE',''
  ) );
#1898 = PCURVE('',#1899,#1904);
#1899 = PLANE('',#1900);
#1900 = AXIS2_PLACEMENT_3D('',#1901,#1902,#1903);
#1901 = CARTESIAN_POINT('',(16.24400390625,59.57400390625,1.));
#1902 = DIRECTION('',(0.944723415982,-0.327868368856,0.));
#1903 = DIRECTION('',(-0.327868368856,-0.944723415982,0.));
#1904 = DEFINITIONAL_REPRESENTATION('',(#1905),#1909);
#1905 = LINE('',#1906,#1907);
#1906 = CARTESIAN_POINT('',(0.,0.));
#1907 = VECTOR('',#1908,1.);
#1908 = DIRECTION('',(1.,-0.));
#1909 = ( GEOMETRIC_REPRESENTATION_CONTEXT(2) 
PARAMETRIC_REPRESENTATION_CONTEXT() REPRESENTATION_CONTEXT('2D SPACE',''
  ) );
#1910 = ORIENTED_EDGE('',*,*,#1911,.T.);
#1911 = EDGE_CURVE('',#1884,#1912,#1914,.T.);
#1912 = VERTEX_POINT('',#1913);
#1913 = CARTESIAN_POINT('',(14.12599609375,55.2,1.));
#1914 = SURFACE_CURVE('',#1915,(#1919,#1926),.PCURVE_S1.);
#1915 = LINE('',#1916,#1917);
#1916 = CARTESIAN_POINT('',(14.72599609375,55.2,1.));
#1917 = VECTOR('',#1918,1.);
#1918 = DIRECTION('',(-1.,0.,0.));
#1919 = PCURVE('',#157,#1920);
#1920 = DEFINITIONAL_REPRESENTATION('',(#1921),#1925);
#1921 = LINE('',#1922,#1923);
#1922 = CARTESIAN_POINT('',(14.72599609375,5.2));
#1923 = VECTOR('',#1924,1.);
#1924 = DIRECTION('',(-1.,0.));
#1925 = ( GEOMETRIC_REPRESENTATION_CONTEXT(2) 
PARAMETRIC_REPRESENTATION_CONTEXT() REPRESENTATION_CONTEXT('2D SPACE',''
  ) );
#1926 = PCURVE('',#1927,#1932);
#1927 = PLANE('',#1928);
#1928 = AXIS2_PLACEMENT_3D('',#1929,#1930,#1931);
#1929 = CARTESIAN_POINT('',(14.72599609375,55.2,1.));
#1930 = DIRECTION('',(0.,-1.,0.));
#1931 = DIRECTION('',(-1.,0.,0.));
#1932 = DEFINITIONAL_REPRESENTATION('',(#1933),#1937);
#1933 = LINE('',#1934,#1935);
#1934 = CARTESIAN_POINT('',(0.,-0.));
#1935 = VECTOR('',#1936,1.);
#1936 = DIRECTION('',(1.,0.));
#1937 = ( GEOMETRIC_REPRESENTATION_CONTEXT(2) 
PARAMETRIC_REPRESENTATION_CONTEXT() REPRESENTATION_CONTEXT('2D SPACE',''
  ) );
#1938 = ORIENTED_EDGE('',*,*,#1939,.T.);
#1939 = EDGE_CURVE('',#1912,#1940,#1942,.T.);
#1940 = VERTEX_POINT('',#1941);
#1941 = CARTESIAN_POINT('',(12.55400390625,59.57400390625,1.));
#1942 = SURFACE_CURVE('',#1943,(#1947,#1954),.PCURVE_S1.);
#1943 = LINE('',#1944,#1945);
#1944 = CARTESIAN_POINT('',(14.12599609375,55.2,1.));
#1945 = VECTOR('',#1946,1.);
#1946 = DIRECTION('',(-0.338214833323,0.941068927614,0.));
#1947 = PCURVE('',#157,#1948);
#1948 = DEFINITIONAL_REPRESENTATION('',(#1949),#1953);
#1949 = LINE('',#1950,#1951);
#1950 = CARTESIAN_POINT('',(14.12599609375,5.2));
#1951 = VECTOR('',#1952,1.);
#1952 = DIRECTION('',(-0.338214833323,0.941068927614));
#1953 = ( GEOMETRIC_REPRESENTATION_CONTEXT(2) 
PARAMETRIC_REPRESENTATION_CONTEXT() REPRESENTATION_CONTEXT('2D SPACE',''
  ) );
#1954 = PCURVE('',#1955,#1960);
#1955 = PLANE('',#1956);
#1956 = AXIS2_PLACEMENT_3D('',#1957,#1958,#1959);
#1957 = CARTESIAN_POINT('',(14.12599609375,55.2,1.));
#1958 = DIRECTION('',(-0.941068927614,-0.338214833323,0.));
#1959 = DIRECTION('',(-0.338214833323,0.941068927614,0.));
#1960 = DEFINITIONAL_REPRESENTATION('',(#1961),#1965);
#1961 = LINE('',#1962,#1963);
#1962 = CARTESIAN_POINT('',(0.,0.));
#1963 = VECTOR('',#1964,1.);
#1964 = DIRECTION('',(1.,0.));
#1965 = ( GEOMETRIC_REPRESENTATION_CONTEXT(2) 
PARAMETRIC_REPRESENTATION_CONTEXT() REPRESENTATION_CONTEXT('2D SPACE',''
  ) );
#1966 = ORIENTED_EDGE('',*,*,#1967,.T.);
#1967 = EDGE_CURVE('',#1940,#1968,#1970,.T.);
#1968 = VERTEX_POINT('',#1969);
#1969 = CARTESIAN_POINT('',(13.15400390625,59.57400390625,1.));
#1970 = SURFACE_CURVE('',#1971,(#1975,#1982),.PCURVE_S1.);
#1971 = LINE('',#1972,#1973);
#1972 = CARTESIAN_POINT('',(12.55400390625,59.57400390625,1.));
#1973 = VECTOR('',#1974,1.);
#1974 = DIRECTION('',(1.,0.,0.));
#1975 = PCURVE('',#157,#1976);
#1976 = DEFINITIONAL_REPRESENTATION('',(#1977),#1981);
#1977 = LINE('',#1978,#1979);
#1978 = CARTESIAN_POINT('',(12.55400390625,9.57400390625));
#1979 = VECTOR('',#1980,1.);
#1980 = DIRECTION('',(1.,0.));
#1981 = ( GEOMETRIC_REPRESENTATION_CONTEXT(2) 
PARAMETRIC_REPRESENTATION_CONTEXT() REPRESENTATION_CONTEXT('2D SPACE',''
  ) );
#1982 = PCURVE('',#1983,#1988);
#1983 = PLANE('',#1984);
#1984 = AXIS2_PLACEMENT_3D('',#1985,#1986,#1987);
#1985 = CARTESIAN_POINT('',(12.55400390625,59.57400390625,1.));
#1986 = DIRECTION('',(0.,1.,0.));
#1987 = DIRECTION('',(1.,0.,0.));
#1988 = DEFINITIONAL_REPRESENTATION('',(#1989),#1993);
#1989 = LINE('',#1990,#1991);
#1990 = CARTESIAN_POINT('',(0.,0.));
#1991 = VECTOR('',#1992,1.);
#1992 = DIRECTION('',(1.,0.));
#1993 = ( GEOMETRIC_REPRESENTATION_CONTEXT(2) 
PARAMETRIC_REPRESENTATION_CONTEXT() REPRESENTATION_CONTEXT('2D SPACE',''
  ) );
#1994 = ORIENTED_EDGE('',*,*,#1995,.T.);
#1995 = EDGE_CURVE('',#1968,#1996,#1998,.T.);
#1996 = VERTEX_POINT('',#1997);
#1997 = CARTESIAN_POINT('',(14.4380078125,55.8719921875,1.));
#1998 = SURFACE_CURVE('',#1999,(#2003,#2010),.PCURVE_S1.);
#1999 = LINE('',#2000,#2001);
#2000 = CARTESIAN_POINT('',(13.15400390625,59.57400390625,1.));
#2001 = VECTOR('',#2002,1.);
#2002 = DIRECTION('',(0.32768898639,-0.944785651986,0.));
#2003 = PCURVE('',#157,#2004);
#2004 = DEFINITIONAL_REPRESENTATION('',(#2005),#2009);
#2005 = LINE('',#2006,#2007);
#2006 = CARTESIAN_POINT('',(13.15400390625,9.57400390625));
#2007 = VECTOR('',#2008,1.);
#2008 = DIRECTION('',(0.32768898639,-0.944785651986));
#2009 = ( GEOMETRIC_REPRESENTATION_CONTEXT(2) 
PARAMETRIC_REPRESENTATION_CONTEXT() REPRESENTATION_CONTEXT('2D SPACE',''
  ) );
#2010 = PCURVE('',#2011,#2016);
#2011 = PLANE('',#2012);
#2012 = AXIS2_PLACEMENT_3D('',#2013,#2014,#2015);
#2013 = CARTESIAN_POINT('',(13.15400390625,59.57400390625,1.));
#2014 = DIRECTION('',(0.944785651986,0.32768898639,0.));
#2015 = DIRECTION('',(0.32768898639,-0.944785651986,0.));
#2016 = DEFINITIONAL_REPRESENTATION('',(#2017),#2021);
#2017 = LINE('',#2018,#2019);
#2018 = CARTESIAN_POINT('',(0.,0.));
#2019 = VECTOR('',#2020,1.);
#2020 = DIRECTION('',(1.,0.));
#2021 = ( GEOMETRIC_REPRESENTATION_CONTEXT(2) 
PARAMETRIC_REPRESENTATION_CONTEXT() REPRESENTATION_CONTEXT('2D SPACE',''
  ) );
#2022 = ORIENTED_EDGE('',*,*,#2023,.T.);
#2023 = EDGE_CURVE('',#1996,#1854,#2024,.T.);
#2024 = SURFACE_CURVE('',#2025,(#2029,#2036),.PCURVE_S1.);
#2025 = LINE('',#2026,#2027);
#2026 = CARTESIAN_POINT('',(14.4380078125,55.8719921875,1.));
#2027 = VECTOR('',#2028,1.);
#2028 = DIRECTION('',(0.311137541764,0.950364893136,0.));
#2029 = PCURVE('',#157,#2030);
#2030 = DEFINITIONAL_REPRESENTATION('',(#2031),#2035);
#2031 = LINE('',#2032,#2033);
#2032 = CARTESIAN_POINT('',(14.4380078125,5.8719921875));
#2033 = VECTOR('',#2034,1.);
#2034 = DIRECTION('',(0.311137541764,0.950364893136));
#2035 = ( GEOMETRIC_REPRESENTATION_CONTEXT(2) 
PARAMETRIC_REPRESENTATION_CONTEXT() REPRESENTATION_CONTEXT('2D SPACE',''
  ) );
#2036 = PCURVE('',#2037,#2042);
#2037 = PLANE('',#2038);
#2038 = AXIS2_PLACEMENT_3D('',#2039,#2040,#2041);
#2039 = CARTESIAN_POINT('',(14.4380078125,55.8719921875,1.));
#2040 = DIRECTION('',(-0.950364893136,0.311137541764,0.));
#2041 = DIRECTION('',(0.311137541764,0.950364893136,0.));
#2042 = DEFINITIONAL_REPRESENTATION('',(#2043),#2047);
#2043 = LINE('',#2044,#2045);
#2044 = CARTESIAN_POINT('',(7.305440011697E-15,0.));
#2045 = VECTOR('',#2046,1.);
#2046 = DIRECTION('',(1.,0.));
#2047 = ( GEOMETRIC_REPRESENTATION_CONTEXT(2) 
PARAMETRIC_REPRESENTATION_CONTEXT() REPRESENTATION_CONTEXT('2D SPACE',''
  ) );
#2048 = FACE_BOUND('',#2049,.T.);
#2049 = EDGE_LOOP('',(#2050,#2080,#2108,#2136,#2164,#2194,#2224,#2252));
#2050 = ORIENTED_EDGE('',*,*,#2051,.T.);
#2051 = EDGE_CURVE('',#2052,#2054,#2056,.T.);
#2052 = VERTEX_POINT('',#2053);
#2053 = CARTESIAN_POINT('',(18.41599609375,55.2,1.));
#2054 = VERTEX_POINT('',#2055);
#2055 = CARTESIAN_POINT('',(17.8880078125,55.2,1.));
#2056 = SURFACE_CURVE('',#2057,(#2061,#2068),.PCURVE_S1.);
#2057 = LINE('',#2058,#2059);
#2058 = CARTESIAN_POINT('',(18.41599609375,55.2,1.));
#2059 = VECTOR('',#2060,1.);
#2060 = DIRECTION('',(-1.,0.,0.));
#2061 = PCURVE('',#157,#2062);
#2062 = DEFINITIONAL_REPRESENTATION('',(#2063),#2067);
#2063 = LINE('',#2064,#2065);
#2064 = CARTESIAN_POINT('',(18.41599609375,5.2));
#2065 = VECTOR('',#2066,1.);
#2066 = DIRECTION('',(-1.,0.));
#2067 = ( GEOMETRIC_REPRESENTATION_CONTEXT(2) 
PARAMETRIC_REPRESENTATION_CONTEXT() REPRESENTATION_CONTEXT('2D SPACE',''
  ) );
#2068 = PCURVE('',#2069,#2074);
#2069 = PLANE('',#2070);
#2070 = AXIS2_PLACEMENT_3D('',#2071,#2072,#2073);
#2071 = CARTESIAN_POINT('',(18.41599609375,55.2,1.));
#2072 = DIRECTION('',(0.,-1.,0.));
#2073 = DIRECTION('',(-1.,0.,0.));
#2074 = DEFINITIONAL_REPRESENTATION('',(#2075),#2079);
#2075 = LINE('',#2076,#2077);
#2076 = CARTESIAN_POINT('',(3.552713678801E-15,0.));
#2077 = VECTOR('',#2078,1.);
#2078 = DIRECTION('',(1.,0.));
#2079 = ( GEOMETRIC_REPRESENTATION_CONTEXT(2) 
PARAMETRIC_REPRESENTATION_CONTEXT() REPRESENTATION_CONTEXT('2D SPACE',''
  ) );
#2080 = ORIENTED_EDGE('',*,*,#2081,.T.);
#2081 = EDGE_CURVE('',#2054,#2082,#2084,.T.);
#2082 = VERTEX_POINT('',#2083);
#2083 = CARTESIAN_POINT('',(17.8880078125,58.23,1.));
#2084 = SURFACE_CURVE('',#2085,(#2089,#2096),.PCURVE_S1.);
#2085 = LINE('',#2086,#2087);
#2086 = CARTESIAN_POINT('',(17.8880078125,55.2,1.));
#2087 = VECTOR('',#2088,1.);
#2088 = DIRECTION('',(0.,1.,0.));
#2089 = PCURVE('',#157,#2090);
#2090 = DEFINITIONAL_REPRESENTATION('',(#2091),#2095);
#2091 = LINE('',#2092,#2093);
#2092 = CARTESIAN_POINT('',(17.8880078125,5.2));
#2093 = VECTOR('',#2094,1.);
#2094 = DIRECTION('',(0.,1.));
#2095 = ( GEOMETRIC_REPRESENTATION_CONTEXT(2) 
PARAMETRIC_REPRESENTATION_CONTEXT() REPRESENTATION_CONTEXT('2D SPACE',''
  ) );
#2096 = PCURVE('',#2097,#2102);
#2097 = PLANE('',#2098);
#2098 = AXIS2_PLACEMENT_3D('',#2099,#2100,#2101);
#2099 = CARTESIAN_POINT('',(17.8880078125,55.2,1.));
#2100 = DIRECTION('',(-1.,0.,0.));
#2101 = DIRECTION('',(0.,1.,0.));
#2102 = DEFINITIONAL_REPRESENTATION('',(#2103),#2107);
#2103 = LINE('',#2104,#2105);
#2104 = CARTESIAN_POINT('',(0.,0.));
#2105 = VECTOR('',#2106,1.);
#2106 = DIRECTION('',(1.,0.));
#2107 = ( GEOMETRIC_REPRESENTATION_CONTEXT(2) 
PARAMETRIC_REPRESENTATION_CONTEXT() REPRESENTATION_CONTEXT('2D SPACE',''
  ) );
#2108 = ORIENTED_EDGE('',*,*,#2109,.T.);
#2109 = EDGE_CURVE('',#2082,#2110,#2112,.T.);
#2110 = VERTEX_POINT('',#2111);
#2111 = CARTESIAN_POINT('',(16.94599609375,58.23,1.));
#2112 = SURFACE_CURVE('',#2113,(#2117,#2124),.PCURVE_S1.);
#2113 = LINE('',#2114,#2115);
#2114 = CARTESIAN_POINT('',(17.8880078125,58.23,1.));
#2115 = VECTOR('',#2116,1.);
#2116 = DIRECTION('',(-1.,0.,0.));
#2117 = PCURVE('',#157,#2118);
#2118 = DEFINITIONAL_REPRESENTATION('',(#2119),#2123);
#2119 = LINE('',#2120,#2121);
#2120 = CARTESIAN_POINT('',(17.8880078125,8.23));
#2121 = VECTOR('',#2122,1.);
#2122 = DIRECTION('',(-1.,0.));
#2123 = ( GEOMETRIC_REPRESENTATION_CONTEXT(2) 
PARAMETRIC_REPRESENTATION_CONTEXT() REPRESENTATION_CONTEXT('2D SPACE',''
  ) );
#2124 = PCURVE('',#2125,#2130);
#2125 = PLANE('',#2126);
#2126 = AXIS2_PLACEMENT_3D('',#2127,#2128,#2129);
#2127 = CARTESIAN_POINT('',(17.8880078125,58.23,1.));
#2128 = DIRECTION('',(0.,-1.,0.));
#2129 = DIRECTION('',(-1.,0.,0.));
#2130 = DEFINITIONAL_REPRESENTATION('',(#2131),#2135);
#2131 = LINE('',#2132,#2133);
#2132 = CARTESIAN_POINT('',(0.,-0.));
#2133 = VECTOR('',#2134,1.);
#2134 = DIRECTION('',(1.,0.));
#2135 = ( GEOMETRIC_REPRESENTATION_CONTEXT(2) 
PARAMETRIC_REPRESENTATION_CONTEXT() REPRESENTATION_CONTEXT('2D SPACE',''
  ) );
#2136 = ORIENTED_EDGE('',*,*,#2137,.T.);
#2137 = EDGE_CURVE('',#2110,#2138,#2140,.T.);
#2138 = VERTEX_POINT('',#2139);
#2139 = CARTESIAN_POINT('',(16.94599609375,58.6080078125,1.));
#2140 = SURFACE_CURVE('',#2141,(#2145,#2152),.PCURVE_S1.);
#2141 = LINE('',#2142,#2143);
#2142 = CARTESIAN_POINT('',(16.94599609375,58.23,1.));
#2143 = VECTOR('',#2144,1.);
#2144 = DIRECTION('',(0.,1.,0.));
#2145 = PCURVE('',#157,#2146);
#2146 = DEFINITIONAL_REPRESENTATION('',(#2147),#2151);
#2147 = LINE('',#2148,#2149);
#2148 = CARTESIAN_POINT('',(16.94599609375,8.23));
#2149 = VECTOR('',#2150,1.);
#2150 = DIRECTION('',(0.,1.));
#2151 = ( GEOMETRIC_REPRESENTATION_CONTEXT(2) 
PARAMETRIC_REPRESENTATION_CONTEXT() REPRESENTATION_CONTEXT('2D SPACE',''
  ) );
#2152 = PCURVE('',#2153,#2158);
#2153 = PLANE('',#2154);
#2154 = AXIS2_PLACEMENT_3D('',#2155,#2156,#2157);
#2155 = CARTESIAN_POINT('',(16.94599609375,58.23,1.));
#2156 = DIRECTION('',(-1.,0.,0.));
#2157 = DIRECTION('',(0.,1.,0.));
#2158 = DEFINITIONAL_REPRESENTATION('',(#2159),#2163);
#2159 = LINE('',#2160,#2161);
#2160 = CARTESIAN_POINT('',(0.,0.));
#2161 = VECTOR('',#2162,1.);
#2162 = DIRECTION('',(1.,0.));
#2163 = ( GEOMETRIC_REPRESENTATION_CONTEXT(2) 
PARAMETRIC_REPRESENTATION_CONTEXT() REPRESENTATION_CONTEXT('2D SPACE',''
  ) );
#2164 = ORIENTED_EDGE('',*,*,#2165,.T.);
#2165 = EDGE_CURVE('',#2138,#2166,#2168,.T.);
#2166 = VERTEX_POINT('',#2167);
#2167 = CARTESIAN_POINT('',(17.74400390625,58.823994140625,1.));
#2168 = SURFACE_CURVE('',#2169,(#2173,#2180),.PCURVE_S1.);
#2169 = B_SPLINE_CURVE_WITH_KNOTS('',2,(#2170,#2171,#2172),
  .UNSPECIFIED.,.F.,.F.,(3,3),(0.,1.),.PIECEWISE_BEZIER_KNOTS.);
#2170 = CARTESIAN_POINT('',(16.94599609375,58.6080078125,1.));
#2171 = CARTESIAN_POINT('',(17.5580078125,58.68599609375,1.));
#2172 = CARTESIAN_POINT('',(17.74400390625,58.823994140625,1.));
#2173 = PCURVE('',#157,#2174);
#2174 = DEFINITIONAL_REPRESENTATION('',(#2175),#2179);
#2175 = B_SPLINE_CURVE_WITH_KNOTS('',2,(#2176,#2177,#2178),
  .UNSPECIFIED.,.F.,.F.,(3,3),(0.,1.),.PIECEWISE_BEZIER_KNOTS.);
#2176 = CARTESIAN_POINT('',(16.94599609375,8.6080078125));
#2177 = CARTESIAN_POINT('',(17.5580078125,8.68599609375));
#2178 = CARTESIAN_POINT('',(17.74400390625,8.823994140625));
#2179 = ( GEOMETRIC_REPRESENTATION_CONTEXT(2) 
PARAMETRIC_REPRESENTATION_CONTEXT() REPRESENTATION_CONTEXT('2D SPACE',''
  ) );
#2180 = PCURVE('',#2181,#2188);
#2181 = SURFACE_OF_LINEAR_EXTRUSION('',#2182,#2186);
#2182 = B_SPLINE_CURVE_WITH_KNOTS('',2,(#2183,#2184,#2185),
  .UNSPECIFIED.,.F.,.F.,(3,3),(0.,1.),.PIECEWISE_BEZIER_KNOTS.);
#2183 = CARTESIAN_POINT('',(16.94599609375,58.6080078125,1.));
#2184 = CARTESIAN_POINT('',(17.5580078125,58.68599609375,1.));
#2185 = CARTESIAN_POINT('',(17.74400390625,58.823994140625,1.));
#2186 = VECTOR('',#2187,1.);
#2187 = DIRECTION('',(-0.,-0.,-1.));
#2188 = DEFINITIONAL_REPRESENTATION('',(#2189),#2193);
#2189 = LINE('',#2190,#2191);
#2190 = CARTESIAN_POINT('',(0.,0.));
#2191 = VECTOR('',#2192,1.);
#2192 = DIRECTION('',(1.,0.));
#2193 = ( GEOMETRIC_REPRESENTATION_CONTEXT(2) 
PARAMETRIC_REPRESENTATION_CONTEXT() REPRESENTATION_CONTEXT('2D SPACE',''
  ) );
#2194 = ORIENTED_EDGE('',*,*,#2195,.T.);
#2195 = EDGE_CURVE('',#2166,#2196,#2198,.T.);
#2196 = VERTEX_POINT('',#2197);
#2197 = CARTESIAN_POINT('',(18.0680078125,59.45400390625,1.));
#2198 = SURFACE_CURVE('',#2199,(#2203,#2210),.PCURVE_S1.);
#2199 = B_SPLINE_CURVE_WITH_KNOTS('',2,(#2200,#2201,#2202),
  .UNSPECIFIED.,.F.,.F.,(3,3),(0.,1.),.PIECEWISE_BEZIER_KNOTS.);
#2200 = CARTESIAN_POINT('',(17.74400390625,58.823994140625,1.));
#2201 = CARTESIAN_POINT('',(17.93,58.9619921875,1.));
#2202 = CARTESIAN_POINT('',(18.0680078125,59.45400390625,1.));
#2203 = PCURVE('',#157,#2204);
#2204 = DEFINITIONAL_REPRESENTATION('',(#2205),#2209);
#2205 = B_SPLINE_CURVE_WITH_KNOTS('',2,(#2206,#2207,#2208),
  .UNSPECIFIED.,.F.,.F.,(3,3),(0.,1.),.PIECEWISE_BEZIER_KNOTS.);
#2206 = CARTESIAN_POINT('',(17.74400390625,8.823994140625));
#2207 = CARTESIAN_POINT('',(17.93,8.9619921875));
#2208 = CARTESIAN_POINT('',(18.0680078125,9.45400390625));
#2209 = ( GEOMETRIC_REPRESENTATION_CONTEXT(2) 
PARAMETRIC_REPRESENTATION_CONTEXT() REPRESENTATION_CONTEXT('2D SPACE',''
  ) );
#2210 = PCURVE('',#2211,#2218);
#2211 = SURFACE_OF_LINEAR_EXTRUSION('',#2212,#2216);
#2212 = B_SPLINE_CURVE_WITH_KNOTS('',2,(#2213,#2214,#2215),
  .UNSPECIFIED.,.F.,.F.,(3,3),(0.,1.),.PIECEWISE_BEZIER_KNOTS.);
#2213 = CARTESIAN_POINT('',(17.74400390625,58.823994140625,1.));
#2214 = CARTESIAN_POINT('',(17.93,58.9619921875,1.));
#2215 = CARTESIAN_POINT('',(18.0680078125,59.45400390625,1.));
#2216 = VECTOR('',#2217,1.);
#2217 = DIRECTION('',(-0.,-0.,-1.));
#2218 = DEFINITIONAL_REPRESENTATION('',(#2219),#2223);
#2219 = LINE('',#2220,#2221);
#2220 = CARTESIAN_POINT('',(0.,0.));
#2221 = VECTOR('',#2222,1.);
#2222 = DIRECTION('',(1.,0.));
#2223 = ( GEOMETRIC_REPRESENTATION_CONTEXT(2) 
PARAMETRIC_REPRESENTATION_CONTEXT() REPRESENTATION_CONTEXT('2D SPACE',''
  ) );
#2224 = ORIENTED_EDGE('',*,*,#2225,.T.);
#2225 = EDGE_CURVE('',#2196,#2226,#2228,.T.);
#2226 = VERTEX_POINT('',#2227);
#2227 = CARTESIAN_POINT('',(18.41599609375,59.45400390625,1.));
#2228 = SURFACE_CURVE('',#2229,(#2233,#2240),.PCURVE_S1.);
#2229 = LINE('',#2230,#2231);
#2230 = CARTESIAN_POINT('',(18.0680078125,59.45400390625,1.));
#2231 = VECTOR('',#2232,1.);
#2232 = DIRECTION('',(1.,0.,0.));
#2233 = PCURVE('',#157,#2234);
#2234 = DEFINITIONAL_REPRESENTATION('',(#2235),#2239);
#2235 = LINE('',#2236,#2237);
#2236 = CARTESIAN_POINT('',(18.0680078125,9.45400390625));
#2237 = VECTOR('',#2238,1.);
#2238 = DIRECTION('',(1.,0.));
#2239 = ( GEOMETRIC_REPRESENTATION_CONTEXT(2) 
PARAMETRIC_REPRESENTATION_CONTEXT() REPRESENTATION_CONTEXT('2D SPACE',''
  ) );
#2240 = PCURVE('',#2241,#2246);
#2241 = PLANE('',#2242);
#2242 = AXIS2_PLACEMENT_3D('',#2243,#2244,#2245);
#2243 = CARTESIAN_POINT('',(18.0680078125,59.45400390625,1.));
#2244 = DIRECTION('',(0.,1.,0.));
#2245 = DIRECTION('',(1.,0.,0.));
#2246 = DEFINITIONAL_REPRESENTATION('',(#2247),#2251);
#2247 = LINE('',#2248,#2249);
#2248 = CARTESIAN_POINT('',(3.552713678801E-15,0.));
#2249 = VECTOR('',#2250,1.);
#2250 = DIRECTION('',(1.,0.));
#2251 = ( GEOMETRIC_REPRESENTATION_CONTEXT(2) 
PARAMETRIC_REPRESENTATION_CONTEXT() REPRESENTATION_CONTEXT('2D SPACE',''
  ) );
#2252 = ORIENTED_EDGE('',*,*,#2253,.T.);
#2253 = EDGE_CURVE('',#2226,#2052,#2254,.T.);
#2254 = SURFACE_CURVE('',#2255,(#2259,#2266),.PCURVE_S1.);
#2255 = LINE('',#2256,#2257);
#2256 = CARTESIAN_POINT('',(18.41599609375,59.45400390625,1.));
#2257 = VECTOR('',#2258,1.);
#2258 = DIRECTION('',(0.,-1.,0.));
#2259 = PCURVE('',#157,#2260);
#2260 = DEFINITIONAL_REPRESENTATION('',(#2261),#2265);
#2261 = LINE('',#2262,#2263);
#2262 = CARTESIAN_POINT('',(18.41599609375,9.45400390625));
#2263 = VECTOR('',#2264,1.);
#2264 = DIRECTION('',(0.,-1.));
#2265 = ( GEOMETRIC_REPRESENTATION_CONTEXT(2) 
PARAMETRIC_REPRESENTATION_CONTEXT() REPRESENTATION_CONTEXT('2D SPACE',''
  ) );
#2266 = PCURVE('',#2267,#2272);
#2267 = PLANE('',#2268);
#2268 = AXIS2_PLACEMENT_3D('',#2269,#2270,#2271);
#2269 = CARTESIAN_POINT('',(18.41599609375,59.45400390625,1.));
#2270 = DIRECTION('',(1.,0.,0.));
#2271 = DIRECTION('',(0.,-1.,0.));
#2272 = DEFINITIONAL_REPRESENTATION('',(#2273),#2277);
#2273 = LINE('',#2274,#2275);
#2274 = CARTESIAN_POINT('',(-7.105427357601E-15,0.));
#2275 = VECTOR('',#2276,1.);
#2276 = DIRECTION('',(1.,0.));
#2277 = ( GEOMETRIC_REPRESENTATION_CONTEXT(2) 
PARAMETRIC_REPRESENTATION_CONTEXT() REPRESENTATION_CONTEXT('2D SPACE',''
  ) );
#2278 = FACE_BOUND('',#2279,.T.);
#2279 = EDGE_LOOP('',(#2280,#2312,#2342,#2372,#2402,#2432,#2462,#2492,
    #2522,#2552));
#2280 = ORIENTED_EDGE('',*,*,#2281,.T.);
#2281 = EDGE_CURVE('',#2282,#2284,#2286,.T.);
#2282 = VERTEX_POINT('',#2283);
#2283 = CARTESIAN_POINT('',(20.282001953125,55.622998046875,1.));
#2284 = VERTEX_POINT('',#2285);
#2285 = CARTESIAN_POINT('',(19.9280078125,57.2580078125,1.));
#2286 = SURFACE_CURVE('',#2287,(#2291,#2298),.PCURVE_S1.);
#2287 = B_SPLINE_CURVE_WITH_KNOTS('',2,(#2288,#2289,#2290),
  .UNSPECIFIED.,.F.,.F.,(3,3),(0.,1.),.PIECEWISE_BEZIER_KNOTS.);
#2288 = CARTESIAN_POINT('',(20.282001953125,55.622998046875,1.));
#2289 = CARTESIAN_POINT('',(19.9280078125,56.18400390625,1.));
#2290 = CARTESIAN_POINT('',(19.9280078125,57.2580078125,1.));
#2291 = PCURVE('',#157,#2292);
#2292 = DEFINITIONAL_REPRESENTATION('',(#2293),#2297);
#2293 = B_SPLINE_CURVE_WITH_KNOTS('',2,(#2294,#2295,#2296),
  .UNSPECIFIED.,.F.,.F.,(3,3),(0.,1.),.PIECEWISE_BEZIER_KNOTS.);
#2294 = CARTESIAN_POINT('',(20.282001953125,5.622998046875));
#2295 = CARTESIAN_POINT('',(19.9280078125,6.18400390625));
#2296 = CARTESIAN_POINT('',(19.9280078125,7.2580078125));
#2297 = ( GEOMETRIC_REPRESENTATION_CONTEXT(2) 
PARAMETRIC_REPRESENTATION_CONTEXT() REPRESENTATION_CONTEXT('2D SPACE',''
  ) );
#2298 = PCURVE('',#2299,#2306);
#2299 = SURFACE_OF_LINEAR_EXTRUSION('',#2300,#2304);
#2300 = B_SPLINE_CURVE_WITH_KNOTS('',2,(#2301,#2302,#2303),
  .UNSPECIFIED.,.F.,.F.,(3,3),(0.,1.),.PIECEWISE_BEZIER_KNOTS.);
#2301 = CARTESIAN_POINT('',(20.282001953125,55.622998046875,1.));
#2302 = CARTESIAN_POINT('',(19.9280078125,56.18400390625,1.));
#2303 = CARTESIAN_POINT('',(19.9280078125,57.2580078125,1.));
#2304 = VECTOR('',#2305,1.);
#2305 = DIRECTION('',(-0.,-0.,-1.));
#2306 = DEFINITIONAL_REPRESENTATION('',(#2307),#2311);
#2307 = LINE('',#2308,#2309);
#2308 = CARTESIAN_POINT('',(0.,0.));
#2309 = VECTOR('',#2310,1.);
#2310 = DIRECTION('',(1.,0.));
#2311 = ( GEOMETRIC_REPRESENTATION_CONTEXT(2) 
PARAMETRIC_REPRESENTATION_CONTEXT() REPRESENTATION_CONTEXT('2D SPACE',''
  ) );
#2312 = ORIENTED_EDGE('',*,*,#2313,.T.);
#2313 = EDGE_CURVE('',#2284,#2314,#2316,.T.);
#2314 = VERTEX_POINT('',#2315);
#2315 = CARTESIAN_POINT('',(20.0180078125,58.2,1.));
#2316 = SURFACE_CURVE('',#2317,(#2321,#2328),.PCURVE_S1.);
#2317 = B_SPLINE_CURVE_WITH_KNOTS('',2,(#2318,#2319,#2320),
  .UNSPECIFIED.,.F.,.F.,(3,3),(0.,1.),.PIECEWISE_BEZIER_KNOTS.);
#2318 = CARTESIAN_POINT('',(19.9280078125,57.2580078125,1.));
#2319 = CARTESIAN_POINT('',(19.9280078125,57.7919921875,1.));
#2320 = CARTESIAN_POINT('',(20.0180078125,58.2,1.));
#2321 = PCURVE('',#157,#2322);
#2322 = DEFINITIONAL_REPRESENTATION('',(#2323),#2327);
#2323 = B_SPLINE_CURVE_WITH_KNOTS('',2,(#2324,#2325,#2326),
  .UNSPECIFIED.,.F.,.F.,(3,3),(0.,1.),.PIECEWISE_BEZIER_KNOTS.);
#2324 = CARTESIAN_POINT('',(19.9280078125,7.2580078125));
#2325 = CARTESIAN_POINT('',(19.9280078125,7.7919921875));
#2326 = CARTESIAN_POINT('',(20.0180078125,8.2));
#2327 = ( GEOMETRIC_REPRESENTATION_CONTEXT(2) 
PARAMETRIC_REPRESENTATION_CONTEXT() REPRESENTATION_CONTEXT('2D SPACE',''
  ) );
#2328 = PCURVE('',#2329,#2336);
#2329 = SURFACE_OF_LINEAR_EXTRUSION('',#2330,#2334);
#2330 = B_SPLINE_CURVE_WITH_KNOTS('',2,(#2331,#2332,#2333),
  .UNSPECIFIED.,.F.,.F.,(3,3),(0.,1.),.PIECEWISE_BEZIER_KNOTS.);
#2331 = CARTESIAN_POINT('',(19.9280078125,57.2580078125,1.));
#2332 = CARTESIAN_POINT('',(19.9280078125,57.7919921875,1.));
#2333 = CARTESIAN_POINT('',(20.0180078125,58.2,1.));
#2334 = VECTOR('',#2335,1.);
#2335 = DIRECTION('',(-0.,-0.,-1.));
#2336 = DEFINITIONAL_REPRESENTATION('',(#2337),#2341);
#2337 = LINE('',#2338,#2339);
#2338 = CARTESIAN_POINT('',(0.,0.));
#2339 = VECTOR('',#2340,1.);
#2340 = DIRECTION('',(1.,0.));
#2341 = ( GEOMETRIC_REPRESENTATION_CONTEXT(2) 
PARAMETRIC_REPRESENTATION_CONTEXT() REPRESENTATION_CONTEXT('2D SPACE',''
  ) );
#2342 = ORIENTED_EDGE('',*,*,#2343,.T.);
#2343 = EDGE_CURVE('',#2314,#2344,#2346,.T.);
#2344 = VERTEX_POINT('',#2345);
#2345 = CARTESIAN_POINT('',(20.246005859375,58.83900390625,1.));
#2346 = SURFACE_CURVE('',#2347,(#2351,#2358),.PCURVE_S1.);
#2347 = B_SPLINE_CURVE_WITH_KNOTS('',2,(#2348,#2349,#2350),
  .UNSPECIFIED.,.F.,.F.,(3,3),(0.,1.),.PIECEWISE_BEZIER_KNOTS.);
#2348 = CARTESIAN_POINT('',(20.0180078125,58.2,1.));
#2349 = CARTESIAN_POINT('',(20.1080078125,58.6080078125,1.));
#2350 = CARTESIAN_POINT('',(20.246005859375,58.83900390625,1.));
#2351 = PCURVE('',#157,#2352);
#2352 = DEFINITIONAL_REPRESENTATION('',(#2353),#2357);
#2353 = B_SPLINE_CURVE_WITH_KNOTS('',2,(#2354,#2355,#2356),
  .UNSPECIFIED.,.F.,.F.,(3,3),(0.,1.),.PIECEWISE_BEZIER_KNOTS.);
#2354 = CARTESIAN_POINT('',(20.0180078125,8.2));
#2355 = CARTESIAN_POINT('',(20.1080078125,8.6080078125));
#2356 = CARTESIAN_POINT('',(20.246005859375,8.83900390625));
#2357 = ( GEOMETRIC_REPRESENTATION_CONTEXT(2) 
PARAMETRIC_REPRESENTATION_CONTEXT() REPRESENTATION_CONTEXT('2D SPACE',''
  ) );
#2358 = PCURVE('',#2359,#2366);
#2359 = SURFACE_OF_LINEAR_EXTRUSION('',#2360,#2364);
#2360 = B_SPLINE_CURVE_WITH_KNOTS('',2,(#2361,#2362,#2363),
  .UNSPECIFIED.,.F.,.F.,(3,3),(0.,1.),.PIECEWISE_BEZIER_KNOTS.);
#2361 = CARTESIAN_POINT('',(20.0180078125,58.2,1.));
#2362 = CARTESIAN_POINT('',(20.1080078125,58.6080078125,1.));
#2363 = CARTESIAN_POINT('',(20.246005859375,58.83900390625,1.));
#2364 = VECTOR('',#2365,1.);
#2365 = DIRECTION('',(-0.,-0.,-1.));
#2366 = DEFINITIONAL_REPRESENTATION('',(#2367),#2371);
#2367 = LINE('',#2368,#2369);
#2368 = CARTESIAN_POINT('',(0.,0.));
#2369 = VECTOR('',#2370,1.);
#2370 = DIRECTION('',(1.,0.));
#2371 = ( GEOMETRIC_REPRESENTATION_CONTEXT(2) 
PARAMETRIC_REPRESENTATION_CONTEXT() REPRESENTATION_CONTEXT('2D SPACE',''
  ) );
#2372 = ORIENTED_EDGE('',*,*,#2373,.T.);
#2373 = EDGE_CURVE('',#2344,#2374,#2376,.T.);
#2374 = VERTEX_POINT('',#2375);
#2375 = CARTESIAN_POINT('',(20.576005859375,59.21400390625,1.));
#2376 = SURFACE_CURVE('',#2377,(#2381,#2388),.PCURVE_S1.);
#2377 = B_SPLINE_CURVE_WITH_KNOTS('',2,(#2378,#2379,#2380),
  .UNSPECIFIED.,.F.,.F.,(3,3),(0.,1.),.PIECEWISE_BEZIER_KNOTS.);
#2378 = CARTESIAN_POINT('',(20.246005859375,58.83900390625,1.));
#2379 = CARTESIAN_POINT('',(20.38400390625,59.07,1.));
#2380 = CARTESIAN_POINT('',(20.576005859375,59.21400390625,1.));
#2381 = PCURVE('',#157,#2382);
#2382 = DEFINITIONAL_REPRESENTATION('',(#2383),#2387);
#2383 = B_SPLINE_CURVE_WITH_KNOTS('',2,(#2384,#2385,#2386),
  .UNSPECIFIED.,.F.,.F.,(3,3),(0.,1.),.PIECEWISE_BEZIER_KNOTS.);
#2384 = CARTESIAN_POINT('',(20.246005859375,8.83900390625));
#2385 = CARTESIAN_POINT('',(20.38400390625,9.07));
#2386 = CARTESIAN_POINT('',(20.576005859375,9.21400390625));
#2387 = ( GEOMETRIC_REPRESENTATION_CONTEXT(2) 
PARAMETRIC_REPRESENTATION_CONTEXT() REPRESENTATION_CONTEXT('2D SPACE',''
  ) );
#2388 = PCURVE('',#2389,#2396);
#2389 = SURFACE_OF_LINEAR_EXTRUSION('',#2390,#2394);
#2390 = B_SPLINE_CURVE_WITH_KNOTS('',2,(#2391,#2392,#2393),
  .UNSPECIFIED.,.F.,.F.,(3,3),(0.,1.),.PIECEWISE_BEZIER_KNOTS.);
#2391 = CARTESIAN_POINT('',(20.246005859375,58.83900390625,1.));
#2392 = CARTESIAN_POINT('',(20.38400390625,59.07,1.));
#2393 = CARTESIAN_POINT('',(20.576005859375,59.21400390625,1.));
#2394 = VECTOR('',#2395,1.);
#2395 = DIRECTION('',(-0.,-0.,-1.));
#2396 = DEFINITIONAL_REPRESENTATION('',(#2397),#2401);
#2397 = LINE('',#2398,#2399);
#2398 = CARTESIAN_POINT('',(0.,0.));
#2399 = VECTOR('',#2400,1.);
#2400 = DIRECTION('',(1.,0.));
#2401 = ( GEOMETRIC_REPRESENTATION_CONTEXT(2) 
PARAMETRIC_REPRESENTATION_CONTEXT() REPRESENTATION_CONTEXT('2D SPACE',''
  ) );
#2402 = ORIENTED_EDGE('',*,*,#2403,.T.);
#2403 = EDGE_CURVE('',#2374,#2404,#2406,.T.);
#2404 = VERTEX_POINT('',#2405);
#2405 = CARTESIAN_POINT('',(20.945,59.406005859375,1.));
#2406 = SURFACE_CURVE('',#2407,(#2411,#2418),.PCURVE_S1.);
#2407 = B_SPLINE_CURVE_WITH_KNOTS('',2,(#2408,#2409,#2410),
  .UNSPECIFIED.,.F.,.F.,(3,3),(0.,1.),.PIECEWISE_BEZIER_KNOTS.);
#2408 = CARTESIAN_POINT('',(20.576005859375,59.21400390625,1.));
#2409 = CARTESIAN_POINT('',(20.7680078125,59.3580078125,1.));
#2410 = CARTESIAN_POINT('',(20.945,59.406005859375,1.));
#2411 = PCURVE('',#157,#2412);
#2412 = DEFINITIONAL_REPRESENTATION('',(#2413),#2417);
#2413 = B_SPLINE_CURVE_WITH_KNOTS('',2,(#2414,#2415,#2416),
  .UNSPECIFIED.,.F.,.F.,(3,3),(0.,1.),.PIECEWISE_BEZIER_KNOTS.);
#2414 = CARTESIAN_POINT('',(20.576005859375,9.21400390625));
#2415 = CARTESIAN_POINT('',(20.7680078125,9.3580078125));
#2416 = CARTESIAN_POINT('',(20.945,9.406005859375));
#2417 = ( GEOMETRIC_REPRESENTATION_CONTEXT(2) 
PARAMETRIC_REPRESENTATION_CONTEXT() REPRESENTATION_CONTEXT('2D SPACE',''
  ) );
#2418 = PCURVE('',#2419,#2426);
#2419 = SURFACE_OF_LINEAR_EXTRUSION('',#2420,#2424);
#2420 = B_SPLINE_CURVE_WITH_KNOTS('',2,(#2421,#2422,#2423),
  .UNSPECIFIED.,.F.,.F.,(3,3),(0.,1.),.PIECEWISE_BEZIER_KNOTS.);
#2421 = CARTESIAN_POINT('',(20.576005859375,59.21400390625,1.));
#2422 = CARTESIAN_POINT('',(20.7680078125,59.3580078125,1.));
#2423 = CARTESIAN_POINT('',(20.945,59.406005859375,1.));
#2424 = VECTOR('',#2425,1.);
#2425 = DIRECTION('',(-0.,-0.,-1.));
#2426 = DEFINITIONAL_REPRESENTATION('',(#2427),#2431);
#2427 = LINE('',#2428,#2429);
#2428 = CARTESIAN_POINT('',(0.,0.));
#2429 = VECTOR('',#2430,1.);
#2430 = DIRECTION('',(1.,0.));
#2431 = ( GEOMETRIC_REPRESENTATION_CONTEXT(2) 
PARAMETRIC_REPRESENTATION_CONTEXT() REPRESENTATION_CONTEXT('2D SPACE',''
  ) );
#2432 = ORIENTED_EDGE('',*,*,#2433,.T.);
#2433 = EDGE_CURVE('',#2404,#2434,#2436,.T.);
#2434 = VERTEX_POINT('',#2435);
#2435 = CARTESIAN_POINT('',(21.32,59.45400390625,1.));
#2436 = SURFACE_CURVE('',#2437,(#2441,#2448),.PCURVE_S1.);
#2437 = B_SPLINE_CURVE_WITH_KNOTS('',2,(#2438,#2439,#2440),
  .UNSPECIFIED.,.F.,.F.,(3,3),(0.,1.),.PIECEWISE_BEZIER_KNOTS.);
#2438 = CARTESIAN_POINT('',(20.945,59.406005859375,1.));
#2439 = CARTESIAN_POINT('',(21.1219921875,59.45400390625,1.));
#2440 = CARTESIAN_POINT('',(21.32,59.45400390625,1.));
#2441 = PCURVE('',#157,#2442);
#2442 = DEFINITIONAL_REPRESENTATION('',(#2443),#2447);
#2443 = B_SPLINE_CURVE_WITH_KNOTS('',2,(#2444,#2445,#2446),
  .UNSPECIFIED.,.F.,.F.,(3,3),(0.,1.),.PIECEWISE_BEZIER_KNOTS.);
#2444 = CARTESIAN_POINT('',(20.945,9.406005859375));
#2445 = CARTESIAN_POINT('',(21.1219921875,9.45400390625));
#2446 = CARTESIAN_POINT('',(21.32,9.45400390625));
#2447 = ( GEOMETRIC_REPRESENTATION_CONTEXT(2) 
PARAMETRIC_REPRESENTATION_CONTEXT() REPRESENTATION_CONTEXT('2D SPACE',''
  ) );
#2448 = PCURVE('',#2449,#2456);
#2449 = SURFACE_OF_LINEAR_EXTRUSION('',#2450,#2454);
#2450 = B_SPLINE_CURVE_WITH_KNOTS('',2,(#2451,#2452,#2453),
  .UNSPECIFIED.,.F.,.F.,(3,3),(0.,1.),.PIECEWISE_BEZIER_KNOTS.);
#2451 = CARTESIAN_POINT('',(20.945,59.406005859375,1.));
#2452 = CARTESIAN_POINT('',(21.1219921875,59.45400390625,1.));
#2453 = CARTESIAN_POINT('',(21.32,59.45400390625,1.));
#2454 = VECTOR('',#2455,1.);
#2455 = DIRECTION('',(-0.,-0.,-1.));
#2456 = DEFINITIONAL_REPRESENTATION('',(#2457),#2461);
#2457 = LINE('',#2458,#2459);
#2458 = CARTESIAN_POINT('',(0.,0.));
#2459 = VECTOR('',#2460,1.);
#2460 = DIRECTION('',(1.,0.));
#2461 = ( GEOMETRIC_REPRESENTATION_CONTEXT(2) 
PARAMETRIC_REPRESENTATION_CONTEXT() REPRESENTATION_CONTEXT('2D SPACE',''
  ) );
#2462 = ORIENTED_EDGE('',*,*,#2463,.T.);
#2463 = EDGE_CURVE('',#2434,#2464,#2466,.T.);
#2464 = VERTEX_POINT('',#2465);
#2465 = CARTESIAN_POINT('',(22.7119921875,57.2219921875,1.));
#2466 = SURFACE_CURVE('',#2467,(#2471,#2478),.PCURVE_S1.);
#2467 = B_SPLINE_CURVE_WITH_KNOTS('',2,(#2468,#2469,#2470),
  .UNSPECIFIED.,.F.,.F.,(3,3),(0.,1.),.PIECEWISE_BEZIER_KNOTS.);
#2468 = CARTESIAN_POINT('',(21.32,59.45400390625,1.));
#2469 = CARTESIAN_POINT('',(22.7119921875,59.45400390625,1.));
#2470 = CARTESIAN_POINT('',(22.7119921875,57.2219921875,1.));
#2471 = PCURVE('',#157,#2472);
#2472 = DEFINITIONAL_REPRESENTATION('',(#2473),#2477);
#2473 = B_SPLINE_CURVE_WITH_KNOTS('',2,(#2474,#2475,#2476),
  .UNSPECIFIED.,.F.,.F.,(3,3),(0.,1.),.PIECEWISE_BEZIER_KNOTS.);
#2474 = CARTESIAN_POINT('',(21.32,9.45400390625));
#2475 = CARTESIAN_POINT('',(22.7119921875,9.45400390625));
#2476 = CARTESIAN_POINT('',(22.7119921875,7.2219921875));
#2477 = ( GEOMETRIC_REPRESENTATION_CONTEXT(2) 
PARAMETRIC_REPRESENTATION_CONTEXT() REPRESENTATION_CONTEXT('2D SPACE',''
  ) );
#2478 = PCURVE('',#2479,#2486);
#2479 = SURFACE_OF_LINEAR_EXTRUSION('',#2480,#2484);
#2480 = B_SPLINE_CURVE_WITH_KNOTS('',2,(#2481,#2482,#2483),
  .UNSPECIFIED.,.F.,.F.,(3,3),(0.,1.),.PIECEWISE_BEZIER_KNOTS.);
#2481 = CARTESIAN_POINT('',(21.32,59.45400390625,1.));
#2482 = CARTESIAN_POINT('',(22.7119921875,59.45400390625,1.));
#2483 = CARTESIAN_POINT('',(22.7119921875,57.2219921875,1.));
#2484 = VECTOR('',#2485,1.);
#2485 = DIRECTION('',(-0.,-0.,-1.));
#2486 = DEFINITIONAL_REPRESENTATION('',(#2487),#2491);
#2487 = LINE('',#2488,#2489);
#2488 = CARTESIAN_POINT('',(0.,0.));
#2489 = VECTOR('',#2490,1.);
#2490 = DIRECTION('',(1.,0.));
#2491 = ( GEOMETRIC_REPRESENTATION_CONTEXT(2) 
PARAMETRIC_REPRESENTATION_CONTEXT() REPRESENTATION_CONTEXT('2D SPACE',''
  ) );
#2492 = ORIENTED_EDGE('',*,*,#2493,.T.);
#2493 = EDGE_CURVE('',#2464,#2494,#2496,.T.);
#2494 = VERTEX_POINT('',#2495);
#2495 = CARTESIAN_POINT('',(22.355,55.6169921875,1.));
#2496 = SURFACE_CURVE('',#2497,(#2501,#2508),.PCURVE_S1.);
#2497 = B_SPLINE_CURVE_WITH_KNOTS('',2,(#2498,#2499,#2500),
  .UNSPECIFIED.,.F.,.F.,(3,3),(0.,1.),.PIECEWISE_BEZIER_KNOTS.);
#2498 = CARTESIAN_POINT('',(22.7119921875,57.2219921875,1.));
#2499 = CARTESIAN_POINT('',(22.7119921875,56.1719921875,1.));
#2500 = CARTESIAN_POINT('',(22.355,55.6169921875,1.));
#2501 = PCURVE('',#157,#2502);
#2502 = DEFINITIONAL_REPRESENTATION('',(#2503),#2507);
#2503 = B_SPLINE_CURVE_WITH_KNOTS('',2,(#2504,#2505,#2506),
  .UNSPECIFIED.,.F.,.F.,(3,3),(0.,1.),.PIECEWISE_BEZIER_KNOTS.);
#2504 = CARTESIAN_POINT('',(22.7119921875,7.2219921875));
#2505 = CARTESIAN_POINT('',(22.7119921875,6.1719921875));
#2506 = CARTESIAN_POINT('',(22.355,5.6169921875));
#2507 = ( GEOMETRIC_REPRESENTATION_CONTEXT(2) 
PARAMETRIC_REPRESENTATION_CONTEXT() REPRESENTATION_CONTEXT('2D SPACE',''
  ) );
#2508 = PCURVE('',#2509,#2516);
#2509 = SURFACE_OF_LINEAR_EXTRUSION('',#2510,#2514);
#2510 = B_SPLINE_CURVE_WITH_KNOTS('',2,(#2511,#2512,#2513),
  .UNSPECIFIED.,.F.,.F.,(3,3),(0.,1.),.PIECEWISE_BEZIER_KNOTS.);
#2511 = CARTESIAN_POINT('',(22.7119921875,57.2219921875,1.));
#2512 = CARTESIAN_POINT('',(22.7119921875,56.1719921875,1.));
#2513 = CARTESIAN_POINT('',(22.355,55.6169921875,1.));
#2514 = VECTOR('',#2515,1.);
#2515 = DIRECTION('',(-0.,-0.,-1.));
#2516 = DEFINITIONAL_REPRESENTATION('',(#2517),#2521);
#2517 = LINE('',#2518,#2519);
#2518 = CARTESIAN_POINT('',(0.,0.));
#2519 = VECTOR('',#2520,1.);
#2520 = DIRECTION('',(1.,0.));
#2521 = ( GEOMETRIC_REPRESENTATION_CONTEXT(2) 
PARAMETRIC_REPRESENTATION_CONTEXT() REPRESENTATION_CONTEXT('2D SPACE',''
  ) );
#2522 = ORIENTED_EDGE('',*,*,#2523,.T.);
#2523 = EDGE_CURVE('',#2494,#2524,#2526,.T.);
#2524 = VERTEX_POINT('',#2525);
#2525 = CARTESIAN_POINT('',(21.32,55.0619921875,1.));
#2526 = SURFACE_CURVE('',#2527,(#2531,#2538),.PCURVE_S1.);
#2527 = B_SPLINE_CURVE_WITH_KNOTS('',2,(#2528,#2529,#2530),
  .UNSPECIFIED.,.F.,.F.,(3,3),(0.,1.),.PIECEWISE_BEZIER_KNOTS.);
#2528 = CARTESIAN_POINT('',(22.355,55.6169921875,1.));
#2529 = CARTESIAN_POINT('',(21.9980078125,55.0619921875,1.));
#2530 = CARTESIAN_POINT('',(21.32,55.0619921875,1.));
#2531 = PCURVE('',#157,#2532);
#2532 = DEFINITIONAL_REPRESENTATION('',(#2533),#2537);
#2533 = B_SPLINE_CURVE_WITH_KNOTS('',2,(#2534,#2535,#2536),
  .UNSPECIFIED.,.F.,.F.,(3,3),(0.,1.),.PIECEWISE_BEZIER_KNOTS.);
#2534 = CARTESIAN_POINT('',(22.355,5.6169921875));
#2535 = CARTESIAN_POINT('',(21.9980078125,5.0619921875));
#2536 = CARTESIAN_POINT('',(21.32,5.0619921875));
#2537 = ( GEOMETRIC_REPRESENTATION_CONTEXT(2) 
PARAMETRIC_REPRESENTATION_CONTEXT() REPRESENTATION_CONTEXT('2D SPACE',''
  ) );
#2538 = PCURVE('',#2539,#2546);
#2539 = SURFACE_OF_LINEAR_EXTRUSION('',#2540,#2544);
#2540 = B_SPLINE_CURVE_WITH_KNOTS('',2,(#2541,#2542,#2543),
  .UNSPECIFIED.,.F.,.F.,(3,3),(0.,1.),.PIECEWISE_BEZIER_KNOTS.);
#2541 = CARTESIAN_POINT('',(22.355,55.6169921875,1.));
#2542 = CARTESIAN_POINT('',(21.9980078125,55.0619921875,1.));
#2543 = CARTESIAN_POINT('',(21.32,55.0619921875,1.));
#2544 = VECTOR('',#2545,1.);
#2545 = DIRECTION('',(-0.,-0.,-1.));
#2546 = DEFINITIONAL_REPRESENTATION('',(#2547),#2551);
#2547 = LINE('',#2548,#2549);
#2548 = CARTESIAN_POINT('',(0.,0.));
#2549 = VECTOR('',#2550,1.);
#2550 = DIRECTION('',(1.,0.));
#2551 = ( GEOMETRIC_REPRESENTATION_CONTEXT(2) 
PARAMETRIC_REPRESENTATION_CONTEXT() REPRESENTATION_CONTEXT('2D SPACE',''
  ) );
#2552 = ORIENTED_EDGE('',*,*,#2553,.T.);
#2553 = EDGE_CURVE('',#2524,#2282,#2554,.T.);
#2554 = SURFACE_CURVE('',#2555,(#2559,#2566),.PCURVE_S1.);
#2555 = B_SPLINE_CURVE_WITH_KNOTS('',2,(#2556,#2557,#2558),
  .UNSPECIFIED.,.F.,.F.,(3,3),(0.,1.),.PIECEWISE_BEZIER_KNOTS.);
#2556 = CARTESIAN_POINT('',(21.32,55.0619921875,1.));
#2557 = CARTESIAN_POINT('',(20.63599609375,55.0619921875,1.));
#2558 = CARTESIAN_POINT('',(20.282001953125,55.622998046875,1.));
#2559 = PCURVE('',#157,#2560);
#2560 = DEFINITIONAL_REPRESENTATION('',(#2561),#2565);
#2561 = B_SPLINE_CURVE_WITH_KNOTS('',2,(#2562,#2563,#2564),
  .UNSPECIFIED.,.F.,.F.,(3,3),(0.,1.),.PIECEWISE_BEZIER_KNOTS.);
#2562 = CARTESIAN_POINT('',(21.32,5.0619921875));
#2563 = CARTESIAN_POINT('',(20.63599609375,5.0619921875));
#2564 = CARTESIAN_POINT('',(20.282001953125,5.622998046875));
#2565 = ( GEOMETRIC_REPRESENTATION_CONTEXT(2) 
PARAMETRIC_REPRESENTATION_CONTEXT() REPRESENTATION_CONTEXT('2D SPACE',''
  ) );
#2566 = PCURVE('',#2567,#2574);
#2567 = SURFACE_OF_LINEAR_EXTRUSION('',#2568,#2572);
#2568 = B_SPLINE_CURVE_WITH_KNOTS('',2,(#2569,#2570,#2571),
  .UNSPECIFIED.,.F.,.F.,(3,3),(0.,1.),.PIECEWISE_BEZIER_KNOTS.);
#2569 = CARTESIAN_POINT('',(21.32,55.0619921875,1.));
#2570 = CARTESIAN_POINT('',(20.63599609375,55.0619921875,1.));
#2571 = CARTESIAN_POINT('',(20.282001953125,55.622998046875,1.));
#2572 = VECTOR('',#2573,1.);
#2573 = DIRECTION('',(-0.,-0.,-1.));
#2574 = DEFINITIONAL_REPRESENTATION('',(#2575),#2579);
#2575 = LINE('',#2576,#2577);
#2576 = CARTESIAN_POINT('',(0.,0.));
#2577 = VECTOR('',#2578,1.);
#2578 = DIRECTION('',(1.,0.));
#2579 = ( GEOMETRIC_REPRESENTATION_CONTEXT(2) 
PARAMETRIC_REPRESENTATION_CONTEXT() REPRESENTATION_CONTEXT('2D SPACE',''
  ) );
#2580 = FACE_BOUND('',#2581,.T.);
#2581 = EDGE_LOOP('',(#2582,#2612,#2640,#2668,#2697,#2725));
#2582 = ORIENTED_EDGE('',*,*,#2583,.F.);
#2583 = EDGE_CURVE('',#2584,#2586,#2588,.T.);
#2584 = VERTEX_POINT('',#2585);
#2585 = CARTESIAN_POINT('',(26.5,51.,1.));
#2586 = VERTEX_POINT('',#2587);
#2587 = CARTESIAN_POINT('',(46.5,51.,1.));
#2588 = SURFACE_CURVE('',#2589,(#2593,#2600),.PCURVE_S1.);
#2589 = LINE('',#2590,#2591);
#2590 = CARTESIAN_POINT('',(26.5,51.,1.));
#2591 = VECTOR('',#2592,1.);
#2592 = DIRECTION('',(1.,0.,0.));
#2593 = PCURVE('',#157,#2594);
#2594 = DEFINITIONAL_REPRESENTATION('',(#2595),#2599);
#2595 = LINE('',#2596,#2597);
#2596 = CARTESIAN_POINT('',(26.5,1.));
#2597 = VECTOR('',#2598,1.);
#2598 = DIRECTION('',(1.,0.));
#2599 = ( GEOMETRIC_REPRESENTATION_CONTEXT(2) 
PARAMETRIC_REPRESENTATION_CONTEXT() REPRESENTATION_CONTEXT('2D SPACE',''
  ) );
#2600 = PCURVE('',#2601,#2606);
#2601 = PLANE('',#2602);
#2602 = AXIS2_PLACEMENT_3D('',#2603,#2604,#2605);
#2603 = CARTESIAN_POINT('',(26.5,51.,1.));
#2604 = DIRECTION('',(0.,1.,0.));
#2605 = DIRECTION('',(0.,0.,1.));
#2606 = DEFINITIONAL_REPRESENTATION('',(#2607),#2611);
#2607 = LINE('',#2608,#2609);
#2608 = CARTESIAN_POINT('',(0.,0.));
#2609 = VECTOR('',#2610,1.);
#2610 = DIRECTION('',(0.,1.));
#2611 = ( GEOMETRIC_REPRESENTATION_CONTEXT(2) 
PARAMETRIC_REPRESENTATION_CONTEXT() REPRESENTATION_CONTEXT('2D SPACE',''
  ) );
#2612 = ORIENTED_EDGE('',*,*,#2613,.T.);
#2613 = EDGE_CURVE('',#2584,#2614,#2616,.T.);
#2614 = VERTEX_POINT('',#2615);
#2615 = CARTESIAN_POINT('',(26.5,54.7,1.));
#2616 = SURFACE_CURVE('',#2617,(#2621,#2628),.PCURVE_S1.);
#2617 = LINE('',#2618,#2619);
#2618 = CARTESIAN_POINT('',(26.5,51.,1.));
#2619 = VECTOR('',#2620,1.);
#2620 = DIRECTION('',(0.,1.,0.));
#2621 = PCURVE('',#157,#2622);
#2622 = DEFINITIONAL_REPRESENTATION('',(#2623),#2627);
#2623 = LINE('',#2624,#2625);
#2624 = CARTESIAN_POINT('',(26.5,1.));
#2625 = VECTOR('',#2626,1.);
#2626 = DIRECTION('',(0.,1.));
#2627 = ( GEOMETRIC_REPRESENTATION_CONTEXT(2) 
PARAMETRIC_REPRESENTATION_CONTEXT() REPRESENTATION_CONTEXT('2D SPACE',''
  ) );
#2628 = PCURVE('',#2629,#2634);
#2629 = PLANE('',#2630);
#2630 = AXIS2_PLACEMENT_3D('',#2631,#2632,#2633);
#2631 = CARTESIAN_POINT('',(26.5,51.,1.));
#2632 = DIRECTION('',(1.,0.,0.));
#2633 = DIRECTION('',(0.,0.,1.));
#2634 = DEFINITIONAL_REPRESENTATION('',(#2635),#2639);
#2635 = LINE('',#2636,#2637);
#2636 = CARTESIAN_POINT('',(0.,0.));
#2637 = VECTOR('',#2638,1.);
#2638 = DIRECTION('',(0.,-1.));
#2639 = ( GEOMETRIC_REPRESENTATION_CONTEXT(2) 
PARAMETRIC_REPRESENTATION_CONTEXT() REPRESENTATION_CONTEXT('2D SPACE',''
  ) );
#2640 = ORIENTED_EDGE('',*,*,#2641,.F.);
#2641 = EDGE_CURVE('',#2642,#2614,#2644,.T.);
#2642 = VERTEX_POINT('',#2643);
#2643 = CARTESIAN_POINT('',(33.350396850395,54.7,1.));
#2644 = SURFACE_CURVE('',#2645,(#2649,#2656),.PCURVE_S1.);
#2645 = LINE('',#2646,#2647);
#2646 = CARTESIAN_POINT('',(26.5,54.7,1.));
#2647 = VECTOR('',#2648,1.);
#2648 = DIRECTION('',(-1.,0.,0.));
#2649 = PCURVE('',#157,#2650);
#2650 = DEFINITIONAL_REPRESENTATION('',(#2651),#2655);
#2651 = LINE('',#2652,#2653);
#2652 = CARTESIAN_POINT('',(26.5,4.7));
#2653 = VECTOR('',#2654,1.);
#2654 = DIRECTION('',(-1.,0.));
#2655 = ( GEOMETRIC_REPRESENTATION_CONTEXT(2) 
PARAMETRIC_REPRESENTATION_CONTEXT() REPRESENTATION_CONTEXT('2D SPACE',''
  ) );
#2656 = PCURVE('',#2657,#2662);
#2657 = PLANE('',#2658);
#2658 = AXIS2_PLACEMENT_3D('',#2659,#2660,#2661);
#2659 = CARTESIAN_POINT('',(26.5,54.7,-15.3000002));
#2660 = DIRECTION('',(0.,1.,0.));
#2661 = DIRECTION('',(1.,0.,0.));
#2662 = DEFINITIONAL_REPRESENTATION('',(#2663),#2667);
#2663 = LINE('',#2664,#2665);
#2664 = CARTESIAN_POINT('',(0.,-16.3000002));
#2665 = VECTOR('',#2666,1.);
#2666 = DIRECTION('',(-1.,0.));
#2667 = ( GEOMETRIC_REPRESENTATION_CONTEXT(2) 
PARAMETRIC_REPRESENTATION_CONTEXT() REPRESENTATION_CONTEXT('2D SPACE',''
  ) );
#2668 = ORIENTED_EDGE('',*,*,#2669,.T.);
#2669 = EDGE_CURVE('',#2642,#2670,#2672,.T.);
#2670 = VERTEX_POINT('',#2671);
#2671 = CARTESIAN_POINT('',(39.649603149605,54.7,1.));
#2672 = SURFACE_CURVE('',#2673,(#2678,#2685),.PCURVE_S1.);
#2673 = CIRCLE('',#2674,3.9);
#2674 = AXIS2_PLACEMENT_3D('',#2675,#2676,#2677);
#2675 = CARTESIAN_POINT('',(36.5,57.,1.));
#2676 = DIRECTION('',(0.,0.,1.));
#2677 = DIRECTION('',(1.,1.540732995036E-16,-0.));
#2678 = PCURVE('',#157,#2679);
#2679 = DEFINITIONAL_REPRESENTATION('',(#2680),#2684);
#2680 = CIRCLE('',#2681,3.9);
#2681 = AXIS2_PLACEMENT_2D('',#2682,#2683);
#2682 = CARTESIAN_POINT('',(36.5,7.));
#2683 = DIRECTION('',(1.,1.540732995036E-16));
#2684 = ( GEOMETRIC_REPRESENTATION_CONTEXT(2) 
PARAMETRIC_REPRESENTATION_CONTEXT() REPRESENTATION_CONTEXT('2D SPACE',''
  ) );
#2685 = PCURVE('',#2686,#2691);
#2686 = CYLINDRICAL_SURFACE('',#2687,3.9);
#2687 = AXIS2_PLACEMENT_3D('',#2688,#2689,#2690);
#2688 = CARTESIAN_POINT('',(36.5,57.,-17.1747892468));
#2689 = DIRECTION('',(-0.,-0.,-1.));
#2690 = DIRECTION('',(1.,0.,0.));
#2691 = DEFINITIONAL_REPRESENTATION('',(#2692),#2696);
#2692 = LINE('',#2693,#2694);
#2693 = CARTESIAN_POINT('',(-0.,-18.1747892468));
#2694 = VECTOR('',#2695,1.);
#2695 = DIRECTION('',(-1.,-0.));
#2696 = ( GEOMETRIC_REPRESENTATION_CONTEXT(2) 
PARAMETRIC_REPRESENTATION_CONTEXT() REPRESENTATION_CONTEXT('2D SPACE',''
  ) );
#2697 = ORIENTED_EDGE('',*,*,#2698,.F.);
#2698 = EDGE_CURVE('',#2699,#2670,#2701,.T.);
#2699 = VERTEX_POINT('',#2700);
#2700 = CARTESIAN_POINT('',(46.5,54.7,1.));
#2701 = SURFACE_CURVE('',#2702,(#2706,#2713),.PCURVE_S1.);
#2702 = LINE('',#2703,#2704);
#2703 = CARTESIAN_POINT('',(26.5,54.7,1.));
#2704 = VECTOR('',#2705,1.);
#2705 = DIRECTION('',(-1.,0.,0.));
#2706 = PCURVE('',#157,#2707);
#2707 = DEFINITIONAL_REPRESENTATION('',(#2708),#2712);
#2708 = LINE('',#2709,#2710);
#2709 = CARTESIAN_POINT('',(26.5,4.7));
#2710 = VECTOR('',#2711,1.);
#2711 = DIRECTION('',(-1.,0.));
#2712 = ( GEOMETRIC_REPRESENTATION_CONTEXT(2) 
PARAMETRIC_REPRESENTATION_CONTEXT() REPRESENTATION_CONTEXT('2D SPACE',''
  ) );
#2713 = PCURVE('',#2714,#2719);
#2714 = PLANE('',#2715);
#2715 = AXIS2_PLACEMENT_3D('',#2716,#2717,#2718);
#2716 = CARTESIAN_POINT('',(26.5,54.7,-15.3000002));
#2717 = DIRECTION('',(0.,1.,0.));
#2718 = DIRECTION('',(1.,0.,0.));
#2719 = DEFINITIONAL_REPRESENTATION('',(#2720),#2724);
#2720 = LINE('',#2721,#2722);
#2721 = CARTESIAN_POINT('',(0.,-16.3000002));
#2722 = VECTOR('',#2723,1.);
#2723 = DIRECTION('',(-1.,0.));
#2724 = ( GEOMETRIC_REPRESENTATION_CONTEXT(2) 
PARAMETRIC_REPRESENTATION_CONTEXT() REPRESENTATION_CONTEXT('2D SPACE',''
  ) );
#2725 = ORIENTED_EDGE('',*,*,#2726,.F.);
#2726 = EDGE_CURVE('',#2586,#2699,#2727,.T.);
#2727 = SURFACE_CURVE('',#2728,(#2732,#2739),.PCURVE_S1.);
#2728 = LINE('',#2729,#2730);
#2729 = CARTESIAN_POINT('',(46.5,51.,1.));
#2730 = VECTOR('',#2731,1.);
#2731 = DIRECTION('',(0.,1.,0.));
#2732 = PCURVE('',#157,#2733);
#2733 = DEFINITIONAL_REPRESENTATION('',(#2734),#2738);
#2734 = LINE('',#2735,#2736);
#2735 = CARTESIAN_POINT('',(46.5,1.));
#2736 = VECTOR('',#2737,1.);
#2737 = DIRECTION('',(0.,1.));
#2738 = ( GEOMETRIC_REPRESENTATION_CONTEXT(2) 
PARAMETRIC_REPRESENTATION_CONTEXT() REPRESENTATION_CONTEXT('2D SPACE',''
  ) );
#2739 = PCURVE('',#2740,#2745);
#2740 = PLANE('',#2741);
#2741 = AXIS2_PLACEMENT_3D('',#2742,#2743,#2744);
#2742 = CARTESIAN_POINT('',(46.5,51.,1.));
#2743 = DIRECTION('',(1.,0.,0.));
#2744 = DIRECTION('',(0.,0.,1.));
#2745 = DEFINITIONAL_REPRESENTATION('',(#2746),#2750);
#2746 = LINE('',#2747,#2748);
#2747 = CARTESIAN_POINT('',(0.,0.));
#2748 = VECTOR('',#2749,1.);
#2749 = DIRECTION('',(0.,-1.));
#2750 = ( GEOMETRIC_REPRESENTATION_CONTEXT(2) 
PARAMETRIC_REPRESENTATION_CONTEXT() REPRESENTATION_CONTEXT('2D SPACE',''
  ) );
#2751 = FACE_BOUND('',#2752,.T.);
#2752 = EDGE_LOOP('',(#2753));
#2753 = ORIENTED_EDGE('',*,*,#2754,.T.);
#2754 = EDGE_CURVE('',#2755,#2755,#2757,.T.);
#2755 = VERTEX_POINT('',#2756);
#2756 = CARTESIAN_POINT('',(39.5,57.,1.));
#2757 = SURFACE_CURVE('',#2758,(#2763,#2774),.PCURVE_S1.);
#2758 = CIRCLE('',#2759,3.);
#2759 = AXIS2_PLACEMENT_3D('',#2760,#2761,#2762);
#2760 = CARTESIAN_POINT('',(36.5,57.,1.));
#2761 = DIRECTION('',(0.,0.,-1.));
#2762 = DIRECTION('',(1.,0.,0.));
#2763 = PCURVE('',#157,#2764);
#2764 = DEFINITIONAL_REPRESENTATION('',(#2765),#2773);
#2765 = ( BOUNDED_CURVE() B_SPLINE_CURVE(2,(#2766,#2767,#2768,#2769,
#2770,#2771,#2772),.UNSPECIFIED.,.T.,.F.) B_SPLINE_CURVE_WITH_KNOTS((1,2
    ,2,2,2,1),(-2.094395102393,0.,2.094395102393,4.188790204786,
6.28318530718,8.377580409573),.UNSPECIFIED.) CURVE() 
GEOMETRIC_REPRESENTATION_ITEM() RATIONAL_B_SPLINE_CURVE((1.,0.5,1.,0.5,
1.,0.5,1.)) REPRESENTATION_ITEM('') );
#2766 = CARTESIAN_POINT('',(39.5,7.));
#2767 = CARTESIAN_POINT('',(39.5,1.803847577293));
#2768 = CARTESIAN_POINT('',(35.,4.401923788647));
#2769 = CARTESIAN_POINT('',(30.5,7.));
#2770 = CARTESIAN_POINT('',(35.,9.598076211353));
#2771 = CARTESIAN_POINT('',(39.5,12.196152422707));
#2772 = CARTESIAN_POINT('',(39.5,7.));
#2773 = ( GEOMETRIC_REPRESENTATION_CONTEXT(2) 
PARAMETRIC_REPRESENTATION_CONTEXT() REPRESENTATION_CONTEXT('2D SPACE',''
  ) );
#2774 = PCURVE('',#2775,#2780);
#2775 = CYLINDRICAL_SURFACE('',#2776,3.);
#2776 = AXIS2_PLACEMENT_3D('',#2777,#2778,#2779);
#2777 = CARTESIAN_POINT('',(36.5,57.,-68.0000003));
#2778 = DIRECTION('',(-0.,-0.,-1.));
#2779 = DIRECTION('',(1.,0.,0.));
#2780 = DEFINITIONAL_REPRESENTATION('',(#2781),#2785);
#2781 = LINE('',#2782,#2783);
#2782 = CARTESIAN_POINT('',(-6.28318530718,-69.0000003));
#2783 = VECTOR('',#2784,1.);
#2784 = DIRECTION('',(1.,-0.));
#2785 = ( GEOMETRIC_REPRESENTATION_CONTEXT(2) 
PARAMETRIC_REPRESENTATION_CONTEXT() REPRESENTATION_CONTEXT('2D SPACE',''
  ) );
#2786 = FACE_BOUND('',#2787,.T.);
#2787 = EDGE_LOOP('',(#2788,#2818,#2846,#2874,#2902,#2930,#2960,#2990,
    #3020,#3050,#3080,#3110,#3140,#3170,#3200,#3230,#3260,#3290,#3318,
    #3348,#3378,#3408,#3438,#3468,#3498,#3528));
#2788 = ORIENTED_EDGE('',*,*,#2789,.T.);
#2789 = EDGE_CURVE('',#2790,#2792,#2794,.T.);
#2790 = VERTEX_POINT('',#2791);
#2791 = CARTESIAN_POINT('',(4.78099609375,63.738007507324,1.));
#2792 = VERTEX_POINT('',#2793);
#2793 = CARTESIAN_POINT('',(5.09900390625,66.054003601074,1.));
#2794 = SURFACE_CURVE('',#2795,(#2799,#2806),.PCURVE_S1.);
#2795 = LINE('',#2796,#2797);
#2796 = CARTESIAN_POINT('',(4.78099609375,63.738007507324,1.));
#2797 = VECTOR('',#2798,1.);
#2798 = DIRECTION('',(0.136032920634,0.990704317394,0.));
#2799 = PCURVE('',#157,#2800);
#2800 = DEFINITIONAL_REPRESENTATION('',(#2801),#2805);
#2801 = LINE('',#2802,#2803);
#2802 = CARTESIAN_POINT('',(4.78099609375,13.738007507324));
#2803 = VECTOR('',#2804,1.);
#2804 = DIRECTION('',(0.136032920634,0.990704317394));
#2805 = ( GEOMETRIC_REPRESENTATION_CONTEXT(2) 
PARAMETRIC_REPRESENTATION_CONTEXT() REPRESENTATION_CONTEXT('2D SPACE',''
  ) );
#2806 = PCURVE('',#2807,#2812);
#2807 = PLANE('',#2808);
#2808 = AXIS2_PLACEMENT_3D('',#2809,#2810,#2811);
#2809 = CARTESIAN_POINT('',(4.78099609375,63.738007507324,1.));
#2810 = DIRECTION('',(-0.990704317394,0.136032920634,0.));
#2811 = DIRECTION('',(0.136032920634,0.990704317394,0.));
#2812 = DEFINITIONAL_REPRESENTATION('',(#2813),#2817);
#2813 = LINE('',#2814,#2815);
#2814 = CARTESIAN_POINT('',(0.,0.));
#2815 = VECTOR('',#2816,1.);
#2816 = DIRECTION('',(1.,0.));
#2817 = ( GEOMETRIC_REPRESENTATION_CONTEXT(2) 
PARAMETRIC_REPRESENTATION_CONTEXT() REPRESENTATION_CONTEXT('2D SPACE',''
  ) );
#2818 = ORIENTED_EDGE('',*,*,#2819,.T.);
#2819 = EDGE_CURVE('',#2792,#2820,#2822,.T.);
#2820 = VERTEX_POINT('',#2821);
#2821 = CARTESIAN_POINT('',(7.295,66.054003601074,1.));
#2822 = SURFACE_CURVE('',#2823,(#2827,#2834),.PCURVE_S1.);
#2823 = LINE('',#2824,#2825);
#2824 = CARTESIAN_POINT('',(5.09900390625,66.054003601074,1.));
#2825 = VECTOR('',#2826,1.);
#2826 = DIRECTION('',(1.,0.,0.));
#2827 = PCURVE('',#157,#2828);
#2828 = DEFINITIONAL_REPRESENTATION('',(#2829),#2833);
#2829 = LINE('',#2830,#2831);
#2830 = CARTESIAN_POINT('',(5.09900390625,16.054003601074));
#2831 = VECTOR('',#2832,1.);
#2832 = DIRECTION('',(1.,0.));
#2833 = ( GEOMETRIC_REPRESENTATION_CONTEXT(2) 
PARAMETRIC_REPRESENTATION_CONTEXT() REPRESENTATION_CONTEXT('2D SPACE',''
  ) );
#2834 = PCURVE('',#2835,#2840);
#2835 = PLANE('',#2836);
#2836 = AXIS2_PLACEMENT_3D('',#2837,#2838,#2839);
#2837 = CARTESIAN_POINT('',(5.09900390625,66.054003601074,1.));
#2838 = DIRECTION('',(0.,1.,0.));
#2839 = DIRECTION('',(1.,0.,0.));
#2840 = DEFINITIONAL_REPRESENTATION('',(#2841),#2845);
#2841 = LINE('',#2842,#2843);
#2842 = CARTESIAN_POINT('',(0.,0.));
#2843 = VECTOR('',#2844,1.);
#2844 = DIRECTION('',(1.,0.));
#2845 = ( GEOMETRIC_REPRESENTATION_CONTEXT(2) 
PARAMETRIC_REPRESENTATION_CONTEXT() REPRESENTATION_CONTEXT('2D SPACE',''
  ) );
#2846 = ORIENTED_EDGE('',*,*,#2847,.T.);
#2847 = EDGE_CURVE('',#2820,#2848,#2850,.T.);
#2848 = VERTEX_POINT('',#2849);
#2849 = CARTESIAN_POINT('',(7.295,65.531991882324,1.));
#2850 = SURFACE_CURVE('',#2851,(#2855,#2862),.PCURVE_S1.);
#2851 = LINE('',#2852,#2853);
#2852 = CARTESIAN_POINT('',(7.295,66.054003601074,1.));
#2853 = VECTOR('',#2854,1.);
#2854 = DIRECTION('',(0.,-1.,0.));
#2855 = PCURVE('',#157,#2856);
#2856 = DEFINITIONAL_REPRESENTATION('',(#2857),#2861);
#2857 = LINE('',#2858,#2859);
#2858 = CARTESIAN_POINT('',(7.295,16.054003601074));
#2859 = VECTOR('',#2860,1.);
#2860 = DIRECTION('',(0.,-1.));
#2861 = ( GEOMETRIC_REPRESENTATION_CONTEXT(2) 
PARAMETRIC_REPRESENTATION_CONTEXT() REPRESENTATION_CONTEXT('2D SPACE',''
  ) );
#2862 = PCURVE('',#2863,#2868);
#2863 = PLANE('',#2864);
#2864 = AXIS2_PLACEMENT_3D('',#2865,#2866,#2867);
#2865 = CARTESIAN_POINT('',(7.295,66.054003601074,1.));
#2866 = DIRECTION('',(1.,0.,0.));
#2867 = DIRECTION('',(0.,-1.,0.));
#2868 = DEFINITIONAL_REPRESENTATION('',(#2869),#2873);
#2869 = LINE('',#2870,#2871);
#2870 = CARTESIAN_POINT('',(-1.42108547152E-14,0.));
#2871 = VECTOR('',#2872,1.);
#2872 = DIRECTION('',(1.,0.));
#2873 = ( GEOMETRIC_REPRESENTATION_CONTEXT(2) 
PARAMETRIC_REPRESENTATION_CONTEXT() REPRESENTATION_CONTEXT('2D SPACE',''
  ) );
#2874 = ORIENTED_EDGE('',*,*,#2875,.T.);
#2875 = EDGE_CURVE('',#2848,#2876,#2878,.T.);
#2876 = VERTEX_POINT('',#2877);
#2877 = CARTESIAN_POINT('',(5.525,65.531991882324,1.));
#2878 = SURFACE_CURVE('',#2879,(#2883,#2890),.PCURVE_S1.);
#2879 = LINE('',#2880,#2881);
#2880 = CARTESIAN_POINT('',(7.295,65.531991882324,1.));
#2881 = VECTOR('',#2882,1.);
#2882 = DIRECTION('',(-1.,0.,0.));
#2883 = PCURVE('',#157,#2884);
#2884 = DEFINITIONAL_REPRESENTATION('',(#2885),#2889);
#2885 = LINE('',#2886,#2887);
#2886 = CARTESIAN_POINT('',(7.295,15.531991882324));
#2887 = VECTOR('',#2888,1.);
#2888 = DIRECTION('',(-1.,0.));
#2889 = ( GEOMETRIC_REPRESENTATION_CONTEXT(2) 
PARAMETRIC_REPRESENTATION_CONTEXT() REPRESENTATION_CONTEXT('2D SPACE',''
  ) );
#2890 = PCURVE('',#2891,#2896);
#2891 = PLANE('',#2892);
#2892 = AXIS2_PLACEMENT_3D('',#2893,#2894,#2895);
#2893 = CARTESIAN_POINT('',(7.295,65.531991882324,1.));
#2894 = DIRECTION('',(0.,-1.,0.));
#2895 = DIRECTION('',(-1.,0.,0.));
#2896 = DEFINITIONAL_REPRESENTATION('',(#2897),#2901);
#2897 = LINE('',#2898,#2899);
#2898 = CARTESIAN_POINT('',(-8.881784197001E-16,-0.));
#2899 = VECTOR('',#2900,1.);
#2900 = DIRECTION('',(1.,0.));
#2901 = ( GEOMETRIC_REPRESENTATION_CONTEXT(2) 
PARAMETRIC_REPRESENTATION_CONTEXT() REPRESENTATION_CONTEXT('2D SPACE',''
  ) );
#2902 = ORIENTED_EDGE('',*,*,#2903,.T.);
#2903 = EDGE_CURVE('',#2876,#2904,#2906,.T.);
#2904 = VERTEX_POINT('',#2905);
#2905 = CARTESIAN_POINT('',(5.35701171875,64.344003601074,1.));
#2906 = SURFACE_CURVE('',#2907,(#2911,#2918),.PCURVE_S1.);
#2907 = LINE('',#2908,#2909);
#2908 = CARTESIAN_POINT('',(5.525,65.531991882324,1.));
#2909 = VECTOR('',#2910,1.);
#2910 = DIRECTION('',(-0.140012783158,-0.990149696032,0.));
#2911 = PCURVE('',#157,#2912);
#2912 = DEFINITIONAL_REPRESENTATION('',(#2913),#2917);
#2913 = LINE('',#2914,#2915);
#2914 = CARTESIAN_POINT('',(5.525,15.531991882324));
#2915 = VECTOR('',#2916,1.);
#2916 = DIRECTION('',(-0.140012783158,-0.990149696032));
#2917 = ( GEOMETRIC_REPRESENTATION_CONTEXT(2) 
PARAMETRIC_REPRESENTATION_CONTEXT() REPRESENTATION_CONTEXT('2D SPACE',''
  ) );
#2918 = PCURVE('',#2919,#2924);
#2919 = PLANE('',#2920);
#2920 = AXIS2_PLACEMENT_3D('',#2921,#2922,#2923);
#2921 = CARTESIAN_POINT('',(5.525,65.531991882324,1.));
#2922 = DIRECTION('',(0.990149696032,-0.140012783158,0.));
#2923 = DIRECTION('',(-0.140012783158,-0.990149696032,0.));
#2924 = DEFINITIONAL_REPRESENTATION('',(#2925),#2929);
#2925 = LINE('',#2926,#2927);
#2926 = CARTESIAN_POINT('',(0.,0.));
#2927 = VECTOR('',#2928,1.);
#2928 = DIRECTION('',(1.,-0.));
#2929 = ( GEOMETRIC_REPRESENTATION_CONTEXT(2) 
PARAMETRIC_REPRESENTATION_CONTEXT() REPRESENTATION_CONTEXT('2D SPACE',''
  ) );
#2930 = ORIENTED_EDGE('',*,*,#2931,.T.);
#2931 = EDGE_CURVE('',#2904,#2932,#2934,.T.);
#2932 = VERTEX_POINT('',#2933);
#2933 = CARTESIAN_POINT('',(6.1430078125,64.601991882324,1.));
#2934 = SURFACE_CURVE('',#2935,(#2939,#2946),.PCURVE_S1.);
#2935 = B_SPLINE_CURVE_WITH_KNOTS('',2,(#2936,#2937,#2938),
  .UNSPECIFIED.,.F.,.F.,(3,3),(0.,1.),.PIECEWISE_BEZIER_KNOTS.);
#2936 = CARTESIAN_POINT('',(5.35701171875,64.344003601074,1.));
#2937 = CARTESIAN_POINT('',(5.71099609375,64.601991882324,1.));
#2938 = CARTESIAN_POINT('',(6.1430078125,64.601991882324,1.));
#2939 = PCURVE('',#157,#2940);
#2940 = DEFINITIONAL_REPRESENTATION('',(#2941),#2945);
#2941 = B_SPLINE_CURVE_WITH_KNOTS('',2,(#2942,#2943,#2944),
  .UNSPECIFIED.,.F.,.F.,(3,3),(0.,1.),.PIECEWISE_BEZIER_KNOTS.);
#2942 = CARTESIAN_POINT('',(5.35701171875,14.344003601074));
#2943 = CARTESIAN_POINT('',(5.71099609375,14.601991882324));
#2944 = CARTESIAN_POINT('',(6.1430078125,14.601991882324));
#2945 = ( GEOMETRIC_REPRESENTATION_CONTEXT(2) 
PARAMETRIC_REPRESENTATION_CONTEXT() REPRESENTATION_CONTEXT('2D SPACE',''
  ) );
#2946 = PCURVE('',#2947,#2954);
#2947 = SURFACE_OF_LINEAR_EXTRUSION('',#2948,#2952);
#2948 = B_SPLINE_CURVE_WITH_KNOTS('',2,(#2949,#2950,#2951),
  .UNSPECIFIED.,.F.,.F.,(3,3),(0.,1.),.PIECEWISE_BEZIER_KNOTS.);
#2949 = CARTESIAN_POINT('',(5.35701171875,64.344003601074,1.));
#2950 = CARTESIAN_POINT('',(5.71099609375,64.601991882324,1.));
#2951 = CARTESIAN_POINT('',(6.1430078125,64.601991882324,1.));
#2952 = VECTOR('',#2953,1.);
#2953 = DIRECTION('',(-0.,-0.,-1.));
#2954 = DEFINITIONAL_REPRESENTATION('',(#2955),#2959);
#2955 = LINE('',#2956,#2957);
#2956 = CARTESIAN_POINT('',(0.,0.));
#2957 = VECTOR('',#2958,1.);
#2958 = DIRECTION('',(1.,0.));
#2959 = ( GEOMETRIC_REPRESENTATION_CONTEXT(2) 
PARAMETRIC_REPRESENTATION_CONTEXT() REPRESENTATION_CONTEXT('2D SPACE',''
  ) );
#2960 = ORIENTED_EDGE('',*,*,#2961,.T.);
#2961 = EDGE_CURVE('',#2932,#2962,#2964,.T.);
#2962 = VERTEX_POINT('',#2963);
#2963 = CARTESIAN_POINT('',(7.136005859375,64.208993835449,1.));
#2964 = SURFACE_CURVE('',#2965,(#2969,#2976),.PCURVE_S1.);
#2965 = B_SPLINE_CURVE_WITH_KNOTS('',2,(#2966,#2967,#2968),
  .UNSPECIFIED.,.F.,.F.,(3,3),(0.,1.),.PIECEWISE_BEZIER_KNOTS.);
#2966 = CARTESIAN_POINT('',(6.1430078125,64.601991882324,1.));
#2967 = CARTESIAN_POINT('',(6.755,64.601991882324,1.));
#2968 = CARTESIAN_POINT('',(7.136005859375,64.208993835449,1.));
#2969 = PCURVE('',#157,#2970);
#2970 = DEFINITIONAL_REPRESENTATION('',(#2971),#2975);
#2971 = B_SPLINE_CURVE_WITH_KNOTS('',2,(#2972,#2973,#2974),
  .UNSPECIFIED.,.F.,.F.,(3,3),(0.,1.),.PIECEWISE_BEZIER_KNOTS.);
#2972 = CARTESIAN_POINT('',(6.1430078125,14.601991882324));
#2973 = CARTESIAN_POINT('',(6.755,14.601991882324));
#2974 = CARTESIAN_POINT('',(7.136005859375,14.208993835449));
#2975 = ( GEOMETRIC_REPRESENTATION_CONTEXT(2) 
PARAMETRIC_REPRESENTATION_CONTEXT() REPRESENTATION_CONTEXT('2D SPACE',''
  ) );
#2976 = PCURVE('',#2977,#2984);
#2977 = SURFACE_OF_LINEAR_EXTRUSION('',#2978,#2982);
#2978 = B_SPLINE_CURVE_WITH_KNOTS('',2,(#2979,#2980,#2981),
  .UNSPECIFIED.,.F.,.F.,(3,3),(0.,1.),.PIECEWISE_BEZIER_KNOTS.);
#2979 = CARTESIAN_POINT('',(6.1430078125,64.601991882324,1.));
#2980 = CARTESIAN_POINT('',(6.755,64.601991882324,1.));
#2981 = CARTESIAN_POINT('',(7.136005859375,64.208993835449,1.));
#2982 = VECTOR('',#2983,1.);
#2983 = DIRECTION('',(-0.,-0.,-1.));
#2984 = DEFINITIONAL_REPRESENTATION('',(#2985),#2989);
#2985 = LINE('',#2986,#2987);
#2986 = CARTESIAN_POINT('',(0.,0.));
#2987 = VECTOR('',#2988,1.);
#2988 = DIRECTION('',(1.,0.));
#2989 = ( GEOMETRIC_REPRESENTATION_CONTEXT(2) 
PARAMETRIC_REPRESENTATION_CONTEXT() REPRESENTATION_CONTEXT('2D SPACE',''
  ) );
#2990 = ORIENTED_EDGE('',*,*,#2991,.T.);
#2991 = EDGE_CURVE('',#2962,#2992,#2994,.T.);
#2992 = VERTEX_POINT('',#2993);
#2993 = CARTESIAN_POINT('',(7.51701171875,63.185995788574,1.));
#2994 = SURFACE_CURVE('',#2995,(#2999,#3006),.PCURVE_S1.);
#2995 = B_SPLINE_CURVE_WITH_KNOTS('',2,(#2996,#2997,#2998),
  .UNSPECIFIED.,.F.,.F.,(3,3),(0.,1.),.PIECEWISE_BEZIER_KNOTS.);
#2996 = CARTESIAN_POINT('',(7.136005859375,64.208993835449,1.));
#2997 = CARTESIAN_POINT('',(7.51701171875,63.815995788574,1.));
#2998 = CARTESIAN_POINT('',(7.51701171875,63.185995788574,1.));
#2999 = PCURVE('',#157,#3000);
#3000 = DEFINITIONAL_REPRESENTATION('',(#3001),#3005);
#3001 = B_SPLINE_CURVE_WITH_KNOTS('',2,(#3002,#3003,#3004),
  .UNSPECIFIED.,.F.,.F.,(3,3),(0.,1.),.PIECEWISE_BEZIER_KNOTS.);
#3002 = CARTESIAN_POINT('',(7.136005859375,14.208993835449));
#3003 = CARTESIAN_POINT('',(7.51701171875,13.815995788574));
#3004 = CARTESIAN_POINT('',(7.51701171875,13.185995788574));
#3005 = ( GEOMETRIC_REPRESENTATION_CONTEXT(2) 
PARAMETRIC_REPRESENTATION_CONTEXT() REPRESENTATION_CONTEXT('2D SPACE',''
  ) );
#3006 = PCURVE('',#3007,#3014);
#3007 = SURFACE_OF_LINEAR_EXTRUSION('',#3008,#3012);
#3008 = B_SPLINE_CURVE_WITH_KNOTS('',2,(#3009,#3010,#3011),
  .UNSPECIFIED.,.F.,.F.,(3,3),(0.,1.),.PIECEWISE_BEZIER_KNOTS.);
#3009 = CARTESIAN_POINT('',(7.136005859375,64.208993835449,1.));
#3010 = CARTESIAN_POINT('',(7.51701171875,63.815995788574,1.));
#3011 = CARTESIAN_POINT('',(7.51701171875,63.185995788574,1.));
#3012 = VECTOR('',#3013,1.);
#3013 = DIRECTION('',(-0.,-0.,-1.));
#3014 = DEFINITIONAL_REPRESENTATION('',(#3015),#3019);
#3015 = LINE('',#3016,#3017);
#3016 = CARTESIAN_POINT('',(0.,0.));
#3017 = VECTOR('',#3018,1.);
#3018 = DIRECTION('',(1.,0.));
#3019 = ( GEOMETRIC_REPRESENTATION_CONTEXT(2) 
PARAMETRIC_REPRESENTATION_CONTEXT() REPRESENTATION_CONTEXT('2D SPACE',''
  ) );
#3020 = ORIENTED_EDGE('',*,*,#3021,.T.);
#3021 = EDGE_CURVE('',#2992,#3022,#3024,.T.);
#3022 = VERTEX_POINT('',#3023);
#3023 = CARTESIAN_POINT('',(7.10900390625,62.087997741699,1.));
#3024 = SURFACE_CURVE('',#3025,(#3029,#3036),.PCURVE_S1.);
#3025 = B_SPLINE_CURVE_WITH_KNOTS('',2,(#3026,#3027,#3028),
  .UNSPECIFIED.,.F.,.F.,(3,3),(0.,1.),.PIECEWISE_BEZIER_KNOTS.);
#3026 = CARTESIAN_POINT('',(7.51701171875,63.185995788574,1.));
#3027 = CARTESIAN_POINT('',(7.51701171875,62.514003601074,1.));
#3028 = CARTESIAN_POINT('',(7.10900390625,62.087997741699,1.));
#3029 = PCURVE('',#157,#3030);
#3030 = DEFINITIONAL_REPRESENTATION('',(#3031),#3035);
#3031 = B_SPLINE_CURVE_WITH_KNOTS('',2,(#3032,#3033,#3034),
  .UNSPECIFIED.,.F.,.F.,(3,3),(0.,1.),.PIECEWISE_BEZIER_KNOTS.);
#3032 = CARTESIAN_POINT('',(7.51701171875,13.185995788574));
#3033 = CARTESIAN_POINT('',(7.51701171875,12.514003601074));
#3034 = CARTESIAN_POINT('',(7.10900390625,12.087997741699));
#3035 = ( GEOMETRIC_REPRESENTATION_CONTEXT(2) 
PARAMETRIC_REPRESENTATION_CONTEXT() REPRESENTATION_CONTEXT('2D SPACE',''
  ) );
#3036 = PCURVE('',#3037,#3044);
#3037 = SURFACE_OF_LINEAR_EXTRUSION('',#3038,#3042);
#3038 = B_SPLINE_CURVE_WITH_KNOTS('',2,(#3039,#3040,#3041),
  .UNSPECIFIED.,.F.,.F.,(3,3),(0.,1.),.PIECEWISE_BEZIER_KNOTS.);
#3039 = CARTESIAN_POINT('',(7.51701171875,63.185995788574,1.));
#3040 = CARTESIAN_POINT('',(7.51701171875,62.514003601074,1.));
#3041 = CARTESIAN_POINT('',(7.10900390625,62.087997741699,1.));
#3042 = VECTOR('',#3043,1.);
#3043 = DIRECTION('',(-0.,-0.,-1.));
#3044 = DEFINITIONAL_REPRESENTATION('',(#3045),#3049);
#3045 = LINE('',#3046,#3047);
#3046 = CARTESIAN_POINT('',(0.,0.));
#3047 = VECTOR('',#3048,1.);
#3048 = DIRECTION('',(1.,0.));
#3049 = ( GEOMETRIC_REPRESENTATION_CONTEXT(2) 
PARAMETRIC_REPRESENTATION_CONTEXT() REPRESENTATION_CONTEXT('2D SPACE',''
  ) );
#3050 = ORIENTED_EDGE('',*,*,#3051,.T.);
#3051 = EDGE_CURVE('',#3022,#3052,#3054,.T.);
#3052 = VERTEX_POINT('',#3053);
#3053 = CARTESIAN_POINT('',(6.05900390625,61.661991882324,1.));
#3054 = SURFACE_CURVE('',#3055,(#3059,#3066),.PCURVE_S1.);
#3055 = B_SPLINE_CURVE_WITH_KNOTS('',2,(#3056,#3057,#3058),
  .UNSPECIFIED.,.F.,.F.,(3,3),(0.,1.),.PIECEWISE_BEZIER_KNOTS.);
#3056 = CARTESIAN_POINT('',(7.10900390625,62.087997741699,1.));
#3057 = CARTESIAN_POINT('',(6.70099609375,61.661991882324,1.));
#3058 = CARTESIAN_POINT('',(6.05900390625,61.661991882324,1.));
#3059 = PCURVE('',#157,#3060);
#3060 = DEFINITIONAL_REPRESENTATION('',(#3061),#3065);
#3061 = B_SPLINE_CURVE_WITH_KNOTS('',2,(#3062,#3063,#3064),
  .UNSPECIFIED.,.F.,.F.,(3,3),(0.,1.),.PIECEWISE_BEZIER_KNOTS.);
#3062 = CARTESIAN_POINT('',(7.10900390625,12.087997741699));
#3063 = CARTESIAN_POINT('',(6.70099609375,11.661991882324));
#3064 = CARTESIAN_POINT('',(6.05900390625,11.661991882324));
#3065 = ( GEOMETRIC_REPRESENTATION_CONTEXT(2) 
PARAMETRIC_REPRESENTATION_CONTEXT() REPRESENTATION_CONTEXT('2D SPACE',''
  ) );
#3066 = PCURVE('',#3067,#3074);
#3067 = SURFACE_OF_LINEAR_EXTRUSION('',#3068,#3072);
#3068 = B_SPLINE_CURVE_WITH_KNOTS('',2,(#3069,#3070,#3071),
  .UNSPECIFIED.,.F.,.F.,(3,3),(0.,1.),.PIECEWISE_BEZIER_KNOTS.);
#3069 = CARTESIAN_POINT('',(7.10900390625,62.087997741699,1.));
#3070 = CARTESIAN_POINT('',(6.70099609375,61.661991882324,1.));
#3071 = CARTESIAN_POINT('',(6.05900390625,61.661991882324,1.));
#3072 = VECTOR('',#3073,1.);
#3073 = DIRECTION('',(-0.,-0.,-1.));
#3074 = DEFINITIONAL_REPRESENTATION('',(#3075),#3079);
#3075 = LINE('',#3076,#3077);
#3076 = CARTESIAN_POINT('',(0.,0.));
#3077 = VECTOR('',#3078,1.);
#3078 = DIRECTION('',(1.,0.));
#3079 = ( GEOMETRIC_REPRESENTATION_CONTEXT(2) 
PARAMETRIC_REPRESENTATION_CONTEXT() REPRESENTATION_CONTEXT('2D SPACE',''
  ) );
#3080 = ORIENTED_EDGE('',*,*,#3081,.T.);
#3081 = EDGE_CURVE('',#3052,#3082,#3084,.T.);
#3082 = VERTEX_POINT('',#3083);
#3083 = CARTESIAN_POINT('',(5.606005859375,61.715995788574,1.));
#3084 = SURFACE_CURVE('',#3085,(#3089,#3096),.PCURVE_S1.);
#3085 = B_SPLINE_CURVE_WITH_KNOTS('',2,(#3086,#3087,#3088),
  .UNSPECIFIED.,.F.,.F.,(3,3),(0.,1.),.PIECEWISE_BEZIER_KNOTS.);
#3086 = CARTESIAN_POINT('',(6.05900390625,61.661991882324,1.));
#3087 = CARTESIAN_POINT('',(5.8130078125,61.661991882324,1.));
#3088 = CARTESIAN_POINT('',(5.606005859375,61.715995788574,1.));
#3089 = PCURVE('',#157,#3090);
#3090 = DEFINITIONAL_REPRESENTATION('',(#3091),#3095);
#3091 = B_SPLINE_CURVE_WITH_KNOTS('',2,(#3092,#3093,#3094),
  .UNSPECIFIED.,.F.,.F.,(3,3),(0.,1.),.PIECEWISE_BEZIER_KNOTS.);
#3092 = CARTESIAN_POINT('',(6.05900390625,11.661991882324));
#3093 = CARTESIAN_POINT('',(5.8130078125,11.661991882324));
#3094 = CARTESIAN_POINT('',(5.606005859375,11.715995788574));
#3095 = ( GEOMETRIC_REPRESENTATION_CONTEXT(2) 
PARAMETRIC_REPRESENTATION_CONTEXT() REPRESENTATION_CONTEXT('2D SPACE',''
  ) );
#3096 = PCURVE('',#3097,#3104);
#3097 = SURFACE_OF_LINEAR_EXTRUSION('',#3098,#3102);
#3098 = B_SPLINE_CURVE_WITH_KNOTS('',2,(#3099,#3100,#3101),
  .UNSPECIFIED.,.F.,.F.,(3,3),(0.,1.),.PIECEWISE_BEZIER_KNOTS.);
#3099 = CARTESIAN_POINT('',(6.05900390625,61.661991882324,1.));
#3100 = CARTESIAN_POINT('',(5.8130078125,61.661991882324,1.));
#3101 = CARTESIAN_POINT('',(5.606005859375,61.715995788574,1.));
#3102 = VECTOR('',#3103,1.);
#3103 = DIRECTION('',(-0.,-0.,-1.));
#3104 = DEFINITIONAL_REPRESENTATION('',(#3105),#3109);
#3105 = LINE('',#3106,#3107);
#3106 = CARTESIAN_POINT('',(0.,0.));
#3107 = VECTOR('',#3108,1.);
#3108 = DIRECTION('',(1.,0.));
#3109 = ( GEOMETRIC_REPRESENTATION_CONTEXT(2) 
PARAMETRIC_REPRESENTATION_CONTEXT() REPRESENTATION_CONTEXT('2D SPACE',''
  ) );
#3110 = ORIENTED_EDGE('',*,*,#3111,.T.);
#3111 = EDGE_CURVE('',#3082,#3112,#3114,.T.);
#3112 = VERTEX_POINT('',#3113);
#3113 = CARTESIAN_POINT('',(5.26400390625,61.844999694824,1.));
#3114 = SURFACE_CURVE('',#3115,(#3119,#3126),.PCURVE_S1.);
#3115 = B_SPLINE_CURVE_WITH_KNOTS('',2,(#3116,#3117,#3118),
  .UNSPECIFIED.,.F.,.F.,(3,3),(0.,1.),.PIECEWISE_BEZIER_KNOTS.);
#3116 = CARTESIAN_POINT('',(5.606005859375,61.715995788574,1.));
#3117 = CARTESIAN_POINT('',(5.39900390625,61.769999694824,1.));
#3118 = CARTESIAN_POINT('',(5.26400390625,61.844999694824,1.));
#3119 = PCURVE('',#157,#3120);
#3120 = DEFINITIONAL_REPRESENTATION('',(#3121),#3125);
#3121 = B_SPLINE_CURVE_WITH_KNOTS('',2,(#3122,#3123,#3124),
  .UNSPECIFIED.,.F.,.F.,(3,3),(0.,1.),.PIECEWISE_BEZIER_KNOTS.);
#3122 = CARTESIAN_POINT('',(5.606005859375,11.715995788574));
#3123 = CARTESIAN_POINT('',(5.39900390625,11.769999694824));
#3124 = CARTESIAN_POINT('',(5.26400390625,11.844999694824));
#3125 = ( GEOMETRIC_REPRESENTATION_CONTEXT(2) 
PARAMETRIC_REPRESENTATION_CONTEXT() REPRESENTATION_CONTEXT('2D SPACE',''
  ) );
#3126 = PCURVE('',#3127,#3134);
#3127 = SURFACE_OF_LINEAR_EXTRUSION('',#3128,#3132);
#3128 = B_SPLINE_CURVE_WITH_KNOTS('',2,(#3129,#3130,#3131),
  .UNSPECIFIED.,.F.,.F.,(3,3),(0.,1.),.PIECEWISE_BEZIER_KNOTS.);
#3129 = CARTESIAN_POINT('',(5.606005859375,61.715995788574,1.));
#3130 = CARTESIAN_POINT('',(5.39900390625,61.769999694824,1.));
#3131 = CARTESIAN_POINT('',(5.26400390625,61.844999694824,1.));
#3132 = VECTOR('',#3133,1.);
#3133 = DIRECTION('',(-0.,-0.,-1.));
#3134 = DEFINITIONAL_REPRESENTATION('',(#3135),#3139);
#3135 = LINE('',#3136,#3137);
#3136 = CARTESIAN_POINT('',(0.,0.));
#3137 = VECTOR('',#3138,1.);
#3138 = DIRECTION('',(1.,0.));
#3139 = ( GEOMETRIC_REPRESENTATION_CONTEXT(2) 
PARAMETRIC_REPRESENTATION_CONTEXT() REPRESENTATION_CONTEXT('2D SPACE',''
  ) );
#3140 = ORIENTED_EDGE('',*,*,#3141,.T.);
#3141 = EDGE_CURVE('',#3112,#3142,#3144,.T.);
#3142 = VERTEX_POINT('',#3143);
#3143 = CARTESIAN_POINT('',(5.0180078125,62.042997741699,1.));
#3144 = SURFACE_CURVE('',#3145,(#3149,#3156),.PCURVE_S1.);
#3145 = B_SPLINE_CURVE_WITH_KNOTS('',2,(#3146,#3147,#3148),
  .UNSPECIFIED.,.F.,.F.,(3,3),(0.,1.),.PIECEWISE_BEZIER_KNOTS.);
#3146 = CARTESIAN_POINT('',(5.26400390625,61.844999694824,1.));
#3147 = CARTESIAN_POINT('',(5.12900390625,61.919999694824,1.));
#3148 = CARTESIAN_POINT('',(5.0180078125,62.042997741699,1.));
#3149 = PCURVE('',#157,#3150);
#3150 = DEFINITIONAL_REPRESENTATION('',(#3151),#3155);
#3151 = B_SPLINE_CURVE_WITH_KNOTS('',2,(#3152,#3153,#3154),
  .UNSPECIFIED.,.F.,.F.,(3,3),(0.,1.),.PIECEWISE_BEZIER_KNOTS.);
#3152 = CARTESIAN_POINT('',(5.26400390625,11.844999694824));
#3153 = CARTESIAN_POINT('',(5.12900390625,11.919999694824));
#3154 = CARTESIAN_POINT('',(5.0180078125,12.042997741699));
#3155 = ( GEOMETRIC_REPRESENTATION_CONTEXT(2) 
PARAMETRIC_REPRESENTATION_CONTEXT() REPRESENTATION_CONTEXT('2D SPACE',''
  ) );
#3156 = PCURVE('',#3157,#3164);
#3157 = SURFACE_OF_LINEAR_EXTRUSION('',#3158,#3162);
#3158 = B_SPLINE_CURVE_WITH_KNOTS('',2,(#3159,#3160,#3161),
  .UNSPECIFIED.,.F.,.F.,(3,3),(0.,1.),.PIECEWISE_BEZIER_KNOTS.);
#3159 = CARTESIAN_POINT('',(5.26400390625,61.844999694824,1.));
#3160 = CARTESIAN_POINT('',(5.12900390625,61.919999694824,1.));
#3161 = CARTESIAN_POINT('',(5.0180078125,62.042997741699,1.));
#3162 = VECTOR('',#3163,1.);
#3163 = DIRECTION('',(-0.,-0.,-1.));
#3164 = DEFINITIONAL_REPRESENTATION('',(#3165),#3169);
#3165 = LINE('',#3166,#3167);
#3166 = CARTESIAN_POINT('',(0.,0.));
#3167 = VECTOR('',#3168,1.);
#3168 = DIRECTION('',(1.,0.));
#3169 = ( GEOMETRIC_REPRESENTATION_CONTEXT(2) 
PARAMETRIC_REPRESENTATION_CONTEXT() REPRESENTATION_CONTEXT('2D SPACE',''
  ) );
#3170 = ORIENTED_EDGE('',*,*,#3171,.T.);
#3171 = EDGE_CURVE('',#3142,#3172,#3174,.T.);
#3172 = VERTEX_POINT('',#3173);
#3173 = CARTESIAN_POINT('',(4.850009765625,62.258993835449,1.));
#3174 = SURFACE_CURVE('',#3175,(#3179,#3186),.PCURVE_S1.);
#3175 = B_SPLINE_CURVE_WITH_KNOTS('',2,(#3176,#3177,#3178),
  .UNSPECIFIED.,.F.,.F.,(3,3),(0.,1.),.PIECEWISE_BEZIER_KNOTS.);
#3176 = CARTESIAN_POINT('',(5.0180078125,62.042997741699,1.));
#3177 = CARTESIAN_POINT('',(4.90701171875,62.165995788574,1.));
#3178 = CARTESIAN_POINT('',(4.850009765625,62.258993835449,1.));
#3179 = PCURVE('',#157,#3180);
#3180 = DEFINITIONAL_REPRESENTATION('',(#3181),#3185);
#3181 = B_SPLINE_CURVE_WITH_KNOTS('',2,(#3182,#3183,#3184),
  .UNSPECIFIED.,.F.,.F.,(3,3),(0.,1.),.PIECEWISE_BEZIER_KNOTS.);
#3182 = CARTESIAN_POINT('',(5.0180078125,12.042997741699));
#3183 = CARTESIAN_POINT('',(4.90701171875,12.165995788574));
#3184 = CARTESIAN_POINT('',(4.850009765625,12.258993835449));
#3185 = ( GEOMETRIC_REPRESENTATION_CONTEXT(2) 
PARAMETRIC_REPRESENTATION_CONTEXT() REPRESENTATION_CONTEXT('2D SPACE',''
  ) );
#3186 = PCURVE('',#3187,#3194);
#3187 = SURFACE_OF_LINEAR_EXTRUSION('',#3188,#3192);
#3188 = B_SPLINE_CURVE_WITH_KNOTS('',2,(#3189,#3190,#3191),
  .UNSPECIFIED.,.F.,.F.,(3,3),(0.,1.),.PIECEWISE_BEZIER_KNOTS.);
#3189 = CARTESIAN_POINT('',(5.0180078125,62.042997741699,1.));
#3190 = CARTESIAN_POINT('',(4.90701171875,62.165995788574,1.));
#3191 = CARTESIAN_POINT('',(4.850009765625,62.258993835449,1.));
#3192 = VECTOR('',#3193,1.);
#3193 = DIRECTION('',(-0.,-0.,-1.));
#3194 = DEFINITIONAL_REPRESENTATION('',(#3195),#3199);
#3195 = LINE('',#3196,#3197);
#3196 = CARTESIAN_POINT('',(0.,0.));
#3197 = VECTOR('',#3198,1.);
#3198 = DIRECTION('',(1.,0.));
#3199 = ( GEOMETRIC_REPRESENTATION_CONTEXT(2) 
PARAMETRIC_REPRESENTATION_CONTEXT() REPRESENTATION_CONTEXT('2D SPACE',''
  ) );
#3200 = ORIENTED_EDGE('',*,*,#3201,.T.);
#3201 = EDGE_CURVE('',#3172,#3202,#3204,.T.);
#3202 = VERTEX_POINT('',#3203);
#3203 = CARTESIAN_POINT('',(4.742001953125,62.492997741699,1.));
#3204 = SURFACE_CURVE('',#3205,(#3209,#3216),.PCURVE_S1.);
#3205 = B_SPLINE_CURVE_WITH_KNOTS('',2,(#3206,#3207,#3208),
  .UNSPECIFIED.,.F.,.F.,(3,3),(0.,1.),.PIECEWISE_BEZIER_KNOTS.);
#3206 = CARTESIAN_POINT('',(4.850009765625,62.258993835449,1.));
#3207 = CARTESIAN_POINT('',(4.7930078125,62.351991882324,1.));
#3208 = CARTESIAN_POINT('',(4.742001953125,62.492997741699,1.));
#3209 = PCURVE('',#157,#3210);
#3210 = DEFINITIONAL_REPRESENTATION('',(#3211),#3215);
#3211 = B_SPLINE_CURVE_WITH_KNOTS('',2,(#3212,#3213,#3214),
  .UNSPECIFIED.,.F.,.F.,(3,3),(0.,1.),.PIECEWISE_BEZIER_KNOTS.);
#3212 = CARTESIAN_POINT('',(4.850009765625,12.258993835449));
#3213 = CARTESIAN_POINT('',(4.7930078125,12.351991882324));
#3214 = CARTESIAN_POINT('',(4.742001953125,12.492997741699));
#3215 = ( GEOMETRIC_REPRESENTATION_CONTEXT(2) 
PARAMETRIC_REPRESENTATION_CONTEXT() REPRESENTATION_CONTEXT('2D SPACE',''
  ) );
#3216 = PCURVE('',#3217,#3224);
#3217 = SURFACE_OF_LINEAR_EXTRUSION('',#3218,#3222);
#3218 = B_SPLINE_CURVE_WITH_KNOTS('',2,(#3219,#3220,#3221),
  .UNSPECIFIED.,.F.,.F.,(3,3),(0.,1.),.PIECEWISE_BEZIER_KNOTS.);
#3219 = CARTESIAN_POINT('',(4.850009765625,62.258993835449,1.));
#3220 = CARTESIAN_POINT('',(4.7930078125,62.351991882324,1.));
#3221 = CARTESIAN_POINT('',(4.742001953125,62.492997741699,1.));
#3222 = VECTOR('',#3223,1.);
#3223 = DIRECTION('',(-0.,-0.,-1.));
#3224 = DEFINITIONAL_REPRESENTATION('',(#3225),#3229);
#3225 = LINE('',#3226,#3227);
#3226 = CARTESIAN_POINT('',(0.,0.));
#3227 = VECTOR('',#3228,1.);
#3228 = DIRECTION('',(1.,0.));
#3229 = ( GEOMETRIC_REPRESENTATION_CONTEXT(2) 
PARAMETRIC_REPRESENTATION_CONTEXT() REPRESENTATION_CONTEXT('2D SPACE',''
  ) );
#3230 = ORIENTED_EDGE('',*,*,#3231,.T.);
#3231 = EDGE_CURVE('',#3202,#3232,#3234,.T.);
#3232 = VERTEX_POINT('',#3233);
#3233 = CARTESIAN_POINT('',(4.67900390625,62.687997741699,1.));
#3234 = SURFACE_CURVE('',#3235,(#3239,#3246),.PCURVE_S1.);
#3235 = B_SPLINE_CURVE_WITH_KNOTS('',2,(#3236,#3237,#3238),
  .UNSPECIFIED.,.F.,.F.,(3,3),(0.,1.),.PIECEWISE_BEZIER_KNOTS.);
#3236 = CARTESIAN_POINT('',(4.742001953125,62.492997741699,1.));
#3237 = CARTESIAN_POINT('',(4.69099609375,62.634003601074,1.));
#3238 = CARTESIAN_POINT('',(4.67900390625,62.687997741699,1.));
#3239 = PCURVE('',#157,#3240);
#3240 = DEFINITIONAL_REPRESENTATION('',(#3241),#3245);
#3241 = B_SPLINE_CURVE_WITH_KNOTS('',2,(#3242,#3243,#3244),
  .UNSPECIFIED.,.F.,.F.,(3,3),(0.,1.),.PIECEWISE_BEZIER_KNOTS.);
#3242 = CARTESIAN_POINT('',(4.742001953125,12.492997741699));
#3243 = CARTESIAN_POINT('',(4.69099609375,12.634003601074));
#3244 = CARTESIAN_POINT('',(4.67900390625,12.687997741699));
#3245 = ( GEOMETRIC_REPRESENTATION_CONTEXT(2) 
PARAMETRIC_REPRESENTATION_CONTEXT() REPRESENTATION_CONTEXT('2D SPACE',''
  ) );
#3246 = PCURVE('',#3247,#3254);
#3247 = SURFACE_OF_LINEAR_EXTRUSION('',#3248,#3252);
#3248 = B_SPLINE_CURVE_WITH_KNOTS('',2,(#3249,#3250,#3251),
  .UNSPECIFIED.,.F.,.F.,(3,3),(0.,1.),.PIECEWISE_BEZIER_KNOTS.);
#3249 = CARTESIAN_POINT('',(4.742001953125,62.492997741699,1.));
#3250 = CARTESIAN_POINT('',(4.69099609375,62.634003601074,1.));
#3251 = CARTESIAN_POINT('',(4.67900390625,62.687997741699,1.));
#3252 = VECTOR('',#3253,1.);
#3253 = DIRECTION('',(-0.,-0.,-1.));
#3254 = DEFINITIONAL_REPRESENTATION('',(#3255),#3259);
#3255 = LINE('',#3256,#3257);
#3256 = CARTESIAN_POINT('',(0.,0.));
#3257 = VECTOR('',#3258,1.);
#3258 = DIRECTION('',(1.,0.));
#3259 = ( GEOMETRIC_REPRESENTATION_CONTEXT(2) 
PARAMETRIC_REPRESENTATION_CONTEXT() REPRESENTATION_CONTEXT('2D SPACE',''
  ) );
#3260 = ORIENTED_EDGE('',*,*,#3261,.T.);
#3261 = EDGE_CURVE('',#3232,#3262,#3264,.T.);
#3262 = VERTEX_POINT('',#3263);
#3263 = CARTESIAN_POINT('',(4.64900390625,62.844003601074,1.));
#3264 = SURFACE_CURVE('',#3265,(#3269,#3276),.PCURVE_S1.);
#3265 = B_SPLINE_CURVE_WITH_KNOTS('',2,(#3266,#3267,#3268),
  .UNSPECIFIED.,.F.,.F.,(3,3),(0.,1.),.PIECEWISE_BEZIER_KNOTS.);
#3266 = CARTESIAN_POINT('',(4.67900390625,62.687997741699,1.));
#3267 = CARTESIAN_POINT('',(4.66701171875,62.741991882324,1.));
#3268 = CARTESIAN_POINT('',(4.64900390625,62.844003601074,1.));
#3269 = PCURVE('',#157,#3270);
#3270 = DEFINITIONAL_REPRESENTATION('',(#3271),#3275);
#3271 = B_SPLINE_CURVE_WITH_KNOTS('',2,(#3272,#3273,#3274),
  .UNSPECIFIED.,.F.,.F.,(3,3),(0.,1.),.PIECEWISE_BEZIER_KNOTS.);
#3272 = CARTESIAN_POINT('',(4.67900390625,12.687997741699));
#3273 = CARTESIAN_POINT('',(4.66701171875,12.741991882324));
#3274 = CARTESIAN_POINT('',(4.64900390625,12.844003601074));
#3275 = ( GEOMETRIC_REPRESENTATION_CONTEXT(2) 
PARAMETRIC_REPRESENTATION_CONTEXT() REPRESENTATION_CONTEXT('2D SPACE',''
  ) );
#3276 = PCURVE('',#3277,#3284);
#3277 = SURFACE_OF_LINEAR_EXTRUSION('',#3278,#3282);
#3278 = B_SPLINE_CURVE_WITH_KNOTS('',2,(#3279,#3280,#3281),
  .UNSPECIFIED.,.F.,.F.,(3,3),(0.,1.),.PIECEWISE_BEZIER_KNOTS.);
#3279 = CARTESIAN_POINT('',(4.67900390625,62.687997741699,1.));
#3280 = CARTESIAN_POINT('',(4.66701171875,62.741991882324,1.));
#3281 = CARTESIAN_POINT('',(4.64900390625,62.844003601074,1.));
#3282 = VECTOR('',#3283,1.);
#3283 = DIRECTION('',(-0.,-0.,-1.));
#3284 = DEFINITIONAL_REPRESENTATION('',(#3285),#3289);
#3285 = LINE('',#3286,#3287);
#3286 = CARTESIAN_POINT('',(0.,0.));
#3287 = VECTOR('',#3288,1.);
#3288 = DIRECTION('',(1.,0.));
#3289 = ( GEOMETRIC_REPRESENTATION_CONTEXT(2) 
PARAMETRIC_REPRESENTATION_CONTEXT() REPRESENTATION_CONTEXT('2D SPACE',''
  ) );
#3290 = ORIENTED_EDGE('',*,*,#3291,.T.);
#3291 = EDGE_CURVE('',#3262,#3292,#3294,.T.);
#3292 = VERTEX_POINT('',#3293);
#3293 = CARTESIAN_POINT('',(5.17701171875,62.844003601074,1.));
#3294 = SURFACE_CURVE('',#3295,(#3299,#3306),.PCURVE_S1.);
#3295 = LINE('',#3296,#3297);
#3296 = CARTESIAN_POINT('',(4.64900390625,62.844003601074,1.));
#3297 = VECTOR('',#3298,1.);
#3298 = DIRECTION('',(1.,0.,0.));
#3299 = PCURVE('',#157,#3300);
#3300 = DEFINITIONAL_REPRESENTATION('',(#3301),#3305);
#3301 = LINE('',#3302,#3303);
#3302 = CARTESIAN_POINT('',(4.64900390625,12.844003601074));
#3303 = VECTOR('',#3304,1.);
#3304 = DIRECTION('',(1.,0.));
#3305 = ( GEOMETRIC_REPRESENTATION_CONTEXT(2) 
PARAMETRIC_REPRESENTATION_CONTEXT() REPRESENTATION_CONTEXT('2D SPACE',''
  ) );
#3306 = PCURVE('',#3307,#3312);
#3307 = PLANE('',#3308);
#3308 = AXIS2_PLACEMENT_3D('',#3309,#3310,#3311);
#3309 = CARTESIAN_POINT('',(4.64900390625,62.844003601074,1.));
#3310 = DIRECTION('',(0.,1.,0.));
#3311 = DIRECTION('',(1.,0.,0.));
#3312 = DEFINITIONAL_REPRESENTATION('',(#3313),#3317);
#3313 = LINE('',#3314,#3315);
#3314 = CARTESIAN_POINT('',(0.,0.));
#3315 = VECTOR('',#3316,1.);
#3316 = DIRECTION('',(1.,0.));
#3317 = ( GEOMETRIC_REPRESENTATION_CONTEXT(2) 
PARAMETRIC_REPRESENTATION_CONTEXT() REPRESENTATION_CONTEXT('2D SPACE',''
  ) );
#3318 = ORIENTED_EDGE('',*,*,#3319,.T.);
#3319 = EDGE_CURVE('',#3292,#3320,#3322,.T.);
#3320 = VERTEX_POINT('',#3321);
#3321 = CARTESIAN_POINT('',(6.04701171875,62.129999694824,1.));
#3322 = SURFACE_CURVE('',#3323,(#3327,#3334),.PCURVE_S1.);
#3323 = B_SPLINE_CURVE_WITH_KNOTS('',2,(#3324,#3325,#3326),
  .UNSPECIFIED.,.F.,.F.,(3,3),(0.,1.),.PIECEWISE_BEZIER_KNOTS.);
#3324 = CARTESIAN_POINT('',(5.17701171875,62.844003601074,1.));
#3325 = CARTESIAN_POINT('',(5.3630078125,62.129999694824,1.));
#3326 = CARTESIAN_POINT('',(6.04701171875,62.129999694824,1.));
#3327 = PCURVE('',#157,#3328);
#3328 = DEFINITIONAL_REPRESENTATION('',(#3329),#3333);
#3329 = B_SPLINE_CURVE_WITH_KNOTS('',2,(#3330,#3331,#3332),
  .UNSPECIFIED.,.F.,.F.,(3,3),(0.,1.),.PIECEWISE_BEZIER_KNOTS.);
#3330 = CARTESIAN_POINT('',(5.17701171875,12.844003601074));
#3331 = CARTESIAN_POINT('',(5.3630078125,12.129999694824));
#3332 = CARTESIAN_POINT('',(6.04701171875,12.129999694824));
#3333 = ( GEOMETRIC_REPRESENTATION_CONTEXT(2) 
PARAMETRIC_REPRESENTATION_CONTEXT() REPRESENTATION_CONTEXT('2D SPACE',''
  ) );
#3334 = PCURVE('',#3335,#3342);
#3335 = SURFACE_OF_LINEAR_EXTRUSION('',#3336,#3340);
#3336 = B_SPLINE_CURVE_WITH_KNOTS('',2,(#3337,#3338,#3339),
  .UNSPECIFIED.,.F.,.F.,(3,3),(0.,1.),.PIECEWISE_BEZIER_KNOTS.);
#3337 = CARTESIAN_POINT('',(5.17701171875,62.844003601074,1.));
#3338 = CARTESIAN_POINT('',(5.3630078125,62.129999694824,1.));
#3339 = CARTESIAN_POINT('',(6.04701171875,62.129999694824,1.));
#3340 = VECTOR('',#3341,1.);
#3341 = DIRECTION('',(-0.,-0.,-1.));
#3342 = DEFINITIONAL_REPRESENTATION('',(#3343),#3347);
#3343 = LINE('',#3344,#3345);
#3344 = CARTESIAN_POINT('',(0.,0.));
#3345 = VECTOR('',#3346,1.);
#3346 = DIRECTION('',(1.,0.));
#3347 = ( GEOMETRIC_REPRESENTATION_CONTEXT(2) 
PARAMETRIC_REPRESENTATION_CONTEXT() REPRESENTATION_CONTEXT('2D SPACE',''
  ) );
#3348 = ORIENTED_EDGE('',*,*,#3349,.T.);
#3349 = EDGE_CURVE('',#3320,#3350,#3352,.T.);
#3350 = VERTEX_POINT('',#3351);
#3351 = CARTESIAN_POINT('',(6.7280078125,62.394003601074,1.));
#3352 = SURFACE_CURVE('',#3353,(#3357,#3364),.PCURVE_S1.);
#3353 = B_SPLINE_CURVE_WITH_KNOTS('',2,(#3354,#3355,#3356),
  .UNSPECIFIED.,.F.,.F.,(3,3),(0.,1.),.PIECEWISE_BEZIER_KNOTS.);
#3354 = CARTESIAN_POINT('',(6.04701171875,62.129999694824,1.));
#3355 = CARTESIAN_POINT('',(6.47900390625,62.129999694824,1.));
#3356 = CARTESIAN_POINT('',(6.7280078125,62.394003601074,1.));
#3357 = PCURVE('',#157,#3358);
#3358 = DEFINITIONAL_REPRESENTATION('',(#3359),#3363);
#3359 = B_SPLINE_CURVE_WITH_KNOTS('',2,(#3360,#3361,#3362),
  .UNSPECIFIED.,.F.,.F.,(3,3),(0.,1.),.PIECEWISE_BEZIER_KNOTS.);
#3360 = CARTESIAN_POINT('',(6.04701171875,12.129999694824));
#3361 = CARTESIAN_POINT('',(6.47900390625,12.129999694824));
#3362 = CARTESIAN_POINT('',(6.7280078125,12.394003601074));
#3363 = ( GEOMETRIC_REPRESENTATION_CONTEXT(2) 
PARAMETRIC_REPRESENTATION_CONTEXT() REPRESENTATION_CONTEXT('2D SPACE',''
  ) );
#3364 = PCURVE('',#3365,#3372);
#3365 = SURFACE_OF_LINEAR_EXTRUSION('',#3366,#3370);
#3366 = B_SPLINE_CURVE_WITH_KNOTS('',2,(#3367,#3368,#3369),
  .UNSPECIFIED.,.F.,.F.,(3,3),(0.,1.),.PIECEWISE_BEZIER_KNOTS.);
#3367 = CARTESIAN_POINT('',(6.04701171875,62.129999694824,1.));
#3368 = CARTESIAN_POINT('',(6.47900390625,62.129999694824,1.));
#3369 = CARTESIAN_POINT('',(6.7280078125,62.394003601074,1.));
#3370 = VECTOR('',#3371,1.);
#3371 = DIRECTION('',(-0.,-0.,-1.));
#3372 = DEFINITIONAL_REPRESENTATION('',(#3373),#3377);
#3373 = LINE('',#3374,#3375);
#3374 = CARTESIAN_POINT('',(0.,0.));
#3375 = VECTOR('',#3376,1.);
#3376 = DIRECTION('',(1.,0.));
#3377 = ( GEOMETRIC_REPRESENTATION_CONTEXT(2) 
PARAMETRIC_REPRESENTATION_CONTEXT() REPRESENTATION_CONTEXT('2D SPACE',''
  ) );
#3378 = ORIENTED_EDGE('',*,*,#3379,.T.);
#3379 = EDGE_CURVE('',#3350,#3380,#3382,.T.);
#3380 = VERTEX_POINT('',#3381);
#3381 = CARTESIAN_POINT('',(6.97701171875,63.114003601074,1.));
#3382 = SURFACE_CURVE('',#3383,(#3387,#3394),.PCURVE_S1.);
#3383 = B_SPLINE_CURVE_WITH_KNOTS('',2,(#3384,#3385,#3386),
  .UNSPECIFIED.,.F.,.F.,(3,3),(0.,1.),.PIECEWISE_BEZIER_KNOTS.);
#3384 = CARTESIAN_POINT('',(6.7280078125,62.394003601074,1.));
#3385 = CARTESIAN_POINT('',(6.97701171875,62.658007507324,1.));
#3386 = CARTESIAN_POINT('',(6.97701171875,63.114003601074,1.));
#3387 = PCURVE('',#157,#3388);
#3388 = DEFINITIONAL_REPRESENTATION('',(#3389),#3393);
#3389 = B_SPLINE_CURVE_WITH_KNOTS('',2,(#3390,#3391,#3392),
  .UNSPECIFIED.,.F.,.F.,(3,3),(0.,1.),.PIECEWISE_BEZIER_KNOTS.);
#3390 = CARTESIAN_POINT('',(6.7280078125,12.394003601074));
#3391 = CARTESIAN_POINT('',(6.97701171875,12.658007507324));
#3392 = CARTESIAN_POINT('',(6.97701171875,13.114003601074));
#3393 = ( GEOMETRIC_REPRESENTATION_CONTEXT(2) 
PARAMETRIC_REPRESENTATION_CONTEXT() REPRESENTATION_CONTEXT('2D SPACE',''
  ) );
#3394 = PCURVE('',#3395,#3402);
#3395 = SURFACE_OF_LINEAR_EXTRUSION('',#3396,#3400);
#3396 = B_SPLINE_CURVE_WITH_KNOTS('',2,(#3397,#3398,#3399),
  .UNSPECIFIED.,.F.,.F.,(3,3),(0.,1.),.PIECEWISE_BEZIER_KNOTS.);
#3397 = CARTESIAN_POINT('',(6.7280078125,62.394003601074,1.));
#3398 = CARTESIAN_POINT('',(6.97701171875,62.658007507324,1.));
#3399 = CARTESIAN_POINT('',(6.97701171875,63.114003601074,1.));
#3400 = VECTOR('',#3401,1.);
#3401 = DIRECTION('',(-0.,-0.,-1.));
#3402 = DEFINITIONAL_REPRESENTATION('',(#3403),#3407);
#3403 = LINE('',#3404,#3405);
#3404 = CARTESIAN_POINT('',(0.,0.));
#3405 = VECTOR('',#3406,1.);
#3406 = DIRECTION('',(1.,0.));
#3407 = ( GEOMETRIC_REPRESENTATION_CONTEXT(2) 
PARAMETRIC_REPRESENTATION_CONTEXT() REPRESENTATION_CONTEXT('2D SPACE',''
  ) );
#3408 = ORIENTED_EDGE('',*,*,#3409,.T.);
#3409 = EDGE_CURVE('',#3380,#3410,#3412,.T.);
#3410 = VERTEX_POINT('',#3411);
#3411 = CARTESIAN_POINT('',(6.725009765625,63.861005554199,1.));
#3412 = SURFACE_CURVE('',#3413,(#3417,#3424),.PCURVE_S1.);
#3413 = B_SPLINE_CURVE_WITH_KNOTS('',2,(#3414,#3415,#3416),
  .UNSPECIFIED.,.F.,.F.,(3,3),(0.,1.),.PIECEWISE_BEZIER_KNOTS.);
#3414 = CARTESIAN_POINT('',(6.97701171875,63.114003601074,1.));
#3415 = CARTESIAN_POINT('',(6.97701171875,63.588007507324,1.));
#3416 = CARTESIAN_POINT('',(6.725009765625,63.861005554199,1.));
#3417 = PCURVE('',#157,#3418);
#3418 = DEFINITIONAL_REPRESENTATION('',(#3419),#3423);
#3419 = B_SPLINE_CURVE_WITH_KNOTS('',2,(#3420,#3421,#3422),
  .UNSPECIFIED.,.F.,.F.,(3,3),(0.,1.),.PIECEWISE_BEZIER_KNOTS.);
#3420 = CARTESIAN_POINT('',(6.97701171875,13.114003601074));
#3421 = CARTESIAN_POINT('',(6.97701171875,13.588007507324));
#3422 = CARTESIAN_POINT('',(6.725009765625,13.861005554199));
#3423 = ( GEOMETRIC_REPRESENTATION_CONTEXT(2) 
PARAMETRIC_REPRESENTATION_CONTEXT() REPRESENTATION_CONTEXT('2D SPACE',''
  ) );
#3424 = PCURVE('',#3425,#3432);
#3425 = SURFACE_OF_LINEAR_EXTRUSION('',#3426,#3430);
#3426 = B_SPLINE_CURVE_WITH_KNOTS('',2,(#3427,#3428,#3429),
  .UNSPECIFIED.,.F.,.F.,(3,3),(0.,1.),.PIECEWISE_BEZIER_KNOTS.);
#3427 = CARTESIAN_POINT('',(6.97701171875,63.114003601074,1.));
#3428 = CARTESIAN_POINT('',(6.97701171875,63.588007507324,1.));
#3429 = CARTESIAN_POINT('',(6.725009765625,63.861005554199,1.));
#3430 = VECTOR('',#3431,1.);
#3431 = DIRECTION('',(-0.,-0.,-1.));
#3432 = DEFINITIONAL_REPRESENTATION('',(#3433),#3437);
#3433 = LINE('',#3434,#3435);
#3434 = CARTESIAN_POINT('',(0.,0.));
#3435 = VECTOR('',#3436,1.);
#3436 = DIRECTION('',(1.,0.));
#3437 = ( GEOMETRIC_REPRESENTATION_CONTEXT(2) 
PARAMETRIC_REPRESENTATION_CONTEXT() REPRESENTATION_CONTEXT('2D SPACE',''
  ) );
#3438 = ORIENTED_EDGE('',*,*,#3439,.T.);
#3439 = EDGE_CURVE('',#3410,#3440,#3442,.T.);
#3440 = VERTEX_POINT('',#3441);
#3441 = CARTESIAN_POINT('',(6.04701171875,64.134003601074,1.));
#3442 = SURFACE_CURVE('',#3443,(#3447,#3454),.PCURVE_S1.);
#3443 = B_SPLINE_CURVE_WITH_KNOTS('',2,(#3444,#3445,#3446),
  .UNSPECIFIED.,.F.,.F.,(3,3),(0.,1.),.PIECEWISE_BEZIER_KNOTS.);
#3444 = CARTESIAN_POINT('',(6.725009765625,63.861005554199,1.));
#3445 = CARTESIAN_POINT('',(6.4730078125,64.134003601074,1.));
#3446 = CARTESIAN_POINT('',(6.04701171875,64.134003601074,1.));
#3447 = PCURVE('',#157,#3448);
#3448 = DEFINITIONAL_REPRESENTATION('',(#3449),#3453);
#3449 = B_SPLINE_CURVE_WITH_KNOTS('',2,(#3450,#3451,#3452),
  .UNSPECIFIED.,.F.,.F.,(3,3),(0.,1.),.PIECEWISE_BEZIER_KNOTS.);
#3450 = CARTESIAN_POINT('',(6.725009765625,13.861005554199));
#3451 = CARTESIAN_POINT('',(6.4730078125,14.134003601074));
#3452 = CARTESIAN_POINT('',(6.04701171875,14.134003601074));
#3453 = ( GEOMETRIC_REPRESENTATION_CONTEXT(2) 
PARAMETRIC_REPRESENTATION_CONTEXT() REPRESENTATION_CONTEXT('2D SPACE',''
  ) );
#3454 = PCURVE('',#3455,#3462);
#3455 = SURFACE_OF_LINEAR_EXTRUSION('',#3456,#3460);
#3456 = B_SPLINE_CURVE_WITH_KNOTS('',2,(#3457,#3458,#3459),
  .UNSPECIFIED.,.F.,.F.,(3,3),(0.,1.),.PIECEWISE_BEZIER_KNOTS.);
#3457 = CARTESIAN_POINT('',(6.725009765625,63.861005554199,1.));
#3458 = CARTESIAN_POINT('',(6.4730078125,64.134003601074,1.));
#3459 = CARTESIAN_POINT('',(6.04701171875,64.134003601074,1.));
#3460 = VECTOR('',#3461,1.);
#3461 = DIRECTION('',(-0.,-0.,-1.));
#3462 = DEFINITIONAL_REPRESENTATION('',(#3463),#3467);
#3463 = LINE('',#3464,#3465);
#3464 = CARTESIAN_POINT('',(0.,0.));
#3465 = VECTOR('',#3466,1.);
#3466 = DIRECTION('',(1.,0.));
#3467 = ( GEOMETRIC_REPRESENTATION_CONTEXT(2) 
PARAMETRIC_REPRESENTATION_CONTEXT() REPRESENTATION_CONTEXT('2D SPACE',''
  ) );
#3468 = ORIENTED_EDGE('',*,*,#3469,.T.);
#3469 = EDGE_CURVE('',#3440,#3470,#3472,.T.);
#3470 = VERTEX_POINT('',#3471);
#3471 = CARTESIAN_POINT('',(5.627001953125,64.047001647949,1.));
#3472 = SURFACE_CURVE('',#3473,(#3477,#3484),.PCURVE_S1.);
#3473 = B_SPLINE_CURVE_WITH_KNOTS('',2,(#3474,#3475,#3476),
  .UNSPECIFIED.,.F.,.F.,(3,3),(0.,1.),.PIECEWISE_BEZIER_KNOTS.);
#3474 = CARTESIAN_POINT('',(6.04701171875,64.134003601074,1.));
#3475 = CARTESIAN_POINT('',(5.80099609375,64.134003601074,1.));
#3476 = CARTESIAN_POINT('',(5.627001953125,64.047001647949,1.));
#3477 = PCURVE('',#157,#3478);
#3478 = DEFINITIONAL_REPRESENTATION('',(#3479),#3483);
#3479 = B_SPLINE_CURVE_WITH_KNOTS('',2,(#3480,#3481,#3482),
  .UNSPECIFIED.,.F.,.F.,(3,3),(0.,1.),.PIECEWISE_BEZIER_KNOTS.);
#3480 = CARTESIAN_POINT('',(6.04701171875,14.134003601074));
#3481 = CARTESIAN_POINT('',(5.80099609375,14.134003601074));
#3482 = CARTESIAN_POINT('',(5.627001953125,14.047001647949));
#3483 = ( GEOMETRIC_REPRESENTATION_CONTEXT(2) 
PARAMETRIC_REPRESENTATION_CONTEXT() REPRESENTATION_CONTEXT('2D SPACE',''
  ) );
#3484 = PCURVE('',#3485,#3492);
#3485 = SURFACE_OF_LINEAR_EXTRUSION('',#3486,#3490);
#3486 = B_SPLINE_CURVE_WITH_KNOTS('',2,(#3487,#3488,#3489),
  .UNSPECIFIED.,.F.,.F.,(3,3),(0.,1.),.PIECEWISE_BEZIER_KNOTS.);
#3487 = CARTESIAN_POINT('',(6.04701171875,64.134003601074,1.));
#3488 = CARTESIAN_POINT('',(5.80099609375,64.134003601074,1.));
#3489 = CARTESIAN_POINT('',(5.627001953125,64.047001647949,1.));
#3490 = VECTOR('',#3491,1.);
#3491 = DIRECTION('',(-0.,-0.,-1.));
#3492 = DEFINITIONAL_REPRESENTATION('',(#3493),#3497);
#3493 = LINE('',#3494,#3495);
#3494 = CARTESIAN_POINT('',(0.,0.));
#3495 = VECTOR('',#3496,1.);
#3496 = DIRECTION('',(1.,0.));
#3497 = ( GEOMETRIC_REPRESENTATION_CONTEXT(2) 
PARAMETRIC_REPRESENTATION_CONTEXT() REPRESENTATION_CONTEXT('2D SPACE',''
  ) );
#3498 = ORIENTED_EDGE('',*,*,#3499,.T.);
#3499 = EDGE_CURVE('',#3470,#3500,#3502,.T.);
#3500 = VERTEX_POINT('',#3501);
#3501 = CARTESIAN_POINT('',(5.26701171875,63.738007507324,1.));
#3502 = SURFACE_CURVE('',#3503,(#3507,#3514),.PCURVE_S1.);
#3503 = B_SPLINE_CURVE_WITH_KNOTS('',2,(#3504,#3505,#3506),
  .UNSPECIFIED.,.F.,.F.,(3,3),(0.,1.),.PIECEWISE_BEZIER_KNOTS.);
#3504 = CARTESIAN_POINT('',(5.627001953125,64.047001647949,1.));
#3505 = CARTESIAN_POINT('',(5.4530078125,63.959999694824,1.));
#3506 = CARTESIAN_POINT('',(5.26701171875,63.738007507324,1.));
#3507 = PCURVE('',#157,#3508);
#3508 = DEFINITIONAL_REPRESENTATION('',(#3509),#3513);
#3509 = B_SPLINE_CURVE_WITH_KNOTS('',2,(#3510,#3511,#3512),
  .UNSPECIFIED.,.F.,.F.,(3,3),(0.,1.),.PIECEWISE_BEZIER_KNOTS.);
#3510 = CARTESIAN_POINT('',(5.627001953125,14.047001647949));
#3511 = CARTESIAN_POINT('',(5.4530078125,13.959999694824));
#3512 = CARTESIAN_POINT('',(5.26701171875,13.738007507324));
#3513 = ( GEOMETRIC_REPRESENTATION_CONTEXT(2) 
PARAMETRIC_REPRESENTATION_CONTEXT() REPRESENTATION_CONTEXT('2D SPACE',''
  ) );
#3514 = PCURVE('',#3515,#3522);
#3515 = SURFACE_OF_LINEAR_EXTRUSION('',#3516,#3520);
#3516 = B_SPLINE_CURVE_WITH_KNOTS('',2,(#3517,#3518,#3519),
  .UNSPECIFIED.,.F.,.F.,(3,3),(0.,1.),.PIECEWISE_BEZIER_KNOTS.);
#3517 = CARTESIAN_POINT('',(5.627001953125,64.047001647949,1.));
#3518 = CARTESIAN_POINT('',(5.4530078125,63.959999694824,1.));
#3519 = CARTESIAN_POINT('',(5.26701171875,63.738007507324,1.));
#3520 = VECTOR('',#3521,1.);
#3521 = DIRECTION('',(-0.,-0.,-1.));
#3522 = DEFINITIONAL_REPRESENTATION('',(#3523),#3527);
#3523 = LINE('',#3524,#3525);
#3524 = CARTESIAN_POINT('',(0.,0.));
#3525 = VECTOR('',#3526,1.);
#3526 = DIRECTION('',(1.,0.));
#3527 = ( GEOMETRIC_REPRESENTATION_CONTEXT(2) 
PARAMETRIC_REPRESENTATION_CONTEXT() REPRESENTATION_CONTEXT('2D SPACE',''
  ) );
#3528 = ORIENTED_EDGE('',*,*,#3529,.T.);
#3529 = EDGE_CURVE('',#3500,#2790,#3530,.T.);
#3530 = SURFACE_CURVE('',#3531,(#3535,#3542),.PCURVE_S1.);
#3531 = LINE('',#3532,#3533);
#3532 = CARTESIAN_POINT('',(5.26701171875,63.738007507324,1.));
#3533 = VECTOR('',#3534,1.);
#3534 = DIRECTION('',(-1.,0.,0.));
#3535 = PCURVE('',#157,#3536);
#3536 = DEFINITIONAL_REPRESENTATION('',(#3537),#3541);
#3537 = LINE('',#3538,#3539);
#3538 = CARTESIAN_POINT('',(5.26701171875,13.738007507324));
#3539 = VECTOR('',#3540,1.);
#3540 = DIRECTION('',(-1.,0.));
#3541 = ( GEOMETRIC_REPRESENTATION_CONTEXT(2) 
PARAMETRIC_REPRESENTATION_CONTEXT() REPRESENTATION_CONTEXT('2D SPACE',''
  ) );
#3542 = PCURVE('',#3543,#3548);
#3543 = PLANE('',#3544);
#3544 = AXIS2_PLACEMENT_3D('',#3545,#3546,#3547);
#3545 = CARTESIAN_POINT('',(5.26701171875,63.738007507324,1.));
#3546 = DIRECTION('',(0.,-1.,0.));
#3547 = DIRECTION('',(-1.,0.,0.));
#3548 = DEFINITIONAL_REPRESENTATION('',(#3549),#3553);
#3549 = LINE('',#3550,#3551);
#3550 = CARTESIAN_POINT('',(8.881784197001E-16,0.));
#3551 = VECTOR('',#3552,1.);
#3552 = DIRECTION('',(1.,0.));
#3553 = ( GEOMETRIC_REPRESENTATION_CONTEXT(2) 
PARAMETRIC_REPRESENTATION_CONTEXT() REPRESENTATION_CONTEXT('2D SPACE',''
  ) );
#3554 = FACE_BOUND('',#3555,.T.);
#3555 = EDGE_LOOP('',(#3556,#3586,#3614,#3642,#3670,#3698,#3726,#3754,
    #3782,#3810,#3838));
#3556 = ORIENTED_EDGE('',*,*,#3557,.T.);
#3557 = EDGE_CURVE('',#3558,#3560,#3562,.T.);
#3558 = VERTEX_POINT('',#3559);
#3559 = CARTESIAN_POINT('',(10.265,61.799999694824,1.));
#3560 = VERTEX_POINT('',#3561);
#3561 = CARTESIAN_POINT('',(9.7369921875,61.799999694824,1.));
#3562 = SURFACE_CURVE('',#3563,(#3567,#3574),.PCURVE_S1.);
#3563 = LINE('',#3564,#3565);
#3564 = CARTESIAN_POINT('',(10.265,61.799999694824,1.));
#3565 = VECTOR('',#3566,1.);
#3566 = DIRECTION('',(-1.,0.,0.));
#3567 = PCURVE('',#157,#3568);
#3568 = DEFINITIONAL_REPRESENTATION('',(#3569),#3573);
#3569 = LINE('',#3570,#3571);
#3570 = CARTESIAN_POINT('',(10.265,11.799999694824));
#3571 = VECTOR('',#3572,1.);
#3572 = DIRECTION('',(-1.,0.));
#3573 = ( GEOMETRIC_REPRESENTATION_CONTEXT(2) 
PARAMETRIC_REPRESENTATION_CONTEXT() REPRESENTATION_CONTEXT('2D SPACE',''
  ) );
#3574 = PCURVE('',#3575,#3580);
#3575 = PLANE('',#3576);
#3576 = AXIS2_PLACEMENT_3D('',#3577,#3578,#3579);
#3577 = CARTESIAN_POINT('',(10.265,61.799999694824,1.));
#3578 = DIRECTION('',(0.,-1.,0.));
#3579 = DIRECTION('',(-1.,0.,0.));
#3580 = DEFINITIONAL_REPRESENTATION('',(#3581),#3585);
#3581 = LINE('',#3582,#3583);
#3582 = CARTESIAN_POINT('',(-1.7763568394E-15,-0.));
#3583 = VECTOR('',#3584,1.);
#3584 = DIRECTION('',(1.,0.));
#3585 = ( GEOMETRIC_REPRESENTATION_CONTEXT(2) 
PARAMETRIC_REPRESENTATION_CONTEXT() REPRESENTATION_CONTEXT('2D SPACE',''
  ) );
#3586 = ORIENTED_EDGE('',*,*,#3587,.T.);
#3587 = EDGE_CURVE('',#3560,#3588,#3590,.T.);
#3588 = VERTEX_POINT('',#3589);
#3589 = CARTESIAN_POINT('',(9.7369921875,62.819999694824,1.));
#3590 = SURFACE_CURVE('',#3591,(#3595,#3602),.PCURVE_S1.);
#3591 = LINE('',#3592,#3593);
#3592 = CARTESIAN_POINT('',(9.7369921875,61.799999694824,1.));
#3593 = VECTOR('',#3594,1.);
#3594 = DIRECTION('',(0.,1.,0.));
#3595 = PCURVE('',#157,#3596);
#3596 = DEFINITIONAL_REPRESENTATION('',(#3597),#3601);
#3597 = LINE('',#3598,#3599);
#3598 = CARTESIAN_POINT('',(9.7369921875,11.799999694824));
#3599 = VECTOR('',#3600,1.);
#3600 = DIRECTION('',(0.,1.));
#3601 = ( GEOMETRIC_REPRESENTATION_CONTEXT(2) 
PARAMETRIC_REPRESENTATION_CONTEXT() REPRESENTATION_CONTEXT('2D SPACE',''
  ) );
#3602 = PCURVE('',#3603,#3608);
#3603 = PLANE('',#3604);
#3604 = AXIS2_PLACEMENT_3D('',#3605,#3606,#3607);
#3605 = CARTESIAN_POINT('',(9.7369921875,61.799999694824,1.));
#3606 = DIRECTION('',(-1.,0.,0.));
#3607 = DIRECTION('',(0.,1.,0.));
#3608 = DEFINITIONAL_REPRESENTATION('',(#3609),#3613);
#3609 = LINE('',#3610,#3611);
#3610 = CARTESIAN_POINT('',(-7.105427357601E-15,0.));
#3611 = VECTOR('',#3612,1.);
#3612 = DIRECTION('',(1.,0.));
#3613 = ( GEOMETRIC_REPRESENTATION_CONTEXT(2) 
PARAMETRIC_REPRESENTATION_CONTEXT() REPRESENTATION_CONTEXT('2D SPACE',''
  ) );
#3614 = ORIENTED_EDGE('',*,*,#3615,.T.);
#3615 = EDGE_CURVE('',#3588,#3616,#3618,.T.);
#3616 = VERTEX_POINT('',#3617);
#3617 = CARTESIAN_POINT('',(7.9430078125,62.819999694824,1.));
#3618 = SURFACE_CURVE('',#3619,(#3623,#3630),.PCURVE_S1.);
#3619 = LINE('',#3620,#3621);
#3620 = CARTESIAN_POINT('',(9.7369921875,62.819999694824,1.));
#3621 = VECTOR('',#3622,1.);
#3622 = DIRECTION('',(-1.,0.,0.));
#3623 = PCURVE('',#157,#3624);
#3624 = DEFINITIONAL_REPRESENTATION('',(#3625),#3629);
#3625 = LINE('',#3626,#3627);
#3626 = CARTESIAN_POINT('',(9.7369921875,12.819999694824));
#3627 = VECTOR('',#3628,1.);
#3628 = DIRECTION('',(-1.,0.));
#3629 = ( GEOMETRIC_REPRESENTATION_CONTEXT(2) 
PARAMETRIC_REPRESENTATION_CONTEXT() REPRESENTATION_CONTEXT('2D SPACE',''
  ) );
#3630 = PCURVE('',#3631,#3636);
#3631 = PLANE('',#3632);
#3632 = AXIS2_PLACEMENT_3D('',#3633,#3634,#3635);
#3633 = CARTESIAN_POINT('',(9.7369921875,62.819999694824,1.));
#3634 = DIRECTION('',(0.,-1.,0.));
#3635 = DIRECTION('',(-1.,0.,0.));
#3636 = DEFINITIONAL_REPRESENTATION('',(#3637),#3641);
#3637 = LINE('',#3638,#3639);
#3638 = CARTESIAN_POINT('',(-1.7763568394E-15,-0.));
#3639 = VECTOR('',#3640,1.);
#3640 = DIRECTION('',(1.,0.));
#3641 = ( GEOMETRIC_REPRESENTATION_CONTEXT(2) 
PARAMETRIC_REPRESENTATION_CONTEXT() REPRESENTATION_CONTEXT('2D SPACE',''
  ) );
#3642 = ORIENTED_EDGE('',*,*,#3643,.T.);
#3643 = EDGE_CURVE('',#3616,#3644,#3646,.T.);
#3644 = VERTEX_POINT('',#3645);
#3645 = CARTESIAN_POINT('',(7.9430078125,63.378007507324,1.));
#3646 = SURFACE_CURVE('',#3647,(#3651,#3658),.PCURVE_S1.);
#3647 = LINE('',#3648,#3649);
#3648 = CARTESIAN_POINT('',(7.9430078125,62.819999694824,1.));
#3649 = VECTOR('',#3650,1.);
#3650 = DIRECTION('',(0.,1.,0.));
#3651 = PCURVE('',#157,#3652);
#3652 = DEFINITIONAL_REPRESENTATION('',(#3653),#3657);
#3653 = LINE('',#3654,#3655);
#3654 = CARTESIAN_POINT('',(7.9430078125,12.819999694824));
#3655 = VECTOR('',#3656,1.);
#3656 = DIRECTION('',(0.,1.));
#3657 = ( GEOMETRIC_REPRESENTATION_CONTEXT(2) 
PARAMETRIC_REPRESENTATION_CONTEXT() REPRESENTATION_CONTEXT('2D SPACE',''
  ) );
#3658 = PCURVE('',#3659,#3664);
#3659 = PLANE('',#3660);
#3660 = AXIS2_PLACEMENT_3D('',#3661,#3662,#3663);
#3661 = CARTESIAN_POINT('',(7.9430078125,62.819999694824,1.));
#3662 = DIRECTION('',(-1.,0.,0.));
#3663 = DIRECTION('',(0.,1.,0.));
#3664 = DEFINITIONAL_REPRESENTATION('',(#3665),#3669);
#3665 = LINE('',#3666,#3667);
#3666 = CARTESIAN_POINT('',(-7.105427357601E-15,0.));
#3667 = VECTOR('',#3668,1.);
#3668 = DIRECTION('',(1.,0.));
#3669 = ( GEOMETRIC_REPRESENTATION_CONTEXT(2) 
PARAMETRIC_REPRESENTATION_CONTEXT() REPRESENTATION_CONTEXT('2D SPACE',''
  ) );
#3670 = ORIENTED_EDGE('',*,*,#3671,.T.);
#3671 = EDGE_CURVE('',#3644,#3672,#3674,.T.);
#3672 = VERTEX_POINT('',#3673);
#3673 = CARTESIAN_POINT('',(9.875,66.054003601074,1.));
#3674 = SURFACE_CURVE('',#3675,(#3679,#3686),.PCURVE_S1.);
#3675 = LINE('',#3676,#3677);
#3676 = CARTESIAN_POINT('',(7.9430078125,63.378007507324,1.));
#3677 = VECTOR('',#3678,1.);
#3678 = DIRECTION('',(0.585356805797,0.810775807426,0.));
#3679 = PCURVE('',#157,#3680);
#3680 = DEFINITIONAL_REPRESENTATION('',(#3681),#3685);
#3681 = LINE('',#3682,#3683);
#3682 = CARTESIAN_POINT('',(7.9430078125,13.378007507324));
#3683 = VECTOR('',#3684,1.);
#3684 = DIRECTION('',(0.585356805797,0.810775807426));
#3685 = ( GEOMETRIC_REPRESENTATION_CONTEXT(2) 
PARAMETRIC_REPRESENTATION_CONTEXT() REPRESENTATION_CONTEXT('2D SPACE',''
  ) );
#3686 = PCURVE('',#3687,#3692);
#3687 = PLANE('',#3688);
#3688 = AXIS2_PLACEMENT_3D('',#3689,#3690,#3691);
#3689 = CARTESIAN_POINT('',(7.9430078125,63.378007507324,1.));
#3690 = DIRECTION('',(-0.810775807426,0.585356805797,0.));
#3691 = DIRECTION('',(0.585356805797,0.810775807426,0.));
#3692 = DEFINITIONAL_REPRESENTATION('',(#3693),#3697);
#3693 = LINE('',#3694,#3695);
#3694 = CARTESIAN_POINT('',(5.199012827331E-16,0.));
#3695 = VECTOR('',#3696,1.);
#3696 = DIRECTION('',(1.,0.));
#3697 = ( GEOMETRIC_REPRESENTATION_CONTEXT(2) 
PARAMETRIC_REPRESENTATION_CONTEXT() REPRESENTATION_CONTEXT('2D SPACE',''
  ) );
#3698 = ORIENTED_EDGE('',*,*,#3699,.T.);
#3699 = EDGE_CURVE('',#3672,#3700,#3702,.T.);
#3700 = VERTEX_POINT('',#3701);
#3701 = CARTESIAN_POINT('',(10.265,66.054003601074,1.));
#3702 = SURFACE_CURVE('',#3703,(#3707,#3714),.PCURVE_S1.);
#3703 = LINE('',#3704,#3705);
#3704 = CARTESIAN_POINT('',(9.875,66.054003601074,1.));
#3705 = VECTOR('',#3706,1.);
#3706 = DIRECTION('',(1.,0.,0.));
#3707 = PCURVE('',#157,#3708);
#3708 = DEFINITIONAL_REPRESENTATION('',(#3709),#3713);
#3709 = LINE('',#3710,#3711);
#3710 = CARTESIAN_POINT('',(9.875,16.054003601074));
#3711 = VECTOR('',#3712,1.);
#3712 = DIRECTION('',(1.,0.));
#3713 = ( GEOMETRIC_REPRESENTATION_CONTEXT(2) 
PARAMETRIC_REPRESENTATION_CONTEXT() REPRESENTATION_CONTEXT('2D SPACE',''
  ) );
#3714 = PCURVE('',#3715,#3720);
#3715 = PLANE('',#3716);
#3716 = AXIS2_PLACEMENT_3D('',#3717,#3718,#3719);
#3717 = CARTESIAN_POINT('',(9.875,66.054003601074,1.));
#3718 = DIRECTION('',(0.,1.,0.));
#3719 = DIRECTION('',(1.,0.,0.));
#3720 = DEFINITIONAL_REPRESENTATION('',(#3721),#3725);
#3721 = LINE('',#3722,#3723);
#3722 = CARTESIAN_POINT('',(1.7763568394E-15,0.));
#3723 = VECTOR('',#3724,1.);
#3724 = DIRECTION('',(1.,0.));
#3725 = ( GEOMETRIC_REPRESENTATION_CONTEXT(2) 
PARAMETRIC_REPRESENTATION_CONTEXT() REPRESENTATION_CONTEXT('2D SPACE',''
  ) );
#3726 = ORIENTED_EDGE('',*,*,#3727,.T.);
#3727 = EDGE_CURVE('',#3700,#3728,#3730,.T.);
#3728 = VERTEX_POINT('',#3729);
#3729 = CARTESIAN_POINT('',(10.265,63.294003601074,1.));
#3730 = SURFACE_CURVE('',#3731,(#3735,#3742),.PCURVE_S1.);
#3731 = LINE('',#3732,#3733);
#3732 = CARTESIAN_POINT('',(10.265,66.054003601074,1.));
#3733 = VECTOR('',#3734,1.);
#3734 = DIRECTION('',(0.,-1.,0.));
#3735 = PCURVE('',#157,#3736);
#3736 = DEFINITIONAL_REPRESENTATION('',(#3737),#3741);
#3737 = LINE('',#3738,#3739);
#3738 = CARTESIAN_POINT('',(10.265,16.054003601074));
#3739 = VECTOR('',#3740,1.);
#3740 = DIRECTION('',(0.,-1.));
#3741 = ( GEOMETRIC_REPRESENTATION_CONTEXT(2) 
PARAMETRIC_REPRESENTATION_CONTEXT() REPRESENTATION_CONTEXT('2D SPACE',''
  ) );
#3742 = PCURVE('',#3743,#3748);
#3743 = PLANE('',#3744);
#3744 = AXIS2_PLACEMENT_3D('',#3745,#3746,#3747);
#3745 = CARTESIAN_POINT('',(10.265,66.054003601074,1.));
#3746 = DIRECTION('',(1.,0.,0.));
#3747 = DIRECTION('',(0.,-1.,0.));
#3748 = DEFINITIONAL_REPRESENTATION('',(#3749),#3753);
#3749 = LINE('',#3750,#3751);
#3750 = CARTESIAN_POINT('',(-1.42108547152E-14,0.));
#3751 = VECTOR('',#3752,1.);
#3752 = DIRECTION('',(1.,0.));
#3753 = ( GEOMETRIC_REPRESENTATION_CONTEXT(2) 
PARAMETRIC_REPRESENTATION_CONTEXT() REPRESENTATION_CONTEXT('2D SPACE',''
  ) );
#3754 = ORIENTED_EDGE('',*,*,#3755,.T.);
#3755 = EDGE_CURVE('',#3728,#3756,#3758,.T.);
#3756 = VERTEX_POINT('',#3757);
#3757 = CARTESIAN_POINT('',(10.895,63.294003601074,1.));
#3758 = SURFACE_CURVE('',#3759,(#3763,#3770),.PCURVE_S1.);
#3759 = LINE('',#3760,#3761);
#3760 = CARTESIAN_POINT('',(10.265,63.294003601074,1.));
#3761 = VECTOR('',#3762,1.);
#3762 = DIRECTION('',(1.,0.,0.));
#3763 = PCURVE('',#157,#3764);
#3764 = DEFINITIONAL_REPRESENTATION('',(#3765),#3769);
#3765 = LINE('',#3766,#3767);
#3766 = CARTESIAN_POINT('',(10.265,13.294003601074));
#3767 = VECTOR('',#3768,1.);
#3768 = DIRECTION('',(1.,0.));
#3769 = ( GEOMETRIC_REPRESENTATION_CONTEXT(2) 
PARAMETRIC_REPRESENTATION_CONTEXT() REPRESENTATION_CONTEXT('2D SPACE',''
  ) );
#3770 = PCURVE('',#3771,#3776);
#3771 = PLANE('',#3772);
#3772 = AXIS2_PLACEMENT_3D('',#3773,#3774,#3775);
#3773 = CARTESIAN_POINT('',(10.265,63.294003601074,1.));
#3774 = DIRECTION('',(0.,1.,0.));
#3775 = DIRECTION('',(1.,0.,0.));
#3776 = DEFINITIONAL_REPRESENTATION('',(#3777),#3781);
#3777 = LINE('',#3778,#3779);
#3778 = CARTESIAN_POINT('',(1.7763568394E-15,0.));
#3779 = VECTOR('',#3780,1.);
#3780 = DIRECTION('',(1.,0.));
#3781 = ( GEOMETRIC_REPRESENTATION_CONTEXT(2) 
PARAMETRIC_REPRESENTATION_CONTEXT() REPRESENTATION_CONTEXT('2D SPACE',''
  ) );
#3782 = ORIENTED_EDGE('',*,*,#3783,.T.);
#3783 = EDGE_CURVE('',#3756,#3784,#3786,.T.);
#3784 = VERTEX_POINT('',#3785);
#3785 = CARTESIAN_POINT('',(10.895,62.819999694824,1.));
#3786 = SURFACE_CURVE('',#3787,(#3791,#3798),.PCURVE_S1.);
#3787 = LINE('',#3788,#3789);
#3788 = CARTESIAN_POINT('',(10.895,63.294003601074,1.));
#3789 = VECTOR('',#3790,1.);
#3790 = DIRECTION('',(0.,-1.,0.));
#3791 = PCURVE('',#157,#3792);
#3792 = DEFINITIONAL_REPRESENTATION('',(#3793),#3797);
#3793 = LINE('',#3794,#3795);
#3794 = CARTESIAN_POINT('',(10.895,13.294003601074));
#3795 = VECTOR('',#3796,1.);
#3796 = DIRECTION('',(0.,-1.));
#3797 = ( GEOMETRIC_REPRESENTATION_CONTEXT(2) 
PARAMETRIC_REPRESENTATION_CONTEXT() REPRESENTATION_CONTEXT('2D SPACE',''
  ) );
#3798 = PCURVE('',#3799,#3804);
#3799 = PLANE('',#3800);
#3800 = AXIS2_PLACEMENT_3D('',#3801,#3802,#3803);
#3801 = CARTESIAN_POINT('',(10.895,63.294003601074,1.));
#3802 = DIRECTION('',(1.,0.,0.));
#3803 = DIRECTION('',(0.,-1.,0.));
#3804 = DEFINITIONAL_REPRESENTATION('',(#3805),#3809);
#3805 = LINE('',#3806,#3807);
#3806 = CARTESIAN_POINT('',(7.105427357601E-15,0.));
#3807 = VECTOR('',#3808,1.);
#3808 = DIRECTION('',(1.,0.));
#3809 = ( GEOMETRIC_REPRESENTATION_CONTEXT(2) 
PARAMETRIC_REPRESENTATION_CONTEXT() REPRESENTATION_CONTEXT('2D SPACE',''
  ) );
#3810 = ORIENTED_EDGE('',*,*,#3811,.T.);
#3811 = EDGE_CURVE('',#3784,#3812,#3814,.T.);
#3812 = VERTEX_POINT('',#3813);
#3813 = CARTESIAN_POINT('',(10.265,62.819999694824,1.));
#3814 = SURFACE_CURVE('',#3815,(#3819,#3826),.PCURVE_S1.);
#3815 = LINE('',#3816,#3817);
#3816 = CARTESIAN_POINT('',(10.895,62.819999694824,1.));
#3817 = VECTOR('',#3818,1.);
#3818 = DIRECTION('',(-1.,0.,0.));
#3819 = PCURVE('',#157,#3820);
#3820 = DEFINITIONAL_REPRESENTATION('',(#3821),#3825);
#3821 = LINE('',#3822,#3823);
#3822 = CARTESIAN_POINT('',(10.895,12.819999694824));
#3823 = VECTOR('',#3824,1.);
#3824 = DIRECTION('',(-1.,0.));
#3825 = ( GEOMETRIC_REPRESENTATION_CONTEXT(2) 
PARAMETRIC_REPRESENTATION_CONTEXT() REPRESENTATION_CONTEXT('2D SPACE',''
  ) );
#3826 = PCURVE('',#3827,#3832);
#3827 = PLANE('',#3828);
#3828 = AXIS2_PLACEMENT_3D('',#3829,#3830,#3831);
#3829 = CARTESIAN_POINT('',(10.895,62.819999694824,1.));
#3830 = DIRECTION('',(0.,-1.,0.));
#3831 = DIRECTION('',(-1.,0.,0.));
#3832 = DEFINITIONAL_REPRESENTATION('',(#3833),#3837);
#3833 = LINE('',#3834,#3835);
#3834 = CARTESIAN_POINT('',(-1.7763568394E-15,-0.));
#3835 = VECTOR('',#3836,1.);
#3836 = DIRECTION('',(1.,0.));
#3837 = ( GEOMETRIC_REPRESENTATION_CONTEXT(2) 
PARAMETRIC_REPRESENTATION_CONTEXT() REPRESENTATION_CONTEXT('2D SPACE',''
  ) );
#3838 = ORIENTED_EDGE('',*,*,#3839,.T.);
#3839 = EDGE_CURVE('',#3812,#3558,#3840,.T.);
#3840 = SURFACE_CURVE('',#3841,(#3845,#3852),.PCURVE_S1.);
#3841 = LINE('',#3842,#3843);
#3842 = CARTESIAN_POINT('',(10.265,62.819999694824,1.));
#3843 = VECTOR('',#3844,1.);
#3844 = DIRECTION('',(0.,-1.,0.));
#3845 = PCURVE('',#157,#3846);
#3846 = DEFINITIONAL_REPRESENTATION('',(#3847),#3851);
#3847 = LINE('',#3848,#3849);
#3848 = CARTESIAN_POINT('',(10.265,12.819999694824));
#3849 = VECTOR('',#3850,1.);
#3850 = DIRECTION('',(0.,-1.));
#3851 = ( GEOMETRIC_REPRESENTATION_CONTEXT(2) 
PARAMETRIC_REPRESENTATION_CONTEXT() REPRESENTATION_CONTEXT('2D SPACE',''
  ) );
#3852 = PCURVE('',#3853,#3858);
#3853 = PLANE('',#3854);
#3854 = AXIS2_PLACEMENT_3D('',#3855,#3856,#3857);
#3855 = CARTESIAN_POINT('',(10.265,62.819999694824,1.));
#3856 = DIRECTION('',(1.,0.,0.));
#3857 = DIRECTION('',(0.,-1.,0.));
#3858 = DEFINITIONAL_REPRESENTATION('',(#3859),#3863);
#3859 = LINE('',#3860,#3861);
#3860 = CARTESIAN_POINT('',(7.105427357601E-15,0.));
#3861 = VECTOR('',#3862,1.);
#3862 = DIRECTION('',(1.,0.));
#3863 = ( GEOMETRIC_REPRESENTATION_CONTEXT(2) 
PARAMETRIC_REPRESENTATION_CONTEXT() REPRESENTATION_CONTEXT('2D SPACE',''
  ) );
#3864 = FACE_BOUND('',#3865,.T.);
#3865 = EDGE_LOOP('',(#3866,#3896,#3924,#3952,#3980,#4008));
#3866 = ORIENTED_EDGE('',*,*,#3867,.T.);
#3867 = EDGE_CURVE('',#3868,#3870,#3872,.T.);
#3868 = VERTEX_POINT('',#3869);
#3869 = CARTESIAN_POINT('',(11.59099609375,61.799999694824,1.));
#3870 = VERTEX_POINT('',#3871);
#3871 = CARTESIAN_POINT('',(11.59099609375,66.174003601074,1.));
#3872 = SURFACE_CURVE('',#3873,(#3877,#3884),.PCURVE_S1.);
#3873 = LINE('',#3874,#3875);
#3874 = CARTESIAN_POINT('',(11.59099609375,61.799999694824,1.));
#3875 = VECTOR('',#3876,1.);
#3876 = DIRECTION('',(0.,1.,0.));
#3877 = PCURVE('',#157,#3878);
#3878 = DEFINITIONAL_REPRESENTATION('',(#3879),#3883);
#3879 = LINE('',#3880,#3881);
#3880 = CARTESIAN_POINT('',(11.59099609375,11.799999694824));
#3881 = VECTOR('',#3882,1.);
#3882 = DIRECTION('',(0.,1.));
#3883 = ( GEOMETRIC_REPRESENTATION_CONTEXT(2) 
PARAMETRIC_REPRESENTATION_CONTEXT() REPRESENTATION_CONTEXT('2D SPACE',''
  ) );
#3884 = PCURVE('',#3885,#3890);
#3885 = PLANE('',#3886);
#3886 = AXIS2_PLACEMENT_3D('',#3887,#3888,#3889);
#3887 = CARTESIAN_POINT('',(11.59099609375,61.799999694824,1.));
#3888 = DIRECTION('',(-1.,0.,0.));
#3889 = DIRECTION('',(0.,1.,0.));
#3890 = DEFINITIONAL_REPRESENTATION('',(#3891),#3895);
#3891 = LINE('',#3892,#3893);
#3892 = CARTESIAN_POINT('',(-7.105427357601E-15,0.));
#3893 = VECTOR('',#3894,1.);
#3894 = DIRECTION('',(1.,0.));
#3895 = ( GEOMETRIC_REPRESENTATION_CONTEXT(2) 
PARAMETRIC_REPRESENTATION_CONTEXT() REPRESENTATION_CONTEXT('2D SPACE',''
  ) );
#3896 = ORIENTED_EDGE('',*,*,#3897,.T.);
#3897 = EDGE_CURVE('',#3870,#3898,#3900,.T.);
#3898 = VERTEX_POINT('',#3899);
#3899 = CARTESIAN_POINT('',(12.14900390625,66.174003601074,1.));
#3900 = SURFACE_CURVE('',#3901,(#3905,#3912),.PCURVE_S1.);
#3901 = LINE('',#3902,#3903);
#3902 = CARTESIAN_POINT('',(11.59099609375,66.174003601074,1.));
#3903 = VECTOR('',#3904,1.);
#3904 = DIRECTION('',(1.,0.,0.));
#3905 = PCURVE('',#157,#3906);
#3906 = DEFINITIONAL_REPRESENTATION('',(#3907),#3911);
#3907 = LINE('',#3908,#3909);
#3908 = CARTESIAN_POINT('',(11.59099609375,16.174003601074));
#3909 = VECTOR('',#3910,1.);
#3910 = DIRECTION('',(1.,0.));
#3911 = ( GEOMETRIC_REPRESENTATION_CONTEXT(2) 
PARAMETRIC_REPRESENTATION_CONTEXT() REPRESENTATION_CONTEXT('2D SPACE',''
  ) );
#3912 = PCURVE('',#3913,#3918);
#3913 = PLANE('',#3914);
#3914 = AXIS2_PLACEMENT_3D('',#3915,#3916,#3917);
#3915 = CARTESIAN_POINT('',(11.59099609375,66.174003601074,1.));
#3916 = DIRECTION('',(0.,1.,0.));
#3917 = DIRECTION('',(1.,0.,0.));
#3918 = DEFINITIONAL_REPRESENTATION('',(#3919),#3923);
#3919 = LINE('',#3920,#3921);
#3920 = CARTESIAN_POINT('',(0.,0.));
#3921 = VECTOR('',#3922,1.);
#3922 = DIRECTION('',(1.,0.));
#3923 = ( GEOMETRIC_REPRESENTATION_CONTEXT(2) 
PARAMETRIC_REPRESENTATION_CONTEXT() REPRESENTATION_CONTEXT('2D SPACE',''
  ) );
#3924 = ORIENTED_EDGE('',*,*,#3925,.T.);
#3925 = EDGE_CURVE('',#3898,#3926,#3928,.T.);
#3926 = VERTEX_POINT('',#3927);
#3927 = CARTESIAN_POINT('',(12.14900390625,62.291991882324,1.));
#3928 = SURFACE_CURVE('',#3929,(#3933,#3940),.PCURVE_S1.);
#3929 = LINE('',#3930,#3931);
#3930 = CARTESIAN_POINT('',(12.14900390625,66.174003601074,1.));
#3931 = VECTOR('',#3932,1.);
#3932 = DIRECTION('',(0.,-1.,0.));
#3933 = PCURVE('',#157,#3934);
#3934 = DEFINITIONAL_REPRESENTATION('',(#3935),#3939);
#3935 = LINE('',#3936,#3937);
#3936 = CARTESIAN_POINT('',(12.14900390625,16.174003601074));
#3937 = VECTOR('',#3938,1.);
#3938 = DIRECTION('',(0.,-1.));
#3939 = ( GEOMETRIC_REPRESENTATION_CONTEXT(2) 
PARAMETRIC_REPRESENTATION_CONTEXT() REPRESENTATION_CONTEXT('2D SPACE',''
  ) );
#3940 = PCURVE('',#3941,#3946);
#3941 = PLANE('',#3942);
#3942 = AXIS2_PLACEMENT_3D('',#3943,#3944,#3945);
#3943 = CARTESIAN_POINT('',(12.14900390625,66.174003601074,1.));
#3944 = DIRECTION('',(1.,0.,0.));
#3945 = DIRECTION('',(0.,-1.,0.));
#3946 = DEFINITIONAL_REPRESENTATION('',(#3947),#3951);
#3947 = LINE('',#3948,#3949);
#3948 = CARTESIAN_POINT('',(0.,0.));
#3949 = VECTOR('',#3950,1.);
#3950 = DIRECTION('',(1.,0.));
#3951 = ( GEOMETRIC_REPRESENTATION_CONTEXT(2) 
PARAMETRIC_REPRESENTATION_CONTEXT() REPRESENTATION_CONTEXT('2D SPACE',''
  ) );
#3952 = ORIENTED_EDGE('',*,*,#3953,.T.);
#3953 = EDGE_CURVE('',#3926,#3954,#3956,.T.);
#3954 = VERTEX_POINT('',#3955);
#3955 = CARTESIAN_POINT('',(14.30900390625,62.291991882324,1.));
#3956 = SURFACE_CURVE('',#3957,(#3961,#3968),.PCURVE_S1.);
#3957 = LINE('',#3958,#3959);
#3958 = CARTESIAN_POINT('',(12.14900390625,62.291991882324,1.));
#3959 = VECTOR('',#3960,1.);
#3960 = DIRECTION('',(1.,0.,0.));
#3961 = PCURVE('',#157,#3962);
#3962 = DEFINITIONAL_REPRESENTATION('',(#3963),#3967);
#3963 = LINE('',#3964,#3965);
#3964 = CARTESIAN_POINT('',(12.14900390625,12.291991882324));
#3965 = VECTOR('',#3966,1.);
#3966 = DIRECTION('',(1.,0.));
#3967 = ( GEOMETRIC_REPRESENTATION_CONTEXT(2) 
PARAMETRIC_REPRESENTATION_CONTEXT() REPRESENTATION_CONTEXT('2D SPACE',''
  ) );
#3968 = PCURVE('',#3969,#3974);
#3969 = PLANE('',#3970);
#3970 = AXIS2_PLACEMENT_3D('',#3971,#3972,#3973);
#3971 = CARTESIAN_POINT('',(12.14900390625,62.291991882324,1.));
#3972 = DIRECTION('',(0.,1.,0.));
#3973 = DIRECTION('',(1.,0.,0.));
#3974 = DEFINITIONAL_REPRESENTATION('',(#3975),#3979);
#3975 = LINE('',#3976,#3977);
#3976 = CARTESIAN_POINT('',(0.,0.));
#3977 = VECTOR('',#3978,1.);
#3978 = DIRECTION('',(1.,0.));
#3979 = ( GEOMETRIC_REPRESENTATION_CONTEXT(2) 
PARAMETRIC_REPRESENTATION_CONTEXT() REPRESENTATION_CONTEXT('2D SPACE',''
  ) );
#3980 = ORIENTED_EDGE('',*,*,#3981,.T.);
#3981 = EDGE_CURVE('',#3954,#3982,#3984,.T.);
#3982 = VERTEX_POINT('',#3983);
#3983 = CARTESIAN_POINT('',(14.30900390625,61.799999694824,1.));
#3984 = SURFACE_CURVE('',#3985,(#3989,#3996),.PCURVE_S1.);
#3985 = LINE('',#3986,#3987);
#3986 = CARTESIAN_POINT('',(14.30900390625,62.291991882324,1.));
#3987 = VECTOR('',#3988,1.);
#3988 = DIRECTION('',(0.,-1.,0.));
#3989 = PCURVE('',#157,#3990);
#3990 = DEFINITIONAL_REPRESENTATION('',(#3991),#3995);
#3991 = LINE('',#3992,#3993);
#3992 = CARTESIAN_POINT('',(14.30900390625,12.291991882324));
#3993 = VECTOR('',#3994,1.);
#3994 = DIRECTION('',(0.,-1.));
#3995 = ( GEOMETRIC_REPRESENTATION_CONTEXT(2) 
PARAMETRIC_REPRESENTATION_CONTEXT() REPRESENTATION_CONTEXT('2D SPACE',''
  ) );
#3996 = PCURVE('',#3997,#4002);
#3997 = PLANE('',#3998);
#3998 = AXIS2_PLACEMENT_3D('',#3999,#4000,#4001);
#3999 = CARTESIAN_POINT('',(14.30900390625,62.291991882324,1.));
#4000 = DIRECTION('',(1.,0.,0.));
#4001 = DIRECTION('',(0.,-1.,0.));
#4002 = DEFINITIONAL_REPRESENTATION('',(#4003),#4007);
#4003 = LINE('',#4004,#4005);
#4004 = CARTESIAN_POINT('',(0.,0.));
#4005 = VECTOR('',#4006,1.);
#4006 = DIRECTION('',(1.,0.));
#4007 = ( GEOMETRIC_REPRESENTATION_CONTEXT(2) 
PARAMETRIC_REPRESENTATION_CONTEXT() REPRESENTATION_CONTEXT('2D SPACE',''
  ) );
#4008 = ORIENTED_EDGE('',*,*,#4009,.T.);
#4009 = EDGE_CURVE('',#3982,#3868,#4010,.T.);
#4010 = SURFACE_CURVE('',#4011,(#4015,#4022),.PCURVE_S1.);
#4011 = LINE('',#4012,#4013);
#4012 = CARTESIAN_POINT('',(14.30900390625,61.799999694824,1.));
#4013 = VECTOR('',#4014,1.);
#4014 = DIRECTION('',(-1.,0.,0.));
#4015 = PCURVE('',#157,#4016);
#4016 = DEFINITIONAL_REPRESENTATION('',(#4017),#4021);
#4017 = LINE('',#4018,#4019);
#4018 = CARTESIAN_POINT('',(14.30900390625,11.799999694824));
#4019 = VECTOR('',#4020,1.);
#4020 = DIRECTION('',(-1.,0.));
#4021 = ( GEOMETRIC_REPRESENTATION_CONTEXT(2) 
PARAMETRIC_REPRESENTATION_CONTEXT() REPRESENTATION_CONTEXT('2D SPACE',''
  ) );
#4022 = PCURVE('',#4023,#4028);
#4023 = PLANE('',#4024);
#4024 = AXIS2_PLACEMENT_3D('',#4025,#4026,#4027);
#4025 = CARTESIAN_POINT('',(14.30900390625,61.799999694824,1.));
#4026 = DIRECTION('',(0.,-1.,0.));
#4027 = DIRECTION('',(-1.,0.,0.));
#4028 = DEFINITIONAL_REPRESENTATION('',(#4029),#4033);
#4029 = LINE('',#4030,#4031);
#4030 = CARTESIAN_POINT('',(0.,-0.));
#4031 = VECTOR('',#4032,1.);
#4032 = DIRECTION('',(1.,0.));
#4033 = ( GEOMETRIC_REPRESENTATION_CONTEXT(2) 
PARAMETRIC_REPRESENTATION_CONTEXT() REPRESENTATION_CONTEXT('2D SPACE',''
  ) );
#4034 = FACE_BOUND('',#4035,.T.);
#4035 = EDGE_LOOP('',(#4036,#4066,#4094,#4122,#4150,#4180,#4210,#4238));
#4036 = ORIENTED_EDGE('',*,*,#4037,.T.);
#4037 = EDGE_CURVE('',#4038,#4040,#4042,.T.);
#4038 = VERTEX_POINT('',#4039);
#4039 = CARTESIAN_POINT('',(16.57099609375,61.799999694824,1.));
#4040 = VERTEX_POINT('',#4041);
#4041 = CARTESIAN_POINT('',(16.0430078125,61.799999694824,1.));
#4042 = SURFACE_CURVE('',#4043,(#4047,#4054),.PCURVE_S1.);
#4043 = LINE('',#4044,#4045);
#4044 = CARTESIAN_POINT('',(16.57099609375,61.799999694824,1.));
#4045 = VECTOR('',#4046,1.);
#4046 = DIRECTION('',(-1.,0.,0.));
#4047 = PCURVE('',#157,#4048);
#4048 = DEFINITIONAL_REPRESENTATION('',(#4049),#4053);
#4049 = LINE('',#4050,#4051);
#4050 = CARTESIAN_POINT('',(16.57099609375,11.799999694824));
#4051 = VECTOR('',#4052,1.);
#4052 = DIRECTION('',(-1.,0.));
#4053 = ( GEOMETRIC_REPRESENTATION_CONTEXT(2) 
PARAMETRIC_REPRESENTATION_CONTEXT() REPRESENTATION_CONTEXT('2D SPACE',''
  ) );
#4054 = PCURVE('',#4055,#4060);
#4055 = PLANE('',#4056);
#4056 = AXIS2_PLACEMENT_3D('',#4057,#4058,#4059);
#4057 = CARTESIAN_POINT('',(16.57099609375,61.799999694824,1.));
#4058 = DIRECTION('',(0.,-1.,0.));
#4059 = DIRECTION('',(-1.,0.,0.));
#4060 = DEFINITIONAL_REPRESENTATION('',(#4061),#4065);
#4061 = LINE('',#4062,#4063);
#4062 = CARTESIAN_POINT('',(0.,-0.));
#4063 = VECTOR('',#4064,1.);
#4064 = DIRECTION('',(1.,0.));
#4065 = ( GEOMETRIC_REPRESENTATION_CONTEXT(2) 
PARAMETRIC_REPRESENTATION_CONTEXT() REPRESENTATION_CONTEXT('2D SPACE',''
  ) );
#4066 = ORIENTED_EDGE('',*,*,#4067,.T.);
#4067 = EDGE_CURVE('',#4040,#4068,#4070,.T.);
#4068 = VERTEX_POINT('',#4069);
#4069 = CARTESIAN_POINT('',(16.0430078125,64.829999694824,1.));
#4070 = SURFACE_CURVE('',#4071,(#4075,#4082),.PCURVE_S1.);
#4071 = LINE('',#4072,#4073);
#4072 = CARTESIAN_POINT('',(16.0430078125,61.799999694824,1.));
#4073 = VECTOR('',#4074,1.);
#4074 = DIRECTION('',(0.,1.,0.));
#4075 = PCURVE('',#157,#4076);
#4076 = DEFINITIONAL_REPRESENTATION('',(#4077),#4081);
#4077 = LINE('',#4078,#4079);
#4078 = CARTESIAN_POINT('',(16.0430078125,11.799999694824));
#4079 = VECTOR('',#4080,1.);
#4080 = DIRECTION('',(0.,1.));
#4081 = ( GEOMETRIC_REPRESENTATION_CONTEXT(2) 
PARAMETRIC_REPRESENTATION_CONTEXT() REPRESENTATION_CONTEXT('2D SPACE',''
  ) );
#4082 = PCURVE('',#4083,#4088);
#4083 = PLANE('',#4084);
#4084 = AXIS2_PLACEMENT_3D('',#4085,#4086,#4087);
#4085 = CARTESIAN_POINT('',(16.0430078125,61.799999694824,1.));
#4086 = DIRECTION('',(-1.,0.,0.));
#4087 = DIRECTION('',(0.,1.,0.));
#4088 = DEFINITIONAL_REPRESENTATION('',(#4089),#4093);
#4089 = LINE('',#4090,#4091);
#4090 = CARTESIAN_POINT('',(-7.105427357601E-15,0.));
#4091 = VECTOR('',#4092,1.);
#4092 = DIRECTION('',(1.,0.));
#4093 = ( GEOMETRIC_REPRESENTATION_CONTEXT(2) 
PARAMETRIC_REPRESENTATION_CONTEXT() REPRESENTATION_CONTEXT('2D SPACE',''
  ) );
#4094 = ORIENTED_EDGE('',*,*,#4095,.T.);
#4095 = EDGE_CURVE('',#4068,#4096,#4098,.T.);
#4096 = VERTEX_POINT('',#4097);
#4097 = CARTESIAN_POINT('',(15.10099609375,64.829999694824,1.));
#4098 = SURFACE_CURVE('',#4099,(#4103,#4110),.PCURVE_S1.);
#4099 = LINE('',#4100,#4101);
#4100 = CARTESIAN_POINT('',(16.0430078125,64.829999694824,1.));
#4101 = VECTOR('',#4102,1.);
#4102 = DIRECTION('',(-1.,0.,0.));
#4103 = PCURVE('',#157,#4104);
#4104 = DEFINITIONAL_REPRESENTATION('',(#4105),#4109);
#4105 = LINE('',#4106,#4107);
#4106 = CARTESIAN_POINT('',(16.0430078125,14.829999694824));
#4107 = VECTOR('',#4108,1.);
#4108 = DIRECTION('',(-1.,0.));
#4109 = ( GEOMETRIC_REPRESENTATION_CONTEXT(2) 
PARAMETRIC_REPRESENTATION_CONTEXT() REPRESENTATION_CONTEXT('2D SPACE',''
  ) );
#4110 = PCURVE('',#4111,#4116);
#4111 = PLANE('',#4112);
#4112 = AXIS2_PLACEMENT_3D('',#4113,#4114,#4115);
#4113 = CARTESIAN_POINT('',(16.0430078125,64.829999694824,1.));
#4114 = DIRECTION('',(0.,-1.,0.));
#4115 = DIRECTION('',(-1.,0.,0.));
#4116 = DEFINITIONAL_REPRESENTATION('',(#4117),#4121);
#4117 = LINE('',#4118,#4119);
#4118 = CARTESIAN_POINT('',(0.,-0.));
#4119 = VECTOR('',#4120,1.);
#4120 = DIRECTION('',(1.,0.));
#4121 = ( GEOMETRIC_REPRESENTATION_CONTEXT(2) 
PARAMETRIC_REPRESENTATION_CONTEXT() REPRESENTATION_CONTEXT('2D SPACE',''
  ) );
#4122 = ORIENTED_EDGE('',*,*,#4123,.T.);
#4123 = EDGE_CURVE('',#4096,#4124,#4126,.T.);
#4124 = VERTEX_POINT('',#4125);
#4125 = CARTESIAN_POINT('',(15.10099609375,65.208007507324,1.));
#4126 = SURFACE_CURVE('',#4127,(#4131,#4138),.PCURVE_S1.);
#4127 = LINE('',#4128,#4129);
#4128 = CARTESIAN_POINT('',(15.10099609375,64.829999694824,1.));
#4129 = VECTOR('',#4130,1.);
#4130 = DIRECTION('',(0.,1.,0.));
#4131 = PCURVE('',#157,#4132);
#4132 = DEFINITIONAL_REPRESENTATION('',(#4133),#4137);
#4133 = LINE('',#4134,#4135);
#4134 = CARTESIAN_POINT('',(15.10099609375,14.829999694824));
#4135 = VECTOR('',#4136,1.);
#4136 = DIRECTION('',(0.,1.));
#4137 = ( GEOMETRIC_REPRESENTATION_CONTEXT(2) 
PARAMETRIC_REPRESENTATION_CONTEXT() REPRESENTATION_CONTEXT('2D SPACE',''
  ) );
#4138 = PCURVE('',#4139,#4144);
#4139 = PLANE('',#4140);
#4140 = AXIS2_PLACEMENT_3D('',#4141,#4142,#4143);
#4141 = CARTESIAN_POINT('',(15.10099609375,64.829999694824,1.));
#4142 = DIRECTION('',(-1.,0.,0.));
#4143 = DIRECTION('',(0.,1.,0.));
#4144 = DEFINITIONAL_REPRESENTATION('',(#4145),#4149);
#4145 = LINE('',#4146,#4147);
#4146 = CARTESIAN_POINT('',(0.,0.));
#4147 = VECTOR('',#4148,1.);
#4148 = DIRECTION('',(1.,0.));
#4149 = ( GEOMETRIC_REPRESENTATION_CONTEXT(2) 
PARAMETRIC_REPRESENTATION_CONTEXT() REPRESENTATION_CONTEXT('2D SPACE',''
  ) );
#4150 = ORIENTED_EDGE('',*,*,#4151,.T.);
#4151 = EDGE_CURVE('',#4124,#4152,#4154,.T.);
#4152 = VERTEX_POINT('',#4153);
#4153 = CARTESIAN_POINT('',(15.89900390625,65.423993835449,1.));
#4154 = SURFACE_CURVE('',#4155,(#4159,#4166),.PCURVE_S1.);
#4155 = B_SPLINE_CURVE_WITH_KNOTS('',2,(#4156,#4157,#4158),
  .UNSPECIFIED.,.F.,.F.,(3,3),(0.,1.),.PIECEWISE_BEZIER_KNOTS.);
#4156 = CARTESIAN_POINT('',(15.10099609375,65.208007507324,1.));
#4157 = CARTESIAN_POINT('',(15.7130078125,65.285995788574,1.));
#4158 = CARTESIAN_POINT('',(15.89900390625,65.423993835449,1.));
#4159 = PCURVE('',#157,#4160);
#4160 = DEFINITIONAL_REPRESENTATION('',(#4161),#4165);
#4161 = B_SPLINE_CURVE_WITH_KNOTS('',2,(#4162,#4163,#4164),
  .UNSPECIFIED.,.F.,.F.,(3,3),(0.,1.),.PIECEWISE_BEZIER_KNOTS.);
#4162 = CARTESIAN_POINT('',(15.10099609375,15.208007507324));
#4163 = CARTESIAN_POINT('',(15.7130078125,15.285995788574));
#4164 = CARTESIAN_POINT('',(15.89900390625,15.423993835449));
#4165 = ( GEOMETRIC_REPRESENTATION_CONTEXT(2) 
PARAMETRIC_REPRESENTATION_CONTEXT() REPRESENTATION_CONTEXT('2D SPACE',''
  ) );
#4166 = PCURVE('',#4167,#4174);
#4167 = SURFACE_OF_LINEAR_EXTRUSION('',#4168,#4172);
#4168 = B_SPLINE_CURVE_WITH_KNOTS('',2,(#4169,#4170,#4171),
  .UNSPECIFIED.,.F.,.F.,(3,3),(0.,1.),.PIECEWISE_BEZIER_KNOTS.);
#4169 = CARTESIAN_POINT('',(15.10099609375,65.208007507324,1.));
#4170 = CARTESIAN_POINT('',(15.7130078125,65.285995788574,1.));
#4171 = CARTESIAN_POINT('',(15.89900390625,65.423993835449,1.));
#4172 = VECTOR('',#4173,1.);
#4173 = DIRECTION('',(-0.,-0.,-1.));
#4174 = DEFINITIONAL_REPRESENTATION('',(#4175),#4179);
#4175 = LINE('',#4176,#4177);
#4176 = CARTESIAN_POINT('',(0.,0.));
#4177 = VECTOR('',#4178,1.);
#4178 = DIRECTION('',(1.,0.));
#4179 = ( GEOMETRIC_REPRESENTATION_CONTEXT(2) 
PARAMETRIC_REPRESENTATION_CONTEXT() REPRESENTATION_CONTEXT('2D SPACE',''
  ) );
#4180 = ORIENTED_EDGE('',*,*,#4181,.T.);
#4181 = EDGE_CURVE('',#4152,#4182,#4184,.T.);
#4182 = VERTEX_POINT('',#4183);
#4183 = CARTESIAN_POINT('',(16.2230078125,66.054003601074,1.));
#4184 = SURFACE_CURVE('',#4185,(#4189,#4196),.PCURVE_S1.);
#4185 = B_SPLINE_CURVE_WITH_KNOTS('',2,(#4186,#4187,#4188),
  .UNSPECIFIED.,.F.,.F.,(3,3),(0.,1.),.PIECEWISE_BEZIER_KNOTS.);
#4186 = CARTESIAN_POINT('',(15.89900390625,65.423993835449,1.));
#4187 = CARTESIAN_POINT('',(16.085,65.561991882324,1.));
#4188 = CARTESIAN_POINT('',(16.2230078125,66.054003601074,1.));
#4189 = PCURVE('',#157,#4190);
#4190 = DEFINITIONAL_REPRESENTATION('',(#4191),#4195);
#4191 = B_SPLINE_CURVE_WITH_KNOTS('',2,(#4192,#4193,#4194),
  .UNSPECIFIED.,.F.,.F.,(3,3),(0.,1.),.PIECEWISE_BEZIER_KNOTS.);
#4192 = CARTESIAN_POINT('',(15.89900390625,15.423993835449));
#4193 = CARTESIAN_POINT('',(16.085,15.561991882324));
#4194 = CARTESIAN_POINT('',(16.2230078125,16.054003601074));
#4195 = ( GEOMETRIC_REPRESENTATION_CONTEXT(2) 
PARAMETRIC_REPRESENTATION_CONTEXT() REPRESENTATION_CONTEXT('2D SPACE',''
  ) );
#4196 = PCURVE('',#4197,#4204);
#4197 = SURFACE_OF_LINEAR_EXTRUSION('',#4198,#4202);
#4198 = B_SPLINE_CURVE_WITH_KNOTS('',2,(#4199,#4200,#4201),
  .UNSPECIFIED.,.F.,.F.,(3,3),(0.,1.),.PIECEWISE_BEZIER_KNOTS.);
#4199 = CARTESIAN_POINT('',(15.89900390625,65.423993835449,1.));
#4200 = CARTESIAN_POINT('',(16.085,65.561991882324,1.));
#4201 = CARTESIAN_POINT('',(16.2230078125,66.054003601074,1.));
#4202 = VECTOR('',#4203,1.);
#4203 = DIRECTION('',(-0.,-0.,-1.));
#4204 = DEFINITIONAL_REPRESENTATION('',(#4205),#4209);
#4205 = LINE('',#4206,#4207);
#4206 = CARTESIAN_POINT('',(0.,0.));
#4207 = VECTOR('',#4208,1.);
#4208 = DIRECTION('',(1.,0.));
#4209 = ( GEOMETRIC_REPRESENTATION_CONTEXT(2) 
PARAMETRIC_REPRESENTATION_CONTEXT() REPRESENTATION_CONTEXT('2D SPACE',''
  ) );
#4210 = ORIENTED_EDGE('',*,*,#4211,.T.);
#4211 = EDGE_CURVE('',#4182,#4212,#4214,.T.);
#4212 = VERTEX_POINT('',#4213);
#4213 = CARTESIAN_POINT('',(16.57099609375,66.054003601074,1.));
#4214 = SURFACE_CURVE('',#4215,(#4219,#4226),.PCURVE_S1.);
#4215 = LINE('',#4216,#4217);
#4216 = CARTESIAN_POINT('',(16.2230078125,66.054003601074,1.));
#4217 = VECTOR('',#4218,1.);
#4218 = DIRECTION('',(1.,0.,0.));
#4219 = PCURVE('',#157,#4220);
#4220 = DEFINITIONAL_REPRESENTATION('',(#4221),#4225);
#4221 = LINE('',#4222,#4223);
#4222 = CARTESIAN_POINT('',(16.2230078125,16.054003601074));
#4223 = VECTOR('',#4224,1.);
#4224 = DIRECTION('',(1.,0.));
#4225 = ( GEOMETRIC_REPRESENTATION_CONTEXT(2) 
PARAMETRIC_REPRESENTATION_CONTEXT() REPRESENTATION_CONTEXT('2D SPACE',''
  ) );
#4226 = PCURVE('',#4227,#4232);
#4227 = PLANE('',#4228);
#4228 = AXIS2_PLACEMENT_3D('',#4229,#4230,#4231);
#4229 = CARTESIAN_POINT('',(16.2230078125,66.054003601074,1.));
#4230 = DIRECTION('',(0.,1.,0.));
#4231 = DIRECTION('',(1.,0.,0.));
#4232 = DEFINITIONAL_REPRESENTATION('',(#4233),#4237);
#4233 = LINE('',#4234,#4235);
#4234 = CARTESIAN_POINT('',(0.,0.));
#4235 = VECTOR('',#4236,1.);
#4236 = DIRECTION('',(1.,0.));
#4237 = ( GEOMETRIC_REPRESENTATION_CONTEXT(2) 
PARAMETRIC_REPRESENTATION_CONTEXT() REPRESENTATION_CONTEXT('2D SPACE',''
  ) );
#4238 = ORIENTED_EDGE('',*,*,#4239,.T.);
#4239 = EDGE_CURVE('',#4212,#4038,#4240,.T.);
#4240 = SURFACE_CURVE('',#4241,(#4245,#4252),.PCURVE_S1.);
#4241 = LINE('',#4242,#4243);
#4242 = CARTESIAN_POINT('',(16.57099609375,66.054003601074,1.));
#4243 = VECTOR('',#4244,1.);
#4244 = DIRECTION('',(0.,-1.,0.));
#4245 = PCURVE('',#157,#4246);
#4246 = DEFINITIONAL_REPRESENTATION('',(#4247),#4251);
#4247 = LINE('',#4248,#4249);
#4248 = CARTESIAN_POINT('',(16.57099609375,16.054003601074));
#4249 = VECTOR('',#4250,1.);
#4250 = DIRECTION('',(0.,-1.));
#4251 = ( GEOMETRIC_REPRESENTATION_CONTEXT(2) 
PARAMETRIC_REPRESENTATION_CONTEXT() REPRESENTATION_CONTEXT('2D SPACE',''
  ) );
#4252 = PCURVE('',#4253,#4258);
#4253 = PLANE('',#4254);
#4254 = AXIS2_PLACEMENT_3D('',#4255,#4256,#4257);
#4255 = CARTESIAN_POINT('',(16.57099609375,66.054003601074,1.));
#4256 = DIRECTION('',(1.,0.,0.));
#4257 = DIRECTION('',(0.,-1.,0.));
#4258 = DEFINITIONAL_REPRESENTATION('',(#4259),#4263);
#4259 = LINE('',#4260,#4261);
#4260 = CARTESIAN_POINT('',(-1.42108547152E-14,0.));
#4261 = VECTOR('',#4262,1.);
#4262 = DIRECTION('',(1.,0.));
#4263 = ( GEOMETRIC_REPRESENTATION_CONTEXT(2) 
PARAMETRIC_REPRESENTATION_CONTEXT() REPRESENTATION_CONTEXT('2D SPACE',''
  ) );
#4264 = FACE_BOUND('',#4265,.T.);
#4265 = EDGE_LOOP('',(#4266,#4296,#4324,#4352,#4380,#4408,#4438,#4468,
    #4498,#4528,#4558,#4588,#4618,#4648,#4678,#4708,#4738,#4768,#4796,
    #4826,#4856,#4886,#4916,#4946,#4976,#5006));
#4266 = ORIENTED_EDGE('',*,*,#4267,.T.);
#4267 = EDGE_CURVE('',#4268,#4270,#4272,.T.);
#4268 = VERTEX_POINT('',#4269);
#4269 = CARTESIAN_POINT('',(18.1669921875,63.738007507324,1.));
#4270 = VERTEX_POINT('',#4271);
#4271 = CARTESIAN_POINT('',(18.485,66.054003601074,1.));
#4272 = SURFACE_CURVE('',#4273,(#4277,#4284),.PCURVE_S1.);
#4273 = LINE('',#4274,#4275);
#4274 = CARTESIAN_POINT('',(18.1669921875,63.738007507324,1.));
#4275 = VECTOR('',#4276,1.);
#4276 = DIRECTION('',(0.136032920634,0.990704317394,0.));
#4277 = PCURVE('',#157,#4278);
#4278 = DEFINITIONAL_REPRESENTATION('',(#4279),#4283);
#4279 = LINE('',#4280,#4281);
#4280 = CARTESIAN_POINT('',(18.1669921875,13.738007507324));
#4281 = VECTOR('',#4282,1.);
#4282 = DIRECTION('',(0.136032920634,0.990704317394));
#4283 = ( GEOMETRIC_REPRESENTATION_CONTEXT(2) 
PARAMETRIC_REPRESENTATION_CONTEXT() REPRESENTATION_CONTEXT('2D SPACE',''
  ) );
#4284 = PCURVE('',#4285,#4290);
#4285 = PLANE('',#4286);
#4286 = AXIS2_PLACEMENT_3D('',#4287,#4288,#4289);
#4287 = CARTESIAN_POINT('',(18.1669921875,63.738007507324,1.));
#4288 = DIRECTION('',(-0.990704317394,0.136032920634,0.));
#4289 = DIRECTION('',(0.136032920634,0.990704317394,0.));
#4290 = DEFINITIONAL_REPRESENTATION('',(#4291),#4295);
#4291 = LINE('',#4292,#4293);
#4292 = CARTESIAN_POINT('',(0.,0.));
#4293 = VECTOR('',#4294,1.);
#4294 = DIRECTION('',(1.,0.));
#4295 = ( GEOMETRIC_REPRESENTATION_CONTEXT(2) 
PARAMETRIC_REPRESENTATION_CONTEXT() REPRESENTATION_CONTEXT('2D SPACE',''
  ) );
#4296 = ORIENTED_EDGE('',*,*,#4297,.T.);
#4297 = EDGE_CURVE('',#4270,#4298,#4300,.T.);
#4298 = VERTEX_POINT('',#4299);
#4299 = CARTESIAN_POINT('',(20.68099609375,66.054003601074,1.));
#4300 = SURFACE_CURVE('',#4301,(#4305,#4312),.PCURVE_S1.);
#4301 = LINE('',#4302,#4303);
#4302 = CARTESIAN_POINT('',(18.485,66.054003601074,1.));
#4303 = VECTOR('',#4304,1.);
#4304 = DIRECTION('',(1.,0.,0.));
#4305 = PCURVE('',#157,#4306);
#4306 = DEFINITIONAL_REPRESENTATION('',(#4307),#4311);
#4307 = LINE('',#4308,#4309);
#4308 = CARTESIAN_POINT('',(18.485,16.054003601074));
#4309 = VECTOR('',#4310,1.);
#4310 = DIRECTION('',(1.,0.));
#4311 = ( GEOMETRIC_REPRESENTATION_CONTEXT(2) 
PARAMETRIC_REPRESENTATION_CONTEXT() REPRESENTATION_CONTEXT('2D SPACE',''
  ) );
#4312 = PCURVE('',#4313,#4318);
#4313 = PLANE('',#4314);
#4314 = AXIS2_PLACEMENT_3D('',#4315,#4316,#4317);
#4315 = CARTESIAN_POINT('',(18.485,66.054003601074,1.));
#4316 = DIRECTION('',(0.,1.,0.));
#4317 = DIRECTION('',(1.,0.,0.));
#4318 = DEFINITIONAL_REPRESENTATION('',(#4319),#4323);
#4319 = LINE('',#4320,#4321);
#4320 = CARTESIAN_POINT('',(0.,0.));
#4321 = VECTOR('',#4322,1.);
#4322 = DIRECTION('',(1.,0.));
#4323 = ( GEOMETRIC_REPRESENTATION_CONTEXT(2) 
PARAMETRIC_REPRESENTATION_CONTEXT() REPRESENTATION_CONTEXT('2D SPACE',''
  ) );
#4324 = ORIENTED_EDGE('',*,*,#4325,.T.);
#4325 = EDGE_CURVE('',#4298,#4326,#4328,.T.);
#4326 = VERTEX_POINT('',#4327);
#4327 = CARTESIAN_POINT('',(20.68099609375,65.531991882324,1.));
#4328 = SURFACE_CURVE('',#4329,(#4333,#4340),.PCURVE_S1.);
#4329 = LINE('',#4330,#4331);
#4330 = CARTESIAN_POINT('',(20.68099609375,66.054003601074,1.));
#4331 = VECTOR('',#4332,1.);
#4332 = DIRECTION('',(0.,-1.,0.));
#4333 = PCURVE('',#157,#4334);
#4334 = DEFINITIONAL_REPRESENTATION('',(#4335),#4339);
#4335 = LINE('',#4336,#4337);
#4336 = CARTESIAN_POINT('',(20.68099609375,16.054003601074));
#4337 = VECTOR('',#4338,1.);
#4338 = DIRECTION('',(0.,-1.));
#4339 = ( GEOMETRIC_REPRESENTATION_CONTEXT(2) 
PARAMETRIC_REPRESENTATION_CONTEXT() REPRESENTATION_CONTEXT('2D SPACE',''
  ) );
#4340 = PCURVE('',#4341,#4346);
#4341 = PLANE('',#4342);
#4342 = AXIS2_PLACEMENT_3D('',#4343,#4344,#4345);
#4343 = CARTESIAN_POINT('',(20.68099609375,66.054003601074,1.));
#4344 = DIRECTION('',(1.,0.,0.));
#4345 = DIRECTION('',(0.,-1.,0.));
#4346 = DEFINITIONAL_REPRESENTATION('',(#4347),#4351);
#4347 = LINE('',#4348,#4349);
#4348 = CARTESIAN_POINT('',(-1.42108547152E-14,0.));
#4349 = VECTOR('',#4350,1.);
#4350 = DIRECTION('',(1.,0.));
#4351 = ( GEOMETRIC_REPRESENTATION_CONTEXT(2) 
PARAMETRIC_REPRESENTATION_CONTEXT() REPRESENTATION_CONTEXT('2D SPACE',''
  ) );
#4352 = ORIENTED_EDGE('',*,*,#4353,.T.);
#4353 = EDGE_CURVE('',#4326,#4354,#4356,.T.);
#4354 = VERTEX_POINT('',#4355);
#4355 = CARTESIAN_POINT('',(18.91099609375,65.531991882324,1.));
#4356 = SURFACE_CURVE('',#4357,(#4361,#4368),.PCURVE_S1.);
#4357 = LINE('',#4358,#4359);
#4358 = CARTESIAN_POINT('',(20.68099609375,65.531991882324,1.));
#4359 = VECTOR('',#4360,1.);
#4360 = DIRECTION('',(-1.,0.,0.));
#4361 = PCURVE('',#157,#4362);
#4362 = DEFINITIONAL_REPRESENTATION('',(#4363),#4367);
#4363 = LINE('',#4364,#4365);
#4364 = CARTESIAN_POINT('',(20.68099609375,15.531991882324));
#4365 = VECTOR('',#4366,1.);
#4366 = DIRECTION('',(-1.,0.));
#4367 = ( GEOMETRIC_REPRESENTATION_CONTEXT(2) 
PARAMETRIC_REPRESENTATION_CONTEXT() REPRESENTATION_CONTEXT('2D SPACE',''
  ) );
#4368 = PCURVE('',#4369,#4374);
#4369 = PLANE('',#4370);
#4370 = AXIS2_PLACEMENT_3D('',#4371,#4372,#4373);
#4371 = CARTESIAN_POINT('',(20.68099609375,65.531991882324,1.));
#4372 = DIRECTION('',(0.,-1.,0.));
#4373 = DIRECTION('',(-1.,0.,0.));
#4374 = DEFINITIONAL_REPRESENTATION('',(#4375),#4379);
#4375 = LINE('',#4376,#4377);
#4376 = CARTESIAN_POINT('',(-3.552713678801E-15,-0.));
#4377 = VECTOR('',#4378,1.);
#4378 = DIRECTION('',(1.,0.));
#4379 = ( GEOMETRIC_REPRESENTATION_CONTEXT(2) 
PARAMETRIC_REPRESENTATION_CONTEXT() REPRESENTATION_CONTEXT('2D SPACE',''
  ) );
#4380 = ORIENTED_EDGE('',*,*,#4381,.T.);
#4381 = EDGE_CURVE('',#4354,#4382,#4384,.T.);
#4382 = VERTEX_POINT('',#4383);
#4383 = CARTESIAN_POINT('',(18.7430078125,64.344003601074,1.));
#4384 = SURFACE_CURVE('',#4385,(#4389,#4396),.PCURVE_S1.);
#4385 = LINE('',#4386,#4387);
#4386 = CARTESIAN_POINT('',(18.91099609375,65.531991882324,1.));
#4387 = VECTOR('',#4388,1.);
#4388 = DIRECTION('',(-0.140012783158,-0.990149696032,0.));
#4389 = PCURVE('',#157,#4390);
#4390 = DEFINITIONAL_REPRESENTATION('',(#4391),#4395);
#4391 = LINE('',#4392,#4393);
#4392 = CARTESIAN_POINT('',(18.91099609375,15.531991882324));
#4393 = VECTOR('',#4394,1.);
#4394 = DIRECTION('',(-0.140012783158,-0.990149696032));
#4395 = ( GEOMETRIC_REPRESENTATION_CONTEXT(2) 
PARAMETRIC_REPRESENTATION_CONTEXT() REPRESENTATION_CONTEXT('2D SPACE',''
  ) );
#4396 = PCURVE('',#4397,#4402);
#4397 = PLANE('',#4398);
#4398 = AXIS2_PLACEMENT_3D('',#4399,#4400,#4401);
#4399 = CARTESIAN_POINT('',(18.91099609375,65.531991882324,1.));
#4400 = DIRECTION('',(0.990149696032,-0.140012783158,0.));
#4401 = DIRECTION('',(-0.140012783158,-0.990149696032,0.));
#4402 = DEFINITIONAL_REPRESENTATION('',(#4403),#4407);
#4403 = LINE('',#4404,#4405);
#4404 = CARTESIAN_POINT('',(0.,0.));
#4405 = VECTOR('',#4406,1.);
#4406 = DIRECTION('',(1.,-0.));
#4407 = ( GEOMETRIC_REPRESENTATION_CONTEXT(2) 
PARAMETRIC_REPRESENTATION_CONTEXT() REPRESENTATION_CONTEXT('2D SPACE',''
  ) );
#4408 = ORIENTED_EDGE('',*,*,#4409,.T.);
#4409 = EDGE_CURVE('',#4382,#4410,#4412,.T.);
#4410 = VERTEX_POINT('',#4411);
#4411 = CARTESIAN_POINT('',(19.52900390625,64.601991882324,1.));
#4412 = SURFACE_CURVE('',#4413,(#4417,#4424),.PCURVE_S1.);
#4413 = B_SPLINE_CURVE_WITH_KNOTS('',2,(#4414,#4415,#4416),
  .UNSPECIFIED.,.F.,.F.,(3,3),(0.,1.),.PIECEWISE_BEZIER_KNOTS.);
#4414 = CARTESIAN_POINT('',(18.7430078125,64.344003601074,1.));
#4415 = CARTESIAN_POINT('',(19.0969921875,64.601991882324,1.));
#4416 = CARTESIAN_POINT('',(19.52900390625,64.601991882324,1.));
#4417 = PCURVE('',#157,#4418);
#4418 = DEFINITIONAL_REPRESENTATION('',(#4419),#4423);
#4419 = B_SPLINE_CURVE_WITH_KNOTS('',2,(#4420,#4421,#4422),
  .UNSPECIFIED.,.F.,.F.,(3,3),(0.,1.),.PIECEWISE_BEZIER_KNOTS.);
#4420 = CARTESIAN_POINT('',(18.7430078125,14.344003601074));
#4421 = CARTESIAN_POINT('',(19.0969921875,14.601991882324));
#4422 = CARTESIAN_POINT('',(19.52900390625,14.601991882324));
#4423 = ( GEOMETRIC_REPRESENTATION_CONTEXT(2) 
PARAMETRIC_REPRESENTATION_CONTEXT() REPRESENTATION_CONTEXT('2D SPACE',''
  ) );
#4424 = PCURVE('',#4425,#4432);
#4425 = SURFACE_OF_LINEAR_EXTRUSION('',#4426,#4430);
#4426 = B_SPLINE_CURVE_WITH_KNOTS('',2,(#4427,#4428,#4429),
  .UNSPECIFIED.,.F.,.F.,(3,3),(0.,1.),.PIECEWISE_BEZIER_KNOTS.);
#4427 = CARTESIAN_POINT('',(18.7430078125,64.344003601074,1.));
#4428 = CARTESIAN_POINT('',(19.0969921875,64.601991882324,1.));
#4429 = CARTESIAN_POINT('',(19.52900390625,64.601991882324,1.));
#4430 = VECTOR('',#4431,1.);
#4431 = DIRECTION('',(-0.,-0.,-1.));
#4432 = DEFINITIONAL_REPRESENTATION('',(#4433),#4437);
#4433 = LINE('',#4434,#4435);
#4434 = CARTESIAN_POINT('',(0.,0.));
#4435 = VECTOR('',#4436,1.);
#4436 = DIRECTION('',(1.,0.));
#4437 = ( GEOMETRIC_REPRESENTATION_CONTEXT(2) 
PARAMETRIC_REPRESENTATION_CONTEXT() REPRESENTATION_CONTEXT('2D SPACE',''
  ) );
#4438 = ORIENTED_EDGE('',*,*,#4439,.T.);
#4439 = EDGE_CURVE('',#4410,#4440,#4442,.T.);
#4440 = VERTEX_POINT('',#4441);
#4441 = CARTESIAN_POINT('',(20.522001953125,64.208993835449,1.));
#4442 = SURFACE_CURVE('',#4443,(#4447,#4454),.PCURVE_S1.);
#4443 = B_SPLINE_CURVE_WITH_KNOTS('',2,(#4444,#4445,#4446),
  .UNSPECIFIED.,.F.,.F.,(3,3),(0.,1.),.PIECEWISE_BEZIER_KNOTS.);
#4444 = CARTESIAN_POINT('',(19.52900390625,64.601991882324,1.));
#4445 = CARTESIAN_POINT('',(20.14099609375,64.601991882324,1.));
#4446 = CARTESIAN_POINT('',(20.522001953125,64.208993835449,1.));
#4447 = PCURVE('',#157,#4448);
#4448 = DEFINITIONAL_REPRESENTATION('',(#4449),#4453);
#4449 = B_SPLINE_CURVE_WITH_KNOTS('',2,(#4450,#4451,#4452),
  .UNSPECIFIED.,.F.,.F.,(3,3),(0.,1.),.PIECEWISE_BEZIER_KNOTS.);
#4450 = CARTESIAN_POINT('',(19.52900390625,14.601991882324));
#4451 = CARTESIAN_POINT('',(20.14099609375,14.601991882324));
#4452 = CARTESIAN_POINT('',(20.522001953125,14.208993835449));
#4453 = ( GEOMETRIC_REPRESENTATION_CONTEXT(2) 
PARAMETRIC_REPRESENTATION_CONTEXT() REPRESENTATION_CONTEXT('2D SPACE',''
  ) );
#4454 = PCURVE('',#4455,#4462);
#4455 = SURFACE_OF_LINEAR_EXTRUSION('',#4456,#4460);
#4456 = B_SPLINE_CURVE_WITH_KNOTS('',2,(#4457,#4458,#4459),
  .UNSPECIFIED.,.F.,.F.,(3,3),(0.,1.),.PIECEWISE_BEZIER_KNOTS.);
#4457 = CARTESIAN_POINT('',(19.52900390625,64.601991882324,1.));
#4458 = CARTESIAN_POINT('',(20.14099609375,64.601991882324,1.));
#4459 = CARTESIAN_POINT('',(20.522001953125,64.208993835449,1.));
#4460 = VECTOR('',#4461,1.);
#4461 = DIRECTION('',(-0.,-0.,-1.));
#4462 = DEFINITIONAL_REPRESENTATION('',(#4463),#4467);
#4463 = LINE('',#4464,#4465);
#4464 = CARTESIAN_POINT('',(0.,0.));
#4465 = VECTOR('',#4466,1.);
#4466 = DIRECTION('',(1.,0.));
#4467 = ( GEOMETRIC_REPRESENTATION_CONTEXT(2) 
PARAMETRIC_REPRESENTATION_CONTEXT() REPRESENTATION_CONTEXT('2D SPACE',''
  ) );
#4468 = ORIENTED_EDGE('',*,*,#4469,.T.);
#4469 = EDGE_CURVE('',#4440,#4470,#4472,.T.);
#4470 = VERTEX_POINT('',#4471);
#4471 = CARTESIAN_POINT('',(20.9030078125,63.185995788574,1.));
#4472 = SURFACE_CURVE('',#4473,(#4477,#4484),.PCURVE_S1.);
#4473 = B_SPLINE_CURVE_WITH_KNOTS('',2,(#4474,#4475,#4476),
  .UNSPECIFIED.,.F.,.F.,(3,3),(0.,1.),.PIECEWISE_BEZIER_KNOTS.);
#4474 = CARTESIAN_POINT('',(20.522001953125,64.208993835449,1.));
#4475 = CARTESIAN_POINT('',(20.9030078125,63.815995788574,1.));
#4476 = CARTESIAN_POINT('',(20.9030078125,63.185995788574,1.));
#4477 = PCURVE('',#157,#4478);
#4478 = DEFINITIONAL_REPRESENTATION('',(#4479),#4483);
#4479 = B_SPLINE_CURVE_WITH_KNOTS('',2,(#4480,#4481,#4482),
  .UNSPECIFIED.,.F.,.F.,(3,3),(0.,1.),.PIECEWISE_BEZIER_KNOTS.);
#4480 = CARTESIAN_POINT('',(20.522001953125,14.208993835449));
#4481 = CARTESIAN_POINT('',(20.9030078125,13.815995788574));
#4482 = CARTESIAN_POINT('',(20.9030078125,13.185995788574));
#4483 = ( GEOMETRIC_REPRESENTATION_CONTEXT(2) 
PARAMETRIC_REPRESENTATION_CONTEXT() REPRESENTATION_CONTEXT('2D SPACE',''
  ) );
#4484 = PCURVE('',#4485,#4492);
#4485 = SURFACE_OF_LINEAR_EXTRUSION('',#4486,#4490);
#4486 = B_SPLINE_CURVE_WITH_KNOTS('',2,(#4487,#4488,#4489),
  .UNSPECIFIED.,.F.,.F.,(3,3),(0.,1.),.PIECEWISE_BEZIER_KNOTS.);
#4487 = CARTESIAN_POINT('',(20.522001953125,64.208993835449,1.));
#4488 = CARTESIAN_POINT('',(20.9030078125,63.815995788574,1.));
#4489 = CARTESIAN_POINT('',(20.9030078125,63.185995788574,1.));
#4490 = VECTOR('',#4491,1.);
#4491 = DIRECTION('',(-0.,-0.,-1.));
#4492 = DEFINITIONAL_REPRESENTATION('',(#4493),#4497);
#4493 = LINE('',#4494,#4495);
#4494 = CARTESIAN_POINT('',(0.,0.));
#4495 = VECTOR('',#4496,1.);
#4496 = DIRECTION('',(1.,0.));
#4497 = ( GEOMETRIC_REPRESENTATION_CONTEXT(2) 
PARAMETRIC_REPRESENTATION_CONTEXT() REPRESENTATION_CONTEXT('2D SPACE',''
  ) );
#4498 = ORIENTED_EDGE('',*,*,#4499,.T.);
#4499 = EDGE_CURVE('',#4470,#4500,#4502,.T.);
#4500 = VERTEX_POINT('',#4501);
#4501 = CARTESIAN_POINT('',(20.495,62.087997741699,1.));
#4502 = SURFACE_CURVE('',#4503,(#4507,#4514),.PCURVE_S1.);
#4503 = B_SPLINE_CURVE_WITH_KNOTS('',2,(#4504,#4505,#4506),
  .UNSPECIFIED.,.F.,.F.,(3,3),(0.,1.),.PIECEWISE_BEZIER_KNOTS.);
#4504 = CARTESIAN_POINT('',(20.9030078125,63.185995788574,1.));
#4505 = CARTESIAN_POINT('',(20.9030078125,62.514003601074,1.));
#4506 = CARTESIAN_POINT('',(20.495,62.087997741699,1.));
#4507 = PCURVE('',#157,#4508);
#4508 = DEFINITIONAL_REPRESENTATION('',(#4509),#4513);
#4509 = B_SPLINE_CURVE_WITH_KNOTS('',2,(#4510,#4511,#4512),
  .UNSPECIFIED.,.F.,.F.,(3,3),(0.,1.),.PIECEWISE_BEZIER_KNOTS.);
#4510 = CARTESIAN_POINT('',(20.9030078125,13.185995788574));
#4511 = CARTESIAN_POINT('',(20.9030078125,12.514003601074));
#4512 = CARTESIAN_POINT('',(20.495,12.087997741699));
#4513 = ( GEOMETRIC_REPRESENTATION_CONTEXT(2) 
PARAMETRIC_REPRESENTATION_CONTEXT() REPRESENTATION_CONTEXT('2D SPACE',''
  ) );
#4514 = PCURVE('',#4515,#4522);
#4515 = SURFACE_OF_LINEAR_EXTRUSION('',#4516,#4520);
#4516 = B_SPLINE_CURVE_WITH_KNOTS('',2,(#4517,#4518,#4519),
  .UNSPECIFIED.,.F.,.F.,(3,3),(0.,1.),.PIECEWISE_BEZIER_KNOTS.);
#4517 = CARTESIAN_POINT('',(20.9030078125,63.185995788574,1.));
#4518 = CARTESIAN_POINT('',(20.9030078125,62.514003601074,1.));
#4519 = CARTESIAN_POINT('',(20.495,62.087997741699,1.));
#4520 = VECTOR('',#4521,1.);
#4521 = DIRECTION('',(-0.,-0.,-1.));
#4522 = DEFINITIONAL_REPRESENTATION('',(#4523),#4527);
#4523 = LINE('',#4524,#4525);
#4524 = CARTESIAN_POINT('',(0.,0.));
#4525 = VECTOR('',#4526,1.);
#4526 = DIRECTION('',(1.,0.));
#4527 = ( GEOMETRIC_REPRESENTATION_CONTEXT(2) 
PARAMETRIC_REPRESENTATION_CONTEXT() REPRESENTATION_CONTEXT('2D SPACE',''
  ) );
#4528 = ORIENTED_EDGE('',*,*,#4529,.T.);
#4529 = EDGE_CURVE('',#4500,#4530,#4532,.T.);
#4530 = VERTEX_POINT('',#4531);
#4531 = CARTESIAN_POINT('',(19.445,61.661991882324,1.));
#4532 = SURFACE_CURVE('',#4533,(#4537,#4544),.PCURVE_S1.);
#4533 = B_SPLINE_CURVE_WITH_KNOTS('',2,(#4534,#4535,#4536),
  .UNSPECIFIED.,.F.,.F.,(3,3),(0.,1.),.PIECEWISE_BEZIER_KNOTS.);
#4534 = CARTESIAN_POINT('',(20.495,62.087997741699,1.));
#4535 = CARTESIAN_POINT('',(20.0869921875,61.661991882324,1.));
#4536 = CARTESIAN_POINT('',(19.445,61.661991882324,1.));
#4537 = PCURVE('',#157,#4538);
#4538 = DEFINITIONAL_REPRESENTATION('',(#4539),#4543);
#4539 = B_SPLINE_CURVE_WITH_KNOTS('',2,(#4540,#4541,#4542),
  .UNSPECIFIED.,.F.,.F.,(3,3),(0.,1.),.PIECEWISE_BEZIER_KNOTS.);
#4540 = CARTESIAN_POINT('',(20.495,12.087997741699));
#4541 = CARTESIAN_POINT('',(20.0869921875,11.661991882324));
#4542 = CARTESIAN_POINT('',(19.445,11.661991882324));
#4543 = ( GEOMETRIC_REPRESENTATION_CONTEXT(2) 
PARAMETRIC_REPRESENTATION_CONTEXT() REPRESENTATION_CONTEXT('2D SPACE',''
  ) );
#4544 = PCURVE('',#4545,#4552);
#4545 = SURFACE_OF_LINEAR_EXTRUSION('',#4546,#4550);
#4546 = B_SPLINE_CURVE_WITH_KNOTS('',2,(#4547,#4548,#4549),
  .UNSPECIFIED.,.F.,.F.,(3,3),(0.,1.),.PIECEWISE_BEZIER_KNOTS.);
#4547 = CARTESIAN_POINT('',(20.495,62.087997741699,1.));
#4548 = CARTESIAN_POINT('',(20.0869921875,61.661991882324,1.));
#4549 = CARTESIAN_POINT('',(19.445,61.661991882324,1.));
#4550 = VECTOR('',#4551,1.);
#4551 = DIRECTION('',(-0.,-0.,-1.));
#4552 = DEFINITIONAL_REPRESENTATION('',(#4553),#4557);
#4553 = LINE('',#4554,#4555);
#4554 = CARTESIAN_POINT('',(0.,0.));
#4555 = VECTOR('',#4556,1.);
#4556 = DIRECTION('',(1.,0.));
#4557 = ( GEOMETRIC_REPRESENTATION_CONTEXT(2) 
PARAMETRIC_REPRESENTATION_CONTEXT() REPRESENTATION_CONTEXT('2D SPACE',''
  ) );
#4558 = ORIENTED_EDGE('',*,*,#4559,.T.);
#4559 = EDGE_CURVE('',#4530,#4560,#4562,.T.);
#4560 = VERTEX_POINT('',#4561);
#4561 = CARTESIAN_POINT('',(18.992001953125,61.715995788574,1.));
#4562 = SURFACE_CURVE('',#4563,(#4567,#4574),.PCURVE_S1.);
#4563 = B_SPLINE_CURVE_WITH_KNOTS('',2,(#4564,#4565,#4566),
  .UNSPECIFIED.,.F.,.F.,(3,3),(0.,1.),.PIECEWISE_BEZIER_KNOTS.);
#4564 = CARTESIAN_POINT('',(19.445,61.661991882324,1.));
#4565 = CARTESIAN_POINT('',(19.19900390625,61.661991882324,1.));
#4566 = CARTESIAN_POINT('',(18.992001953125,61.715995788574,1.));
#4567 = PCURVE('',#157,#4568);
#4568 = DEFINITIONAL_REPRESENTATION('',(#4569),#4573);
#4569 = B_SPLINE_CURVE_WITH_KNOTS('',2,(#4570,#4571,#4572),
  .UNSPECIFIED.,.F.,.F.,(3,3),(0.,1.),.PIECEWISE_BEZIER_KNOTS.);
#4570 = CARTESIAN_POINT('',(19.445,11.661991882324));
#4571 = CARTESIAN_POINT('',(19.19900390625,11.661991882324));
#4572 = CARTESIAN_POINT('',(18.992001953125,11.715995788574));
#4573 = ( GEOMETRIC_REPRESENTATION_CONTEXT(2) 
PARAMETRIC_REPRESENTATION_CONTEXT() REPRESENTATION_CONTEXT('2D SPACE',''
  ) );
#4574 = PCURVE('',#4575,#4582);
#4575 = SURFACE_OF_LINEAR_EXTRUSION('',#4576,#4580);
#4576 = B_SPLINE_CURVE_WITH_KNOTS('',2,(#4577,#4578,#4579),
  .UNSPECIFIED.,.F.,.F.,(3,3),(0.,1.),.PIECEWISE_BEZIER_KNOTS.);
#4577 = CARTESIAN_POINT('',(19.445,61.661991882324,1.));
#4578 = CARTESIAN_POINT('',(19.19900390625,61.661991882324,1.));
#4579 = CARTESIAN_POINT('',(18.992001953125,61.715995788574,1.));
#4580 = VECTOR('',#4581,1.);
#4581 = DIRECTION('',(-0.,-0.,-1.));
#4582 = DEFINITIONAL_REPRESENTATION('',(#4583),#4587);
#4583 = LINE('',#4584,#4585);
#4584 = CARTESIAN_POINT('',(0.,0.));
#4585 = VECTOR('',#4586,1.);
#4586 = DIRECTION('',(1.,0.));
#4587 = ( GEOMETRIC_REPRESENTATION_CONTEXT(2) 
PARAMETRIC_REPRESENTATION_CONTEXT() REPRESENTATION_CONTEXT('2D SPACE',''
  ) );
#4588 = ORIENTED_EDGE('',*,*,#4589,.T.);
#4589 = EDGE_CURVE('',#4560,#4590,#4592,.T.);
#4590 = VERTEX_POINT('',#4591);
#4591 = CARTESIAN_POINT('',(18.65,61.844999694824,1.));
#4592 = SURFACE_CURVE('',#4593,(#4597,#4604),.PCURVE_S1.);
#4593 = B_SPLINE_CURVE_WITH_KNOTS('',2,(#4594,#4595,#4596),
  .UNSPECIFIED.,.F.,.F.,(3,3),(0.,1.),.PIECEWISE_BEZIER_KNOTS.);
#4594 = CARTESIAN_POINT('',(18.992001953125,61.715995788574,1.));
#4595 = CARTESIAN_POINT('',(18.785,61.769999694824,1.));
#4596 = CARTESIAN_POINT('',(18.65,61.844999694824,1.));
#4597 = PCURVE('',#157,#4598);
#4598 = DEFINITIONAL_REPRESENTATION('',(#4599),#4603);
#4599 = B_SPLINE_CURVE_WITH_KNOTS('',2,(#4600,#4601,#4602),
  .UNSPECIFIED.,.F.,.F.,(3,3),(0.,1.),.PIECEWISE_BEZIER_KNOTS.);
#4600 = CARTESIAN_POINT('',(18.992001953125,11.715995788574));
#4601 = CARTESIAN_POINT('',(18.785,11.769999694824));
#4602 = CARTESIAN_POINT('',(18.65,11.844999694824));
#4603 = ( GEOMETRIC_REPRESENTATION_CONTEXT(2) 
PARAMETRIC_REPRESENTATION_CONTEXT() REPRESENTATION_CONTEXT('2D SPACE',''
  ) );
#4604 = PCURVE('',#4605,#4612);
#4605 = SURFACE_OF_LINEAR_EXTRUSION('',#4606,#4610);
#4606 = B_SPLINE_CURVE_WITH_KNOTS('',2,(#4607,#4608,#4609),
  .UNSPECIFIED.,.F.,.F.,(3,3),(0.,1.),.PIECEWISE_BEZIER_KNOTS.);
#4607 = CARTESIAN_POINT('',(18.992001953125,61.715995788574,1.));
#4608 = CARTESIAN_POINT('',(18.785,61.769999694824,1.));
#4609 = CARTESIAN_POINT('',(18.65,61.844999694824,1.));
#4610 = VECTOR('',#4611,1.);
#4611 = DIRECTION('',(-0.,-0.,-1.));
#4612 = DEFINITIONAL_REPRESENTATION('',(#4613),#4617);
#4613 = LINE('',#4614,#4615);
#4614 = CARTESIAN_POINT('',(0.,0.));
#4615 = VECTOR('',#4616,1.);
#4616 = DIRECTION('',(1.,0.));
#4617 = ( GEOMETRIC_REPRESENTATION_CONTEXT(2) 
PARAMETRIC_REPRESENTATION_CONTEXT() REPRESENTATION_CONTEXT('2D SPACE',''
  ) );
#4618 = ORIENTED_EDGE('',*,*,#4619,.T.);
#4619 = EDGE_CURVE('',#4590,#4620,#4622,.T.);
#4620 = VERTEX_POINT('',#4621);
#4621 = CARTESIAN_POINT('',(18.40400390625,62.042997741699,1.));
#4622 = SURFACE_CURVE('',#4623,(#4627,#4634),.PCURVE_S1.);
#4623 = B_SPLINE_CURVE_WITH_KNOTS('',2,(#4624,#4625,#4626),
  .UNSPECIFIED.,.F.,.F.,(3,3),(0.,1.),.PIECEWISE_BEZIER_KNOTS.);
#4624 = CARTESIAN_POINT('',(18.65,61.844999694824,1.));
#4625 = CARTESIAN_POINT('',(18.515,61.919999694824,1.));
#4626 = CARTESIAN_POINT('',(18.40400390625,62.042997741699,1.));
#4627 = PCURVE('',#157,#4628);
#4628 = DEFINITIONAL_REPRESENTATION('',(#4629),#4633);
#4629 = B_SPLINE_CURVE_WITH_KNOTS('',2,(#4630,#4631,#4632),
  .UNSPECIFIED.,.F.,.F.,(3,3),(0.,1.),.PIECEWISE_BEZIER_KNOTS.);
#4630 = CARTESIAN_POINT('',(18.65,11.844999694824));
#4631 = CARTESIAN_POINT('',(18.515,11.919999694824));
#4632 = CARTESIAN_POINT('',(18.40400390625,12.042997741699));
#4633 = ( GEOMETRIC_REPRESENTATION_CONTEXT(2) 
PARAMETRIC_REPRESENTATION_CONTEXT() REPRESENTATION_CONTEXT('2D SPACE',''
  ) );
#4634 = PCURVE('',#4635,#4642);
#4635 = SURFACE_OF_LINEAR_EXTRUSION('',#4636,#4640);
#4636 = B_SPLINE_CURVE_WITH_KNOTS('',2,(#4637,#4638,#4639),
  .UNSPECIFIED.,.F.,.F.,(3,3),(0.,1.),.PIECEWISE_BEZIER_KNOTS.);
#4637 = CARTESIAN_POINT('',(18.65,61.844999694824,1.));
#4638 = CARTESIAN_POINT('',(18.515,61.919999694824,1.));
#4639 = CARTESIAN_POINT('',(18.40400390625,62.042997741699,1.));
#4640 = VECTOR('',#4641,1.);
#4641 = DIRECTION('',(-0.,-0.,-1.));
#4642 = DEFINITIONAL_REPRESENTATION('',(#4643),#4647);
#4643 = LINE('',#4644,#4645);
#4644 = CARTESIAN_POINT('',(0.,0.));
#4645 = VECTOR('',#4646,1.);
#4646 = DIRECTION('',(1.,0.));
#4647 = ( GEOMETRIC_REPRESENTATION_CONTEXT(2) 
PARAMETRIC_REPRESENTATION_CONTEXT() REPRESENTATION_CONTEXT('2D SPACE',''
  ) );
#4648 = ORIENTED_EDGE('',*,*,#4649,.T.);
#4649 = EDGE_CURVE('',#4620,#4650,#4652,.T.);
#4650 = VERTEX_POINT('',#4651);
#4651 = CARTESIAN_POINT('',(18.236005859375,62.258993835449,1.));
#4652 = SURFACE_CURVE('',#4653,(#4657,#4664),.PCURVE_S1.);
#4653 = B_SPLINE_CURVE_WITH_KNOTS('',2,(#4654,#4655,#4656),
  .UNSPECIFIED.,.F.,.F.,(3,3),(0.,1.),.PIECEWISE_BEZIER_KNOTS.);
#4654 = CARTESIAN_POINT('',(18.40400390625,62.042997741699,1.));
#4655 = CARTESIAN_POINT('',(18.2930078125,62.165995788574,1.));
#4656 = CARTESIAN_POINT('',(18.236005859375,62.258993835449,1.));
#4657 = PCURVE('',#157,#4658);
#4658 = DEFINITIONAL_REPRESENTATION('',(#4659),#4663);
#4659 = B_SPLINE_CURVE_WITH_KNOTS('',2,(#4660,#4661,#4662),
  .UNSPECIFIED.,.F.,.F.,(3,3),(0.,1.),.PIECEWISE_BEZIER_KNOTS.);
#4660 = CARTESIAN_POINT('',(18.40400390625,12.042997741699));
#4661 = CARTESIAN_POINT('',(18.2930078125,12.165995788574));
#4662 = CARTESIAN_POINT('',(18.236005859375,12.258993835449));
#4663 = ( GEOMETRIC_REPRESENTATION_CONTEXT(2) 
PARAMETRIC_REPRESENTATION_CONTEXT() REPRESENTATION_CONTEXT('2D SPACE',''
  ) );
#4664 = PCURVE('',#4665,#4672);
#4665 = SURFACE_OF_LINEAR_EXTRUSION('',#4666,#4670);
#4666 = B_SPLINE_CURVE_WITH_KNOTS('',2,(#4667,#4668,#4669),
  .UNSPECIFIED.,.F.,.F.,(3,3),(0.,1.),.PIECEWISE_BEZIER_KNOTS.);
#4667 = CARTESIAN_POINT('',(18.40400390625,62.042997741699,1.));
#4668 = CARTESIAN_POINT('',(18.2930078125,62.165995788574,1.));
#4669 = CARTESIAN_POINT('',(18.236005859375,62.258993835449,1.));
#4670 = VECTOR('',#4671,1.);
#4671 = DIRECTION('',(-0.,-0.,-1.));
#4672 = DEFINITIONAL_REPRESENTATION('',(#4673),#4677);
#4673 = LINE('',#4674,#4675);
#4674 = CARTESIAN_POINT('',(0.,0.));
#4675 = VECTOR('',#4676,1.);
#4676 = DIRECTION('',(1.,0.));
#4677 = ( GEOMETRIC_REPRESENTATION_CONTEXT(2) 
PARAMETRIC_REPRESENTATION_CONTEXT() REPRESENTATION_CONTEXT('2D SPACE',''
  ) );
#4678 = ORIENTED_EDGE('',*,*,#4679,.T.);
#4679 = EDGE_CURVE('',#4650,#4680,#4682,.T.);
#4680 = VERTEX_POINT('',#4681);
#4681 = CARTESIAN_POINT('',(18.127998046875,62.492997741699,1.));
#4682 = SURFACE_CURVE('',#4683,(#4687,#4694),.PCURVE_S1.);
#4683 = B_SPLINE_CURVE_WITH_KNOTS('',2,(#4684,#4685,#4686),
  .UNSPECIFIED.,.F.,.F.,(3,3),(0.,1.),.PIECEWISE_BEZIER_KNOTS.);
#4684 = CARTESIAN_POINT('',(18.236005859375,62.258993835449,1.));
#4685 = CARTESIAN_POINT('',(18.17900390625,62.351991882324,1.));
#4686 = CARTESIAN_POINT('',(18.127998046875,62.492997741699,1.));
#4687 = PCURVE('',#157,#4688);
#4688 = DEFINITIONAL_REPRESENTATION('',(#4689),#4693);
#4689 = B_SPLINE_CURVE_WITH_KNOTS('',2,(#4690,#4691,#4692),
  .UNSPECIFIED.,.F.,.F.,(3,3),(0.,1.),.PIECEWISE_BEZIER_KNOTS.);
#4690 = CARTESIAN_POINT('',(18.236005859375,12.258993835449));
#4691 = CARTESIAN_POINT('',(18.17900390625,12.351991882324));
#4692 = CARTESIAN_POINT('',(18.127998046875,12.492997741699));
#4693 = ( GEOMETRIC_REPRESENTATION_CONTEXT(2) 
PARAMETRIC_REPRESENTATION_CONTEXT() REPRESENTATION_CONTEXT('2D SPACE',''
  ) );
#4694 = PCURVE('',#4695,#4702);
#4695 = SURFACE_OF_LINEAR_EXTRUSION('',#4696,#4700);
#4696 = B_SPLINE_CURVE_WITH_KNOTS('',2,(#4697,#4698,#4699),
  .UNSPECIFIED.,.F.,.F.,(3,3),(0.,1.),.PIECEWISE_BEZIER_KNOTS.);
#4697 = CARTESIAN_POINT('',(18.236005859375,62.258993835449,1.));
#4698 = CARTESIAN_POINT('',(18.17900390625,62.351991882324,1.));
#4699 = CARTESIAN_POINT('',(18.127998046875,62.492997741699,1.));
#4700 = VECTOR('',#4701,1.);
#4701 = DIRECTION('',(-0.,-0.,-1.));
#4702 = DEFINITIONAL_REPRESENTATION('',(#4703),#4707);
#4703 = LINE('',#4704,#4705);
#4704 = CARTESIAN_POINT('',(0.,0.));
#4705 = VECTOR('',#4706,1.);
#4706 = DIRECTION('',(1.,0.));
#4707 = ( GEOMETRIC_REPRESENTATION_CONTEXT(2) 
PARAMETRIC_REPRESENTATION_CONTEXT() REPRESENTATION_CONTEXT('2D SPACE',''
  ) );
#4708 = ORIENTED_EDGE('',*,*,#4709,.T.);
#4709 = EDGE_CURVE('',#4680,#4710,#4712,.T.);
#4710 = VERTEX_POINT('',#4711);
#4711 = CARTESIAN_POINT('',(18.065,62.687997741699,1.));
#4712 = SURFACE_CURVE('',#4713,(#4717,#4724),.PCURVE_S1.);
#4713 = B_SPLINE_CURVE_WITH_KNOTS('',2,(#4714,#4715,#4716),
  .UNSPECIFIED.,.F.,.F.,(3,3),(0.,1.),.PIECEWISE_BEZIER_KNOTS.);
#4714 = CARTESIAN_POINT('',(18.127998046875,62.492997741699,1.));
#4715 = CARTESIAN_POINT('',(18.0769921875,62.634003601074,1.));
#4716 = CARTESIAN_POINT('',(18.065,62.687997741699,1.));
#4717 = PCURVE('',#157,#4718);
#4718 = DEFINITIONAL_REPRESENTATION('',(#4719),#4723);
#4719 = B_SPLINE_CURVE_WITH_KNOTS('',2,(#4720,#4721,#4722),
  .UNSPECIFIED.,.F.,.F.,(3,3),(0.,1.),.PIECEWISE_BEZIER_KNOTS.);
#4720 = CARTESIAN_POINT('',(18.127998046875,12.492997741699));
#4721 = CARTESIAN_POINT('',(18.0769921875,12.634003601074));
#4722 = CARTESIAN_POINT('',(18.065,12.687997741699));
#4723 = ( GEOMETRIC_REPRESENTATION_CONTEXT(2) 
PARAMETRIC_REPRESENTATION_CONTEXT() REPRESENTATION_CONTEXT('2D SPACE',''
  ) );
#4724 = PCURVE('',#4725,#4732);
#4725 = SURFACE_OF_LINEAR_EXTRUSION('',#4726,#4730);
#4726 = B_SPLINE_CURVE_WITH_KNOTS('',2,(#4727,#4728,#4729),
  .UNSPECIFIED.,.F.,.F.,(3,3),(0.,1.),.PIECEWISE_BEZIER_KNOTS.);
#4727 = CARTESIAN_POINT('',(18.127998046875,62.492997741699,1.));
#4728 = CARTESIAN_POINT('',(18.0769921875,62.634003601074,1.));
#4729 = CARTESIAN_POINT('',(18.065,62.687997741699,1.));
#4730 = VECTOR('',#4731,1.);
#4731 = DIRECTION('',(-0.,-0.,-1.));
#4732 = DEFINITIONAL_REPRESENTATION('',(#4733),#4737);
#4733 = LINE('',#4734,#4735);
#4734 = CARTESIAN_POINT('',(0.,0.));
#4735 = VECTOR('',#4736,1.);
#4736 = DIRECTION('',(1.,0.));
#4737 = ( GEOMETRIC_REPRESENTATION_CONTEXT(2) 
PARAMETRIC_REPRESENTATION_CONTEXT() REPRESENTATION_CONTEXT('2D SPACE',''
  ) );
#4738 = ORIENTED_EDGE('',*,*,#4739,.T.);
#4739 = EDGE_CURVE('',#4710,#4740,#4742,.T.);
#4740 = VERTEX_POINT('',#4741);
#4741 = CARTESIAN_POINT('',(18.035,62.844003601074,1.));
#4742 = SURFACE_CURVE('',#4743,(#4747,#4754),.PCURVE_S1.);
#4743 = B_SPLINE_CURVE_WITH_KNOTS('',2,(#4744,#4745,#4746),
  .UNSPECIFIED.,.F.,.F.,(3,3),(0.,1.),.PIECEWISE_BEZIER_KNOTS.);
#4744 = CARTESIAN_POINT('',(18.065,62.687997741699,1.));
#4745 = CARTESIAN_POINT('',(18.0530078125,62.741991882324,1.));
#4746 = CARTESIAN_POINT('',(18.035,62.844003601074,1.));
#4747 = PCURVE('',#157,#4748);
#4748 = DEFINITIONAL_REPRESENTATION('',(#4749),#4753);
#4749 = B_SPLINE_CURVE_WITH_KNOTS('',2,(#4750,#4751,#4752),
  .UNSPECIFIED.,.F.,.F.,(3,3),(0.,1.),.PIECEWISE_BEZIER_KNOTS.);
#4750 = CARTESIAN_POINT('',(18.065,12.687997741699));
#4751 = CARTESIAN_POINT('',(18.0530078125,12.741991882324));
#4752 = CARTESIAN_POINT('',(18.035,12.844003601074));
#4753 = ( GEOMETRIC_REPRESENTATION_CONTEXT(2) 
PARAMETRIC_REPRESENTATION_CONTEXT() REPRESENTATION_CONTEXT('2D SPACE',''
  ) );
#4754 = PCURVE('',#4755,#4762);
#4755 = SURFACE_OF_LINEAR_EXTRUSION('',#4756,#4760);
#4756 = B_SPLINE_CURVE_WITH_KNOTS('',2,(#4757,#4758,#4759),
  .UNSPECIFIED.,.F.,.F.,(3,3),(0.,1.),.PIECEWISE_BEZIER_KNOTS.);
#4757 = CARTESIAN_POINT('',(18.065,62.687997741699,1.));
#4758 = CARTESIAN_POINT('',(18.0530078125,62.741991882324,1.));
#4759 = CARTESIAN_POINT('',(18.035,62.844003601074,1.));
#4760 = VECTOR('',#4761,1.);
#4761 = DIRECTION('',(-0.,-0.,-1.));
#4762 = DEFINITIONAL_REPRESENTATION('',(#4763),#4767);
#4763 = LINE('',#4764,#4765);
#4764 = CARTESIAN_POINT('',(0.,0.));
#4765 = VECTOR('',#4766,1.);
#4766 = DIRECTION('',(1.,0.));
#4767 = ( GEOMETRIC_REPRESENTATION_CONTEXT(2) 
PARAMETRIC_REPRESENTATION_CONTEXT() REPRESENTATION_CONTEXT('2D SPACE',''
  ) );
#4768 = ORIENTED_EDGE('',*,*,#4769,.T.);
#4769 = EDGE_CURVE('',#4740,#4770,#4772,.T.);
#4770 = VERTEX_POINT('',#4771);
#4771 = CARTESIAN_POINT('',(18.5630078125,62.844003601074,1.));
#4772 = SURFACE_CURVE('',#4773,(#4777,#4784),.PCURVE_S1.);
#4773 = LINE('',#4774,#4775);
#4774 = CARTESIAN_POINT('',(18.035,62.844003601074,1.));
#4775 = VECTOR('',#4776,1.);
#4776 = DIRECTION('',(1.,0.,0.));
#4777 = PCURVE('',#157,#4778);
#4778 = DEFINITIONAL_REPRESENTATION('',(#4779),#4783);
#4779 = LINE('',#4780,#4781);
#4780 = CARTESIAN_POINT('',(18.035,12.844003601074));
#4781 = VECTOR('',#4782,1.);
#4782 = DIRECTION('',(1.,0.));
#4783 = ( GEOMETRIC_REPRESENTATION_CONTEXT(2) 
PARAMETRIC_REPRESENTATION_CONTEXT() REPRESENTATION_CONTEXT('2D SPACE',''
  ) );
#4784 = PCURVE('',#4785,#4790);
#4785 = PLANE('',#4786);
#4786 = AXIS2_PLACEMENT_3D('',#4787,#4788,#4789);
#4787 = CARTESIAN_POINT('',(18.035,62.844003601074,1.));
#4788 = DIRECTION('',(0.,1.,0.));
#4789 = DIRECTION('',(1.,0.,0.));
#4790 = DEFINITIONAL_REPRESENTATION('',(#4791),#4795);
#4791 = LINE('',#4792,#4793);
#4792 = CARTESIAN_POINT('',(3.552713678801E-15,0.));
#4793 = VECTOR('',#4794,1.);
#4794 = DIRECTION('',(1.,0.));
#4795 = ( GEOMETRIC_REPRESENTATION_CONTEXT(2) 
PARAMETRIC_REPRESENTATION_CONTEXT() REPRESENTATION_CONTEXT('2D SPACE',''
  ) );
#4796 = ORIENTED_EDGE('',*,*,#4797,.T.);
#4797 = EDGE_CURVE('',#4770,#4798,#4800,.T.);
#4798 = VERTEX_POINT('',#4799);
#4799 = CARTESIAN_POINT('',(19.4330078125,62.129999694824,1.));
#4800 = SURFACE_CURVE('',#4801,(#4805,#4812),.PCURVE_S1.);
#4801 = B_SPLINE_CURVE_WITH_KNOTS('',2,(#4802,#4803,#4804),
  .UNSPECIFIED.,.F.,.F.,(3,3),(0.,1.),.PIECEWISE_BEZIER_KNOTS.);
#4802 = CARTESIAN_POINT('',(18.5630078125,62.844003601074,1.));
#4803 = CARTESIAN_POINT('',(18.74900390625,62.129999694824,1.));
#4804 = CARTESIAN_POINT('',(19.4330078125,62.129999694824,1.));
#4805 = PCURVE('',#157,#4806);
#4806 = DEFINITIONAL_REPRESENTATION('',(#4807),#4811);
#4807 = B_SPLINE_CURVE_WITH_KNOTS('',2,(#4808,#4809,#4810),
  .UNSPECIFIED.,.F.,.F.,(3,3),(0.,1.),.PIECEWISE_BEZIER_KNOTS.);
#4808 = CARTESIAN_POINT('',(18.5630078125,12.844003601074));
#4809 = CARTESIAN_POINT('',(18.74900390625,12.129999694824));
#4810 = CARTESIAN_POINT('',(19.4330078125,12.129999694824));
#4811 = ( GEOMETRIC_REPRESENTATION_CONTEXT(2) 
PARAMETRIC_REPRESENTATION_CONTEXT() REPRESENTATION_CONTEXT('2D SPACE',''
  ) );
#4812 = PCURVE('',#4813,#4820);
#4813 = SURFACE_OF_LINEAR_EXTRUSION('',#4814,#4818);
#4814 = B_SPLINE_CURVE_WITH_KNOTS('',2,(#4815,#4816,#4817),
  .UNSPECIFIED.,.F.,.F.,(3,3),(0.,1.),.PIECEWISE_BEZIER_KNOTS.);
#4815 = CARTESIAN_POINT('',(18.5630078125,62.844003601074,1.));
#4816 = CARTESIAN_POINT('',(18.74900390625,62.129999694824,1.));
#4817 = CARTESIAN_POINT('',(19.4330078125,62.129999694824,1.));
#4818 = VECTOR('',#4819,1.);
#4819 = DIRECTION('',(-0.,-0.,-1.));
#4820 = DEFINITIONAL_REPRESENTATION('',(#4821),#4825);
#4821 = LINE('',#4822,#4823);
#4822 = CARTESIAN_POINT('',(0.,0.));
#4823 = VECTOR('',#4824,1.);
#4824 = DIRECTION('',(1.,0.));
#4825 = ( GEOMETRIC_REPRESENTATION_CONTEXT(2) 
PARAMETRIC_REPRESENTATION_CONTEXT() REPRESENTATION_CONTEXT('2D SPACE',''
  ) );
#4826 = ORIENTED_EDGE('',*,*,#4827,.T.);
#4827 = EDGE_CURVE('',#4798,#4828,#4830,.T.);
#4828 = VERTEX_POINT('',#4829);
#4829 = CARTESIAN_POINT('',(20.11400390625,62.394003601074,1.));
#4830 = SURFACE_CURVE('',#4831,(#4835,#4842),.PCURVE_S1.);
#4831 = B_SPLINE_CURVE_WITH_KNOTS('',2,(#4832,#4833,#4834),
  .UNSPECIFIED.,.F.,.F.,(3,3),(0.,1.),.PIECEWISE_BEZIER_KNOTS.);
#4832 = CARTESIAN_POINT('',(19.4330078125,62.129999694824,1.));
#4833 = CARTESIAN_POINT('',(19.865,62.129999694824,1.));
#4834 = CARTESIAN_POINT('',(20.11400390625,62.394003601074,1.));
#4835 = PCURVE('',#157,#4836);
#4836 = DEFINITIONAL_REPRESENTATION('',(#4837),#4841);
#4837 = B_SPLINE_CURVE_WITH_KNOTS('',2,(#4838,#4839,#4840),
  .UNSPECIFIED.,.F.,.F.,(3,3),(0.,1.),.PIECEWISE_BEZIER_KNOTS.);
#4838 = CARTESIAN_POINT('',(19.4330078125,12.129999694824));
#4839 = CARTESIAN_POINT('',(19.865,12.129999694824));
#4840 = CARTESIAN_POINT('',(20.11400390625,12.394003601074));
#4841 = ( GEOMETRIC_REPRESENTATION_CONTEXT(2) 
PARAMETRIC_REPRESENTATION_CONTEXT() REPRESENTATION_CONTEXT('2D SPACE',''
  ) );
#4842 = PCURVE('',#4843,#4850);
#4843 = SURFACE_OF_LINEAR_EXTRUSION('',#4844,#4848);
#4844 = B_SPLINE_CURVE_WITH_KNOTS('',2,(#4845,#4846,#4847),
  .UNSPECIFIED.,.F.,.F.,(3,3),(0.,1.),.PIECEWISE_BEZIER_KNOTS.);
#4845 = CARTESIAN_POINT('',(19.4330078125,62.129999694824,1.));
#4846 = CARTESIAN_POINT('',(19.865,62.129999694824,1.));
#4847 = CARTESIAN_POINT('',(20.11400390625,62.394003601074,1.));
#4848 = VECTOR('',#4849,1.);
#4849 = DIRECTION('',(-0.,-0.,-1.));
#4850 = DEFINITIONAL_REPRESENTATION('',(#4851),#4855);
#4851 = LINE('',#4852,#4853);
#4852 = CARTESIAN_POINT('',(0.,0.));
#4853 = VECTOR('',#4854,1.);
#4854 = DIRECTION('',(1.,0.));
#4855 = ( GEOMETRIC_REPRESENTATION_CONTEXT(2) 
PARAMETRIC_REPRESENTATION_CONTEXT() REPRESENTATION_CONTEXT('2D SPACE',''
  ) );
#4856 = ORIENTED_EDGE('',*,*,#4857,.T.);
#4857 = EDGE_CURVE('',#4828,#4858,#4860,.T.);
#4858 = VERTEX_POINT('',#4859);
#4859 = CARTESIAN_POINT('',(20.3630078125,63.114003601074,1.));
#4860 = SURFACE_CURVE('',#4861,(#4865,#4872),.PCURVE_S1.);
#4861 = B_SPLINE_CURVE_WITH_KNOTS('',2,(#4862,#4863,#4864),
  .UNSPECIFIED.,.F.,.F.,(3,3),(0.,1.),.PIECEWISE_BEZIER_KNOTS.);
#4862 = CARTESIAN_POINT('',(20.11400390625,62.394003601074,1.));
#4863 = CARTESIAN_POINT('',(20.3630078125,62.658007507324,1.));
#4864 = CARTESIAN_POINT('',(20.3630078125,63.114003601074,1.));
#4865 = PCURVE('',#157,#4866);
#4866 = DEFINITIONAL_REPRESENTATION('',(#4867),#4871);
#4867 = B_SPLINE_CURVE_WITH_KNOTS('',2,(#4868,#4869,#4870),
  .UNSPECIFIED.,.F.,.F.,(3,3),(0.,1.),.PIECEWISE_BEZIER_KNOTS.);
#4868 = CARTESIAN_POINT('',(20.11400390625,12.394003601074));
#4869 = CARTESIAN_POINT('',(20.3630078125,12.658007507324));
#4870 = CARTESIAN_POINT('',(20.3630078125,13.114003601074));
#4871 = ( GEOMETRIC_REPRESENTATION_CONTEXT(2) 
PARAMETRIC_REPRESENTATION_CONTEXT() REPRESENTATION_CONTEXT('2D SPACE',''
  ) );
#4872 = PCURVE('',#4873,#4880);
#4873 = SURFACE_OF_LINEAR_EXTRUSION('',#4874,#4878);
#4874 = B_SPLINE_CURVE_WITH_KNOTS('',2,(#4875,#4876,#4877),
  .UNSPECIFIED.,.F.,.F.,(3,3),(0.,1.),.PIECEWISE_BEZIER_KNOTS.);
#4875 = CARTESIAN_POINT('',(20.11400390625,62.394003601074,1.));
#4876 = CARTESIAN_POINT('',(20.3630078125,62.658007507324,1.));
#4877 = CARTESIAN_POINT('',(20.3630078125,63.114003601074,1.));
#4878 = VECTOR('',#4879,1.);
#4879 = DIRECTION('',(-0.,-0.,-1.));
#4880 = DEFINITIONAL_REPRESENTATION('',(#4881),#4885);
#4881 = LINE('',#4882,#4883);
#4882 = CARTESIAN_POINT('',(0.,0.));
#4883 = VECTOR('',#4884,1.);
#4884 = DIRECTION('',(1.,0.));
#4885 = ( GEOMETRIC_REPRESENTATION_CONTEXT(2) 
PARAMETRIC_REPRESENTATION_CONTEXT() REPRESENTATION_CONTEXT('2D SPACE',''
  ) );
#4886 = ORIENTED_EDGE('',*,*,#4887,.T.);
#4887 = EDGE_CURVE('',#4858,#4888,#4890,.T.);
#4888 = VERTEX_POINT('',#4889);
#4889 = CARTESIAN_POINT('',(20.111005859375,63.861005554199,1.));
#4890 = SURFACE_CURVE('',#4891,(#4895,#4902),.PCURVE_S1.);
#4891 = B_SPLINE_CURVE_WITH_KNOTS('',2,(#4892,#4893,#4894),
  .UNSPECIFIED.,.F.,.F.,(3,3),(0.,1.),.PIECEWISE_BEZIER_KNOTS.);
#4892 = CARTESIAN_POINT('',(20.3630078125,63.114003601074,1.));
#4893 = CARTESIAN_POINT('',(20.3630078125,63.588007507324,1.));
#4894 = CARTESIAN_POINT('',(20.111005859375,63.861005554199,1.));
#4895 = PCURVE('',#157,#4896);
#4896 = DEFINITIONAL_REPRESENTATION('',(#4897),#4901);
#4897 = B_SPLINE_CURVE_WITH_KNOTS('',2,(#4898,#4899,#4900),
  .UNSPECIFIED.,.F.,.F.,(3,3),(0.,1.),.PIECEWISE_BEZIER_KNOTS.);
#4898 = CARTESIAN_POINT('',(20.3630078125,13.114003601074));
#4899 = CARTESIAN_POINT('',(20.3630078125,13.588007507324));
#4900 = CARTESIAN_POINT('',(20.111005859375,13.861005554199));
#4901 = ( GEOMETRIC_REPRESENTATION_CONTEXT(2) 
PARAMETRIC_REPRESENTATION_CONTEXT() REPRESENTATION_CONTEXT('2D SPACE',''
  ) );
#4902 = PCURVE('',#4903,#4910);
#4903 = SURFACE_OF_LINEAR_EXTRUSION('',#4904,#4908);
#4904 = B_SPLINE_CURVE_WITH_KNOTS('',2,(#4905,#4906,#4907),
  .UNSPECIFIED.,.F.,.F.,(3,3),(0.,1.),.PIECEWISE_BEZIER_KNOTS.);
#4905 = CARTESIAN_POINT('',(20.3630078125,63.114003601074,1.));
#4906 = CARTESIAN_POINT('',(20.3630078125,63.588007507324,1.));
#4907 = CARTESIAN_POINT('',(20.111005859375,63.861005554199,1.));
#4908 = VECTOR('',#4909,1.);
#4909 = DIRECTION('',(-0.,-0.,-1.));
#4910 = DEFINITIONAL_REPRESENTATION('',(#4911),#4915);
#4911 = LINE('',#4912,#4913);
#4912 = CARTESIAN_POINT('',(0.,0.));
#4913 = VECTOR('',#4914,1.);
#4914 = DIRECTION('',(1.,0.));
#4915 = ( GEOMETRIC_REPRESENTATION_CONTEXT(2) 
PARAMETRIC_REPRESENTATION_CONTEXT() REPRESENTATION_CONTEXT('2D SPACE',''
  ) );
#4916 = ORIENTED_EDGE('',*,*,#4917,.T.);
#4917 = EDGE_CURVE('',#4888,#4918,#4920,.T.);
#4918 = VERTEX_POINT('',#4919);
#4919 = CARTESIAN_POINT('',(19.4330078125,64.134003601074,1.));
#4920 = SURFACE_CURVE('',#4921,(#4925,#4932),.PCURVE_S1.);
#4921 = B_SPLINE_CURVE_WITH_KNOTS('',2,(#4922,#4923,#4924),
  .UNSPECIFIED.,.F.,.F.,(3,3),(0.,1.),.PIECEWISE_BEZIER_KNOTS.);
#4922 = CARTESIAN_POINT('',(20.111005859375,63.861005554199,1.));
#4923 = CARTESIAN_POINT('',(19.85900390625,64.134003601074,1.));
#4924 = CARTESIAN_POINT('',(19.4330078125,64.134003601074,1.));
#4925 = PCURVE('',#157,#4926);
#4926 = DEFINITIONAL_REPRESENTATION('',(#4927),#4931);
#4927 = B_SPLINE_CURVE_WITH_KNOTS('',2,(#4928,#4929,#4930),
  .UNSPECIFIED.,.F.,.F.,(3,3),(0.,1.),.PIECEWISE_BEZIER_KNOTS.);
#4928 = CARTESIAN_POINT('',(20.111005859375,13.861005554199));
#4929 = CARTESIAN_POINT('',(19.85900390625,14.134003601074));
#4930 = CARTESIAN_POINT('',(19.4330078125,14.134003601074));
#4931 = ( GEOMETRIC_REPRESENTATION_CONTEXT(2) 
PARAMETRIC_REPRESENTATION_CONTEXT() REPRESENTATION_CONTEXT('2D SPACE',''
  ) );
#4932 = PCURVE('',#4933,#4940);
#4933 = SURFACE_OF_LINEAR_EXTRUSION('',#4934,#4938);
#4934 = B_SPLINE_CURVE_WITH_KNOTS('',2,(#4935,#4936,#4937),
  .UNSPECIFIED.,.F.,.F.,(3,3),(0.,1.),.PIECEWISE_BEZIER_KNOTS.);
#4935 = CARTESIAN_POINT('',(20.111005859375,63.861005554199,1.));
#4936 = CARTESIAN_POINT('',(19.85900390625,64.134003601074,1.));
#4937 = CARTESIAN_POINT('',(19.4330078125,64.134003601074,1.));
#4938 = VECTOR('',#4939,1.);
#4939 = DIRECTION('',(-0.,-0.,-1.));
#4940 = DEFINITIONAL_REPRESENTATION('',(#4941),#4945);
#4941 = LINE('',#4942,#4943);
#4942 = CARTESIAN_POINT('',(0.,0.));
#4943 = VECTOR('',#4944,1.);
#4944 = DIRECTION('',(1.,0.));
#4945 = ( GEOMETRIC_REPRESENTATION_CONTEXT(2) 
PARAMETRIC_REPRESENTATION_CONTEXT() REPRESENTATION_CONTEXT('2D SPACE',''
  ) );
#4946 = ORIENTED_EDGE('',*,*,#4947,.T.);
#4947 = EDGE_CURVE('',#4918,#4948,#4950,.T.);
#4948 = VERTEX_POINT('',#4949);
#4949 = CARTESIAN_POINT('',(19.012998046875,64.047001647949,1.));
#4950 = SURFACE_CURVE('',#4951,(#4955,#4962),.PCURVE_S1.);
#4951 = B_SPLINE_CURVE_WITH_KNOTS('',2,(#4952,#4953,#4954),
  .UNSPECIFIED.,.F.,.F.,(3,3),(0.,1.),.PIECEWISE_BEZIER_KNOTS.);
#4952 = CARTESIAN_POINT('',(19.4330078125,64.134003601074,1.));
#4953 = CARTESIAN_POINT('',(19.1869921875,64.134003601074,1.));
#4954 = CARTESIAN_POINT('',(19.012998046875,64.047001647949,1.));
#4955 = PCURVE('',#157,#4956);
#4956 = DEFINITIONAL_REPRESENTATION('',(#4957),#4961);
#4957 = B_SPLINE_CURVE_WITH_KNOTS('',2,(#4958,#4959,#4960),
  .UNSPECIFIED.,.F.,.F.,(3,3),(0.,1.),.PIECEWISE_BEZIER_KNOTS.);
#4958 = CARTESIAN_POINT('',(19.4330078125,14.134003601074));
#4959 = CARTESIAN_POINT('',(19.1869921875,14.134003601074));
#4960 = CARTESIAN_POINT('',(19.012998046875,14.047001647949));
#4961 = ( GEOMETRIC_REPRESENTATION_CONTEXT(2) 
PARAMETRIC_REPRESENTATION_CONTEXT() REPRESENTATION_CONTEXT('2D SPACE',''
  ) );
#4962 = PCURVE('',#4963,#4970);
#4963 = SURFACE_OF_LINEAR_EXTRUSION('',#4964,#4968);
#4964 = B_SPLINE_CURVE_WITH_KNOTS('',2,(#4965,#4966,#4967),
  .UNSPECIFIED.,.F.,.F.,(3,3),(0.,1.),.PIECEWISE_BEZIER_KNOTS.);
#4965 = CARTESIAN_POINT('',(19.4330078125,64.134003601074,1.));
#4966 = CARTESIAN_POINT('',(19.1869921875,64.134003601074,1.));
#4967 = CARTESIAN_POINT('',(19.012998046875,64.047001647949,1.));
#4968 = VECTOR('',#4969,1.);
#4969 = DIRECTION('',(-0.,-0.,-1.));
#4970 = DEFINITIONAL_REPRESENTATION('',(#4971),#4975);
#4971 = LINE('',#4972,#4973);
#4972 = CARTESIAN_POINT('',(0.,0.));
#4973 = VECTOR('',#4974,1.);
#4974 = DIRECTION('',(1.,0.));
#4975 = ( GEOMETRIC_REPRESENTATION_CONTEXT(2) 
PARAMETRIC_REPRESENTATION_CONTEXT() REPRESENTATION_CONTEXT('2D SPACE',''
  ) );
#4976 = ORIENTED_EDGE('',*,*,#4977,.T.);
#4977 = EDGE_CURVE('',#4948,#4978,#4980,.T.);
#4978 = VERTEX_POINT('',#4979);
#4979 = CARTESIAN_POINT('',(18.6530078125,63.738007507324,1.));
#4980 = SURFACE_CURVE('',#4981,(#4985,#4992),.PCURVE_S1.);
#4981 = B_SPLINE_CURVE_WITH_KNOTS('',2,(#4982,#4983,#4984),
  .UNSPECIFIED.,.F.,.F.,(3,3),(0.,1.),.PIECEWISE_BEZIER_KNOTS.);
#4982 = CARTESIAN_POINT('',(19.012998046875,64.047001647949,1.));
#4983 = CARTESIAN_POINT('',(18.83900390625,63.959999694824,1.));
#4984 = CARTESIAN_POINT('',(18.6530078125,63.738007507324,1.));
#4985 = PCURVE('',#157,#4986);
#4986 = DEFINITIONAL_REPRESENTATION('',(#4987),#4991);
#4987 = B_SPLINE_CURVE_WITH_KNOTS('',2,(#4988,#4989,#4990),
  .UNSPECIFIED.,.F.,.F.,(3,3),(0.,1.),.PIECEWISE_BEZIER_KNOTS.);
#4988 = CARTESIAN_POINT('',(19.012998046875,14.047001647949));
#4989 = CARTESIAN_POINT('',(18.83900390625,13.959999694824));
#4990 = CARTESIAN_POINT('',(18.6530078125,13.738007507324));
#4991 = ( GEOMETRIC_REPRESENTATION_CONTEXT(2) 
PARAMETRIC_REPRESENTATION_CONTEXT() REPRESENTATION_CONTEXT('2D SPACE',''
  ) );
#4992 = PCURVE('',#4993,#5000);
#4993 = SURFACE_OF_LINEAR_EXTRUSION('',#4994,#4998);
#4994 = B_SPLINE_CURVE_WITH_KNOTS('',2,(#4995,#4996,#4997),
  .UNSPECIFIED.,.F.,.F.,(3,3),(0.,1.),.PIECEWISE_BEZIER_KNOTS.);
#4995 = CARTESIAN_POINT('',(19.012998046875,64.047001647949,1.));
#4996 = CARTESIAN_POINT('',(18.83900390625,63.959999694824,1.));
#4997 = CARTESIAN_POINT('',(18.6530078125,63.738007507324,1.));
#4998 = VECTOR('',#4999,1.);
#4999 = DIRECTION('',(-0.,-0.,-1.));
#5000 = DEFINITIONAL_REPRESENTATION('',(#5001),#5005);
#5001 = LINE('',#5002,#5003);
#5002 = CARTESIAN_POINT('',(0.,0.));
#5003 = VECTOR('',#5004,1.);
#5004 = DIRECTION('',(1.,0.));
#5005 = ( GEOMETRIC_REPRESENTATION_CONTEXT(2) 
PARAMETRIC_REPRESENTATION_CONTEXT() REPRESENTATION_CONTEXT('2D SPACE',''
  ) );
#5006 = ORIENTED_EDGE('',*,*,#5007,.T.);
#5007 = EDGE_CURVE('',#4978,#4268,#5008,.T.);
#5008 = SURFACE_CURVE('',#5009,(#5013,#5020),.PCURVE_S1.);
#5009 = LINE('',#5010,#5011);
#5010 = CARTESIAN_POINT('',(18.6530078125,63.738007507324,1.));
#5011 = VECTOR('',#5012,1.);
#5012 = DIRECTION('',(-1.,0.,0.));
#5013 = PCURVE('',#157,#5014);
#5014 = DEFINITIONAL_REPRESENTATION('',(#5015),#5019);
#5015 = LINE('',#5016,#5017);
#5016 = CARTESIAN_POINT('',(18.6530078125,13.738007507324));
#5017 = VECTOR('',#5018,1.);
#5018 = DIRECTION('',(-1.,0.));
#5019 = ( GEOMETRIC_REPRESENTATION_CONTEXT(2) 
PARAMETRIC_REPRESENTATION_CONTEXT() REPRESENTATION_CONTEXT('2D SPACE',''
  ) );
#5020 = PCURVE('',#5021,#5026);
#5021 = PLANE('',#5022);
#5022 = AXIS2_PLACEMENT_3D('',#5023,#5024,#5025);
#5023 = CARTESIAN_POINT('',(18.6530078125,63.738007507324,1.));
#5024 = DIRECTION('',(0.,-1.,0.));
#5025 = DIRECTION('',(-1.,0.,0.));
#5026 = DEFINITIONAL_REPRESENTATION('',(#5027),#5031);
#5027 = LINE('',#5028,#5029);
#5028 = CARTESIAN_POINT('',(0.,-0.));
#5029 = VECTOR('',#5030,1.);
#5030 = DIRECTION('',(1.,0.));
#5031 = ( GEOMETRIC_REPRESENTATION_CONTEXT(2) 
PARAMETRIC_REPRESENTATION_CONTEXT() REPRESENTATION_CONTEXT('2D SPACE',''
  ) );
#5032 = FACE_BOUND('',#5033,.T.);
#5033 = EDGE_LOOP('',(#5034,#5064,#5092,#5120,#5148,#5176));
#5034 = ORIENTED_EDGE('',*,*,#5035,.F.);
#5035 = EDGE_CURVE('',#5036,#5038,#5040,.T.);
#5036 = VERTEX_POINT('',#5037);
#5037 = CARTESIAN_POINT('',(26.5,59.3,1.));
#5038 = VERTEX_POINT('',#5039);
#5039 = CARTESIAN_POINT('',(33.350396850395,59.3,1.));
#5040 = SURFACE_CURVE('',#5041,(#5045,#5052),.PCURVE_S1.);
#5041 = LINE('',#5042,#5043);
#5042 = CARTESIAN_POINT('',(36.5,59.3,1.));
#5043 = VECTOR('',#5044,1.);
#5044 = DIRECTION('',(1.,0.,-0.));
#5045 = PCURVE('',#157,#5046);
#5046 = DEFINITIONAL_REPRESENTATION('',(#5047),#5051);
#5047 = LINE('',#5048,#5049);
#5048 = CARTESIAN_POINT('',(36.5,9.3));
#5049 = VECTOR('',#5050,1.);
#5050 = DIRECTION('',(1.,0.));
#5051 = ( GEOMETRIC_REPRESENTATION_CONTEXT(2) 
PARAMETRIC_REPRESENTATION_CONTEXT() REPRESENTATION_CONTEXT('2D SPACE',''
  ) );
#5052 = PCURVE('',#5053,#5058);
#5053 = PLANE('',#5054);
#5054 = AXIS2_PLACEMENT_3D('',#5055,#5056,#5057);
#5055 = CARTESIAN_POINT('',(46.5,59.3,-15.3000002));
#5056 = DIRECTION('',(0.,-1.,0.));
#5057 = DIRECTION('',(-1.,0.,0.));
#5058 = DEFINITIONAL_REPRESENTATION('',(#5059),#5063);
#5059 = LINE('',#5060,#5061);
#5060 = CARTESIAN_POINT('',(10.,-16.3000002));
#5061 = VECTOR('',#5062,1.);
#5062 = DIRECTION('',(-1.,-0.));
#5063 = ( GEOMETRIC_REPRESENTATION_CONTEXT(2) 
PARAMETRIC_REPRESENTATION_CONTEXT() REPRESENTATION_CONTEXT('2D SPACE',''
  ) );
#5064 = ORIENTED_EDGE('',*,*,#5065,.T.);
#5065 = EDGE_CURVE('',#5036,#5066,#5068,.T.);
#5066 = VERTEX_POINT('',#5067);
#5067 = CARTESIAN_POINT('',(26.5,63.,1.));
#5068 = SURFACE_CURVE('',#5069,(#5073,#5080),.PCURVE_S1.);
#5069 = LINE('',#5070,#5071);
#5070 = CARTESIAN_POINT('',(26.5,51.,1.));
#5071 = VECTOR('',#5072,1.);
#5072 = DIRECTION('',(0.,1.,0.));
#5073 = PCURVE('',#157,#5074);
#5074 = DEFINITIONAL_REPRESENTATION('',(#5075),#5079);
#5075 = LINE('',#5076,#5077);
#5076 = CARTESIAN_POINT('',(26.5,1.));
#5077 = VECTOR('',#5078,1.);
#5078 = DIRECTION('',(0.,1.));
#5079 = ( GEOMETRIC_REPRESENTATION_CONTEXT(2) 
PARAMETRIC_REPRESENTATION_CONTEXT() REPRESENTATION_CONTEXT('2D SPACE',''
  ) );
#5080 = PCURVE('',#5081,#5086);
#5081 = PLANE('',#5082);
#5082 = AXIS2_PLACEMENT_3D('',#5083,#5084,#5085);
#5083 = CARTESIAN_POINT('',(26.5,51.,1.));
#5084 = DIRECTION('',(1.,0.,0.));
#5085 = DIRECTION('',(0.,0.,1.));
#5086 = DEFINITIONAL_REPRESENTATION('',(#5087),#5091);
#5087 = LINE('',#5088,#5089);
#5088 = CARTESIAN_POINT('',(0.,0.));
#5089 = VECTOR('',#5090,1.);
#5090 = DIRECTION('',(0.,-1.));
#5091 = ( GEOMETRIC_REPRESENTATION_CONTEXT(2) 
PARAMETRIC_REPRESENTATION_CONTEXT() REPRESENTATION_CONTEXT('2D SPACE',''
  ) );
#5092 = ORIENTED_EDGE('',*,*,#5093,.T.);
#5093 = EDGE_CURVE('',#5066,#5094,#5096,.T.);
#5094 = VERTEX_POINT('',#5095);
#5095 = CARTESIAN_POINT('',(46.5,63.,1.));
#5096 = SURFACE_CURVE('',#5097,(#5101,#5108),.PCURVE_S1.);
#5097 = LINE('',#5098,#5099);
#5098 = CARTESIAN_POINT('',(26.5,63.,1.));
#5099 = VECTOR('',#5100,1.);
#5100 = DIRECTION('',(1.,0.,0.));
#5101 = PCURVE('',#157,#5102);
#5102 = DEFINITIONAL_REPRESENTATION('',(#5103),#5107);
#5103 = LINE('',#5104,#5105);
#5104 = CARTESIAN_POINT('',(26.5,13.));
#5105 = VECTOR('',#5106,1.);
#5106 = DIRECTION('',(1.,0.));
#5107 = ( GEOMETRIC_REPRESENTATION_CONTEXT(2) 
PARAMETRIC_REPRESENTATION_CONTEXT() REPRESENTATION_CONTEXT('2D SPACE',''
  ) );
#5108 = PCURVE('',#5109,#5114);
#5109 = PLANE('',#5110);
#5110 = AXIS2_PLACEMENT_3D('',#5111,#5112,#5113);
#5111 = CARTESIAN_POINT('',(26.5,63.,1.));
#5112 = DIRECTION('',(0.,1.,0.));
#5113 = DIRECTION('',(0.,0.,1.));
#5114 = DEFINITIONAL_REPRESENTATION('',(#5115),#5119);
#5115 = LINE('',#5116,#5117);
#5116 = CARTESIAN_POINT('',(0.,0.));
#5117 = VECTOR('',#5118,1.);
#5118 = DIRECTION('',(0.,1.));
#5119 = ( GEOMETRIC_REPRESENTATION_CONTEXT(2) 
PARAMETRIC_REPRESENTATION_CONTEXT() REPRESENTATION_CONTEXT('2D SPACE',''
  ) );
#5120 = ORIENTED_EDGE('',*,*,#5121,.F.);
#5121 = EDGE_CURVE('',#5122,#5094,#5124,.T.);
#5122 = VERTEX_POINT('',#5123);
#5123 = CARTESIAN_POINT('',(46.5,59.3,1.));
#5124 = SURFACE_CURVE('',#5125,(#5129,#5136),.PCURVE_S1.);
#5125 = LINE('',#5126,#5127);
#5126 = CARTESIAN_POINT('',(46.5,51.,1.));
#5127 = VECTOR('',#5128,1.);
#5128 = DIRECTION('',(0.,1.,0.));
#5129 = PCURVE('',#157,#5130);
#5130 = DEFINITIONAL_REPRESENTATION('',(#5131),#5135);
#5131 = LINE('',#5132,#5133);
#5132 = CARTESIAN_POINT('',(46.5,1.));
#5133 = VECTOR('',#5134,1.);
#5134 = DIRECTION('',(0.,1.));
#5135 = ( GEOMETRIC_REPRESENTATION_CONTEXT(2) 
PARAMETRIC_REPRESENTATION_CONTEXT() REPRESENTATION_CONTEXT('2D SPACE',''
  ) );
#5136 = PCURVE('',#5137,#5142);
#5137 = PLANE('',#5138);
#5138 = AXIS2_PLACEMENT_3D('',#5139,#5140,#5141);
#5139 = CARTESIAN_POINT('',(46.5,51.,1.));
#5140 = DIRECTION('',(1.,0.,0.));
#5141 = DIRECTION('',(0.,0.,1.));
#5142 = DEFINITIONAL_REPRESENTATION('',(#5143),#5147);
#5143 = LINE('',#5144,#5145);
#5144 = CARTESIAN_POINT('',(0.,0.));
#5145 = VECTOR('',#5146,1.);
#5146 = DIRECTION('',(0.,-1.));
#5147 = ( GEOMETRIC_REPRESENTATION_CONTEXT(2) 
PARAMETRIC_REPRESENTATION_CONTEXT() REPRESENTATION_CONTEXT('2D SPACE',''
  ) );
#5148 = ORIENTED_EDGE('',*,*,#5149,.F.);
#5149 = EDGE_CURVE('',#5150,#5122,#5152,.T.);
#5150 = VERTEX_POINT('',#5151);
#5151 = CARTESIAN_POINT('',(39.649603149605,59.3,1.));
#5152 = SURFACE_CURVE('',#5153,(#5157,#5164),.PCURVE_S1.);
#5153 = LINE('',#5154,#5155);
#5154 = CARTESIAN_POINT('',(36.5,59.3,1.));
#5155 = VECTOR('',#5156,1.);
#5156 = DIRECTION('',(1.,0.,-0.));
#5157 = PCURVE('',#157,#5158);
#5158 = DEFINITIONAL_REPRESENTATION('',(#5159),#5163);
#5159 = LINE('',#5160,#5161);
#5160 = CARTESIAN_POINT('',(36.5,9.3));
#5161 = VECTOR('',#5162,1.);
#5162 = DIRECTION('',(1.,0.));
#5163 = ( GEOMETRIC_REPRESENTATION_CONTEXT(2) 
PARAMETRIC_REPRESENTATION_CONTEXT() REPRESENTATION_CONTEXT('2D SPACE',''
  ) );
#5164 = PCURVE('',#5165,#5170);
#5165 = PLANE('',#5166);
#5166 = AXIS2_PLACEMENT_3D('',#5167,#5168,#5169);
#5167 = CARTESIAN_POINT('',(46.5,59.3,-15.3000002));
#5168 = DIRECTION('',(0.,-1.,0.));
#5169 = DIRECTION('',(-1.,0.,0.));
#5170 = DEFINITIONAL_REPRESENTATION('',(#5171),#5175);
#5171 = LINE('',#5172,#5173);
#5172 = CARTESIAN_POINT('',(10.,-16.3000002));
#5173 = VECTOR('',#5174,1.);
#5174 = DIRECTION('',(-1.,-0.));
#5175 = ( GEOMETRIC_REPRESENTATION_CONTEXT(2) 
PARAMETRIC_REPRESENTATION_CONTEXT() REPRESENTATION_CONTEXT('2D SPACE',''
  ) );
#5176 = ORIENTED_EDGE('',*,*,#5177,.T.);
#5177 = EDGE_CURVE('',#5150,#5038,#5178,.T.);
#5178 = SURFACE_CURVE('',#5179,(#5184,#5191),.PCURVE_S1.);
#5179 = CIRCLE('',#5180,3.9);
#5180 = AXIS2_PLACEMENT_3D('',#5181,#5182,#5183);
#5181 = CARTESIAN_POINT('',(36.5,57.,1.));
#5182 = DIRECTION('',(0.,0.,1.));
#5183 = DIRECTION('',(1.,1.540732995036E-16,-0.));
#5184 = PCURVE('',#157,#5185);
#5185 = DEFINITIONAL_REPRESENTATION('',(#5186),#5190);
#5186 = CIRCLE('',#5187,3.9);
#5187 = AXIS2_PLACEMENT_2D('',#5188,#5189);
#5188 = CARTESIAN_POINT('',(36.5,7.));
#5189 = DIRECTION('',(1.,1.540732995036E-16));
#5190 = ( GEOMETRIC_REPRESENTATION_CONTEXT(2) 
PARAMETRIC_REPRESENTATION_CONTEXT() REPRESENTATION_CONTEXT('2D SPACE',''
  ) );
#5191 = PCURVE('',#5192,#5197);
#5192 = CYLINDRICAL_SURFACE('',#5193,3.9);
#5193 = AXIS2_PLACEMENT_3D('',#5194,#5195,#5196);
#5194 = CARTESIAN_POINT('',(36.5,57.,-17.1747892468));
#5195 = DIRECTION('',(-0.,-0.,-1.));
#5196 = DIRECTION('',(1.,0.,0.));
#5197 = DEFINITIONAL_REPRESENTATION('',(#5198),#5202);
#5198 = LINE('',#5199,#5200);
#5199 = CARTESIAN_POINT('',(-0.,-18.1747892468));
#5200 = VECTOR('',#5201,1.);
#5201 = DIRECTION('',(-1.,-0.));
#5202 = ( GEOMETRIC_REPRESENTATION_CONTEXT(2) 
PARAMETRIC_REPRESENTATION_CONTEXT() REPRESENTATION_CONTEXT('2D SPACE',''
  ) );
#5203 = ADVANCED_FACE('',(#5204),#129,.F.);
#5204 = FACE_BOUND('',#5205,.T.);
#5205 = EDGE_LOOP('',(#5206,#5229,#5230,#5231));
#5206 = ORIENTED_EDGE('',*,*,#5207,.T.);
#5207 = EDGE_CURVE('',#5208,#86,#5210,.T.);
#5208 = VERTEX_POINT('',#5209);
#5209 = CARTESIAN_POINT('',(-2.,54.,-1.));
#5210 = SURFACE_CURVE('',#5211,(#5215,#5222),.PCURVE_S1.);
#5211 = LINE('',#5212,#5213);
#5212 = CARTESIAN_POINT('',(-2.,54.,-1.));
#5213 = VECTOR('',#5214,1.);
#5214 = DIRECTION('',(1.,-0.,-0.));
#5215 = PCURVE('',#129,#5216);
#5216 = DEFINITIONAL_REPRESENTATION('',(#5217),#5221);
#5217 = LINE('',#5218,#5219);
#5218 = CARTESIAN_POINT('',(-0.,-0.));
#5219 = VECTOR('',#5220,1.);
#5220 = DIRECTION('',(-0.,-1.));
#5221 = ( GEOMETRIC_REPRESENTATION_CONTEXT(2) 
PARAMETRIC_REPRESENTATION_CONTEXT() REPRESENTATION_CONTEXT('2D SPACE',''
  ) );
#5222 = PCURVE('',#101,#5223);
#5223 = DEFINITIONAL_REPRESENTATION('',(#5224),#5228);
#5224 = LINE('',#5225,#5226);
#5225 = CARTESIAN_POINT('',(-2.,4.));
#5226 = VECTOR('',#5227,1.);
#5227 = DIRECTION('',(1.,0.));
#5228 = ( GEOMETRIC_REPRESENTATION_CONTEXT(2) 
PARAMETRIC_REPRESENTATION_CONTEXT() REPRESENTATION_CONTEXT('2D SPACE',''
  ) );
#5229 = ORIENTED_EDGE('',*,*,#113,.T.);
#5230 = ORIENTED_EDGE('',*,*,#582,.F.);
#5231 = ORIENTED_EDGE('',*,*,#5232,.F.);
#5232 = EDGE_CURVE('',#5208,#555,#5233,.T.);
#5233 = SURFACE_CURVE('',#5234,(#5238,#5245),.PCURVE_S1.);
#5234 = LINE('',#5235,#5236);
#5235 = CARTESIAN_POINT('',(-2.,54.,-1.));
#5236 = VECTOR('',#5237,1.);
#5237 = DIRECTION('',(-0.,0.707106781187,0.707106781187));
#5238 = PCURVE('',#129,#5239);
#5239 = DEFINITIONAL_REPRESENTATION('',(#5240),#5244);
#5240 = LINE('',#5241,#5242);
#5241 = CARTESIAN_POINT('',(-0.,-0.));
#5242 = VECTOR('',#5243,1.);
#5243 = DIRECTION('',(-1.,-0.));
#5244 = ( GEOMETRIC_REPRESENTATION_CONTEXT(2) 
PARAMETRIC_REPRESENTATION_CONTEXT() REPRESENTATION_CONTEXT('2D SPACE',''
  ) );
#5245 = PCURVE('',#570,#5246);
#5246 = DEFINITIONAL_REPRESENTATION('',(#5247),#5251);
#5247 = LINE('',#5248,#5249);
#5248 = CARTESIAN_POINT('',(-0.844096241842,6.));
#5249 = VECTOR('',#5250,1.);
#5250 = DIRECTION('',(0.707106781187,-0.707106781187));
#5251 = ( GEOMETRIC_REPRESENTATION_CONTEXT(2) 
PARAMETRIC_REPRESENTATION_CONTEXT() REPRESENTATION_CONTEXT('2D SPACE',''
  ) );
#5252 = ADVANCED_FACE('',(#5253,#5490),#101,.F.);
#5253 = FACE_BOUND('',#5254,.F.);
#5254 = EDGE_LOOP('',(#5255,#5256,#5279,#5302,#5325,#5348,#5371,#5394,
    #5422,#5445,#5468,#5489));
#5255 = ORIENTED_EDGE('',*,*,#85,.F.);
#5256 = ORIENTED_EDGE('',*,*,#5257,.T.);
#5257 = EDGE_CURVE('',#57,#5258,#5260,.T.);
#5258 = VERTEX_POINT('',#5259);
#5259 = CARTESIAN_POINT('',(64.,50.9,-1.));
#5260 = SURFACE_CURVE('',#5261,(#5265,#5272),.PCURVE_S1.);
#5261 = LINE('',#5262,#5263);
#5262 = CARTESIAN_POINT('',(0.,50.9,-1.));
#5263 = VECTOR('',#5264,1.);
#5264 = DIRECTION('',(1.,0.,0.));
#5265 = PCURVE('',#101,#5266);
#5266 = DEFINITIONAL_REPRESENTATION('',(#5267),#5271);
#5267 = LINE('',#5268,#5269);
#5268 = CARTESIAN_POINT('',(0.,0.9));
#5269 = VECTOR('',#5270,1.);
#5270 = DIRECTION('',(1.,0.));
#5271 = ( GEOMETRIC_REPRESENTATION_CONTEXT(2) 
PARAMETRIC_REPRESENTATION_CONTEXT() REPRESENTATION_CONTEXT('2D SPACE',''
  ) );
#5272 = PCURVE('',#73,#5273);
#5273 = DEFINITIONAL_REPRESENTATION('',(#5274),#5278);
#5274 = LINE('',#5275,#5276);
#5275 = CARTESIAN_POINT('',(1.570796326795,0.));
#5276 = VECTOR('',#5277,1.);
#5277 = DIRECTION('',(0.,1.));
#5278 = ( GEOMETRIC_REPRESENTATION_CONTEXT(2) 
PARAMETRIC_REPRESENTATION_CONTEXT() REPRESENTATION_CONTEXT('2D SPACE',''
  ) );
#5279 = ORIENTED_EDGE('',*,*,#5280,.T.);
#5280 = EDGE_CURVE('',#5258,#5281,#5283,.T.);
#5281 = VERTEX_POINT('',#5282);
#5282 = CARTESIAN_POINT('',(64.,54.,-1.));
#5283 = SURFACE_CURVE('',#5284,(#5288,#5295),.PCURVE_S1.);
#5284 = LINE('',#5285,#5286);
#5285 = CARTESIAN_POINT('',(64.,50.,-1.));
#5286 = VECTOR('',#5287,1.);
#5287 = DIRECTION('',(0.,1.,0.));
#5288 = PCURVE('',#101,#5289);
#5289 = DEFINITIONAL_REPRESENTATION('',(#5290),#5294);
#5290 = LINE('',#5291,#5292);
#5291 = CARTESIAN_POINT('',(64.,0.));
#5292 = VECTOR('',#5293,1.);
#5293 = DIRECTION('',(0.,1.));
#5294 = ( GEOMETRIC_REPRESENTATION_CONTEXT(2) 
PARAMETRIC_REPRESENTATION_CONTEXT() REPRESENTATION_CONTEXT('2D SPACE',''
  ) );
#5295 = PCURVE('',#221,#5296);
#5296 = DEFINITIONAL_REPRESENTATION('',(#5297),#5301);
#5297 = LINE('',#5298,#5299);
#5298 = CARTESIAN_POINT('',(0.,0.));
#5299 = VECTOR('',#5300,1.);
#5300 = DIRECTION('',(0.,-1.));
#5301 = ( GEOMETRIC_REPRESENTATION_CONTEXT(2) 
PARAMETRIC_REPRESENTATION_CONTEXT() REPRESENTATION_CONTEXT('2D SPACE',''
  ) );
#5302 = ORIENTED_EDGE('',*,*,#5303,.F.);
#5303 = EDGE_CURVE('',#5304,#5281,#5306,.T.);
#5304 = VERTEX_POINT('',#5305);
#5305 = CARTESIAN_POINT('',(66.,54.,-1.));
#5306 = SURFACE_CURVE('',#5307,(#5311,#5318),.PCURVE_S1.);
#5307 = LINE('',#5308,#5309);
#5308 = CARTESIAN_POINT('',(66.,54.,-1.));
#5309 = VECTOR('',#5310,1.);
#5310 = DIRECTION('',(-1.,0.,0.));
#5311 = PCURVE('',#101,#5312);
#5312 = DEFINITIONAL_REPRESENTATION('',(#5313),#5317);
#5313 = LINE('',#5314,#5315);
#5314 = CARTESIAN_POINT('',(66.,4.));
#5315 = VECTOR('',#5316,1.);
#5316 = DIRECTION('',(-1.,0.));
#5317 = ( GEOMETRIC_REPRESENTATION_CONTEXT(2) 
PARAMETRIC_REPRESENTATION_CONTEXT() REPRESENTATION_CONTEXT('2D SPACE',''
  ) );
#5318 = PCURVE('',#374,#5319);
#5319 = DEFINITIONAL_REPRESENTATION('',(#5320),#5324);
#5320 = LINE('',#5321,#5322);
#5321 = CARTESIAN_POINT('',(0.,0.));
#5322 = VECTOR('',#5323,1.);
#5323 = DIRECTION('',(0.,-1.));
#5324 = ( GEOMETRIC_REPRESENTATION_CONTEXT(2) 
PARAMETRIC_REPRESENTATION_CONTEXT() REPRESENTATION_CONTEXT('2D SPACE',''
  ) );
#5325 = ORIENTED_EDGE('',*,*,#5326,.F.);
#5326 = EDGE_CURVE('',#5327,#5304,#5329,.T.);
#5327 = VERTEX_POINT('',#5328);
#5328 = CARTESIAN_POINT('',(66.,66.,-1.));
#5329 = SURFACE_CURVE('',#5330,(#5334,#5341),.PCURVE_S1.);
#5330 = LINE('',#5331,#5332);
#5331 = CARTESIAN_POINT('',(66.,66.,-1.));
#5332 = VECTOR('',#5333,1.);
#5333 = DIRECTION('',(0.,-1.,0.));
#5334 = PCURVE('',#101,#5335);
#5335 = DEFINITIONAL_REPRESENTATION('',(#5336),#5340);
#5336 = LINE('',#5337,#5338);
#5337 = CARTESIAN_POINT('',(66.,16.));
#5338 = VECTOR('',#5339,1.);
#5339 = DIRECTION('',(0.,-1.));
#5340 = ( GEOMETRIC_REPRESENTATION_CONTEXT(2) 
PARAMETRIC_REPRESENTATION_CONTEXT() REPRESENTATION_CONTEXT('2D SPACE',''
  ) );
#5341 = PCURVE('',#402,#5342);
#5342 = DEFINITIONAL_REPRESENTATION('',(#5343),#5347);
#5343 = LINE('',#5344,#5345);
#5344 = CARTESIAN_POINT('',(0.844096241842,-6.));
#5345 = VECTOR('',#5346,1.);
#5346 = DIRECTION('',(0.,1.));
#5347 = ( GEOMETRIC_REPRESENTATION_CONTEXT(2) 
PARAMETRIC_REPRESENTATION_CONTEXT() REPRESENTATION_CONTEXT('2D SPACE',''
  ) );
#5348 = ORIENTED_EDGE('',*,*,#5349,.T.);
#5349 = EDGE_CURVE('',#5327,#5350,#5352,.T.);
#5350 = VERTEX_POINT('',#5351);
#5351 = CARTESIAN_POINT('',(64.,66.,-1.));
#5352 = SURFACE_CURVE('',#5353,(#5357,#5364),.PCURVE_S1.);
#5353 = LINE('',#5354,#5355);
#5354 = CARTESIAN_POINT('',(66.,66.,-1.));
#5355 = VECTOR('',#5356,1.);
#5356 = DIRECTION('',(-1.,0.,0.));
#5357 = PCURVE('',#101,#5358);
#5358 = DEFINITIONAL_REPRESENTATION('',(#5359),#5363);
#5359 = LINE('',#5360,#5361);
#5360 = CARTESIAN_POINT('',(66.,16.));
#5361 = VECTOR('',#5362,1.);
#5362 = DIRECTION('',(-1.,0.));
#5363 = ( GEOMETRIC_REPRESENTATION_CONTEXT(2) 
PARAMETRIC_REPRESENTATION_CONTEXT() REPRESENTATION_CONTEXT('2D SPACE',''
  ) );
#5364 = PCURVE('',#430,#5365);
#5365 = DEFINITIONAL_REPRESENTATION('',(#5366),#5370);
#5366 = LINE('',#5367,#5368);
#5367 = CARTESIAN_POINT('',(2.828427124746,0.));
#5368 = VECTOR('',#5369,1.);
#5369 = DIRECTION('',(0.,-1.));
#5370 = ( GEOMETRIC_REPRESENTATION_CONTEXT(2) 
PARAMETRIC_REPRESENTATION_CONTEXT() REPRESENTATION_CONTEXT('2D SPACE',''
  ) );
#5371 = ORIENTED_EDGE('',*,*,#5372,.T.);
#5372 = EDGE_CURVE('',#5350,#5373,#5375,.T.);
#5373 = VERTEX_POINT('',#5374);
#5374 = CARTESIAN_POINT('',(64.,69.1,-1.));
#5375 = SURFACE_CURVE('',#5376,(#5380,#5387),.PCURVE_S1.);
#5376 = LINE('',#5377,#5378);
#5377 = CARTESIAN_POINT('',(64.,50.,-1.));
#5378 = VECTOR('',#5379,1.);
#5379 = DIRECTION('',(0.,1.,0.));
#5380 = PCURVE('',#101,#5381);
#5381 = DEFINITIONAL_REPRESENTATION('',(#5382),#5386);
#5382 = LINE('',#5383,#5384);
#5383 = CARTESIAN_POINT('',(64.,0.));
#5384 = VECTOR('',#5385,1.);
#5385 = DIRECTION('',(0.,1.));
#5386 = ( GEOMETRIC_REPRESENTATION_CONTEXT(2) 
PARAMETRIC_REPRESENTATION_CONTEXT() REPRESENTATION_CONTEXT('2D SPACE',''
  ) );
#5387 = PCURVE('',#458,#5388);
#5388 = DEFINITIONAL_REPRESENTATION('',(#5389),#5393);
#5389 = LINE('',#5390,#5391);
#5390 = CARTESIAN_POINT('',(0.,0.));
#5391 = VECTOR('',#5392,1.);
#5392 = DIRECTION('',(0.,-1.));
#5393 = ( GEOMETRIC_REPRESENTATION_CONTEXT(2) 
PARAMETRIC_REPRESENTATION_CONTEXT() REPRESENTATION_CONTEXT('2D SPACE',''
  ) );
#5394 = ORIENTED_EDGE('',*,*,#5395,.F.);
#5395 = EDGE_CURVE('',#5396,#5373,#5398,.T.);
#5396 = VERTEX_POINT('',#5397);
#5397 = CARTESIAN_POINT('',(0.,69.1,-1.));
#5398 = SURFACE_CURVE('',#5399,(#5403,#5410),.PCURVE_S1.);
#5399 = LINE('',#5400,#5401);
#5400 = CARTESIAN_POINT('',(0.,69.1,-1.));
#5401 = VECTOR('',#5402,1.);
#5402 = DIRECTION('',(1.,0.,0.));
#5403 = PCURVE('',#101,#5404);
#5404 = DEFINITIONAL_REPRESENTATION('',(#5405),#5409);
#5405 = LINE('',#5406,#5407);
#5406 = CARTESIAN_POINT('',(0.,19.1));
#5407 = VECTOR('',#5408,1.);
#5408 = DIRECTION('',(1.,0.));
#5409 = ( GEOMETRIC_REPRESENTATION_CONTEXT(2) 
PARAMETRIC_REPRESENTATION_CONTEXT() REPRESENTATION_CONTEXT('2D SPACE',''
  ) );
#5410 = PCURVE('',#5411,#5416);
#5411 = CYLINDRICAL_SURFACE('',#5412,0.9);
#5412 = AXIS2_PLACEMENT_3D('',#5413,#5414,#5415);
#5413 = CARTESIAN_POINT('',(0.,69.1,-0.1));
#5414 = DIRECTION('',(1.,0.,0.));
#5415 = DIRECTION('',(-0.,1.,0.));
#5416 = DEFINITIONAL_REPRESENTATION('',(#5417),#5421);
#5417 = LINE('',#5418,#5419);
#5418 = CARTESIAN_POINT('',(-1.570796326795,0.));
#5419 = VECTOR('',#5420,1.);
#5420 = DIRECTION('',(-0.,1.));
#5421 = ( GEOMETRIC_REPRESENTATION_CONTEXT(2) 
PARAMETRIC_REPRESENTATION_CONTEXT() REPRESENTATION_CONTEXT('2D SPACE',''
  ) );
#5422 = ORIENTED_EDGE('',*,*,#5423,.F.);
#5423 = EDGE_CURVE('',#5424,#5396,#5426,.T.);
#5424 = VERTEX_POINT('',#5425);
#5425 = CARTESIAN_POINT('',(0.,66.,-1.));
#5426 = SURFACE_CURVE('',#5427,(#5431,#5438),.PCURVE_S1.);
#5427 = LINE('',#5428,#5429);
#5428 = CARTESIAN_POINT('',(0.,50.,-1.));
#5429 = VECTOR('',#5430,1.);
#5430 = DIRECTION('',(0.,1.,0.));
#5431 = PCURVE('',#101,#5432);
#5432 = DEFINITIONAL_REPRESENTATION('',(#5433),#5437);
#5433 = LINE('',#5434,#5435);
#5434 = CARTESIAN_POINT('',(0.,0.));
#5435 = VECTOR('',#5436,1.);
#5436 = DIRECTION('',(0.,1.));
#5437 = ( GEOMETRIC_REPRESENTATION_CONTEXT(2) 
PARAMETRIC_REPRESENTATION_CONTEXT() REPRESENTATION_CONTEXT('2D SPACE',''
  ) );
#5438 = PCURVE('',#514,#5439);
#5439 = DEFINITIONAL_REPRESENTATION('',(#5440),#5444);
#5440 = LINE('',#5441,#5442);
#5441 = CARTESIAN_POINT('',(0.,0.));
#5442 = VECTOR('',#5443,1.);
#5443 = DIRECTION('',(0.,-1.));
#5444 = ( GEOMETRIC_REPRESENTATION_CONTEXT(2) 
PARAMETRIC_REPRESENTATION_CONTEXT() REPRESENTATION_CONTEXT('2D SPACE',''
  ) );
#5445 = ORIENTED_EDGE('',*,*,#5446,.F.);
#5446 = EDGE_CURVE('',#5447,#5424,#5449,.T.);
#5447 = VERTEX_POINT('',#5448);
#5448 = CARTESIAN_POINT('',(-2.,66.,-1.));
#5449 = SURFACE_CURVE('',#5450,(#5454,#5461),.PCURVE_S1.);
#5450 = LINE('',#5451,#5452);
#5451 = CARTESIAN_POINT('',(-2.,66.,-1.));
#5452 = VECTOR('',#5453,1.);
#5453 = DIRECTION('',(1.,-0.,-0.));
#5454 = PCURVE('',#101,#5455);
#5455 = DEFINITIONAL_REPRESENTATION('',(#5456),#5460);
#5456 = LINE('',#5457,#5458);
#5457 = CARTESIAN_POINT('',(-2.,16.));
#5458 = VECTOR('',#5459,1.);
#5459 = DIRECTION('',(1.,0.));
#5460 = ( GEOMETRIC_REPRESENTATION_CONTEXT(2) 
PARAMETRIC_REPRESENTATION_CONTEXT() REPRESENTATION_CONTEXT('2D SPACE',''
  ) );
#5461 = PCURVE('',#542,#5462);
#5462 = DEFINITIONAL_REPRESENTATION('',(#5463),#5467);
#5463 = LINE('',#5464,#5465);
#5464 = CARTESIAN_POINT('',(-2.828427124746,0.));
#5465 = VECTOR('',#5466,1.);
#5466 = DIRECTION('',(-0.,-1.));
#5467 = ( GEOMETRIC_REPRESENTATION_CONTEXT(2) 
PARAMETRIC_REPRESENTATION_CONTEXT() REPRESENTATION_CONTEXT('2D SPACE',''
  ) );
#5468 = ORIENTED_EDGE('',*,*,#5469,.T.);
#5469 = EDGE_CURVE('',#5447,#5208,#5470,.T.);
#5470 = SURFACE_CURVE('',#5471,(#5475,#5482),.PCURVE_S1.);
#5471 = LINE('',#5472,#5473);
#5472 = CARTESIAN_POINT('',(-2.,66.,-1.));
#5473 = VECTOR('',#5474,1.);
#5474 = DIRECTION('',(-0.,-1.,-0.));
#5475 = PCURVE('',#101,#5476);
#5476 = DEFINITIONAL_REPRESENTATION('',(#5477),#5481);
#5477 = LINE('',#5478,#5479);
#5478 = CARTESIAN_POINT('',(-2.,16.));
#5479 = VECTOR('',#5480,1.);
#5480 = DIRECTION('',(0.,-1.));
#5481 = ( GEOMETRIC_REPRESENTATION_CONTEXT(2) 
PARAMETRIC_REPRESENTATION_CONTEXT() REPRESENTATION_CONTEXT('2D SPACE',''
  ) );
#5482 = PCURVE('',#570,#5483);
#5483 = DEFINITIONAL_REPRESENTATION('',(#5484),#5488);
#5484 = LINE('',#5485,#5486);
#5485 = CARTESIAN_POINT('',(-0.844096241842,-6.));
#5486 = VECTOR('',#5487,1.);
#5487 = DIRECTION('',(-0.,1.));
#5488 = ( GEOMETRIC_REPRESENTATION_CONTEXT(2) 
PARAMETRIC_REPRESENTATION_CONTEXT() REPRESENTATION_CONTEXT('2D SPACE',''
  ) );
#5489 = ORIENTED_EDGE('',*,*,#5207,.T.);
#5490 = FACE_BOUND('',#5491,.F.);
#5491 = EDGE_LOOP('',(#5492));
#5492 = ORIENTED_EDGE('',*,*,#5493,.F.);
#5493 = EDGE_CURVE('',#5494,#5494,#5496,.T.);
#5494 = VERTEX_POINT('',#5495);
#5495 = CARTESIAN_POINT('',(39.5,57.,-1.));
#5496 = SURFACE_CURVE('',#5497,(#5502,#5509),.PCURVE_S1.);
#5497 = CIRCLE('',#5498,3.);
#5498 = AXIS2_PLACEMENT_3D('',#5499,#5500,#5501);
#5499 = CARTESIAN_POINT('',(36.5,57.,-1.));
#5500 = DIRECTION('',(0.,0.,1.));
#5501 = DIRECTION('',(1.,5.921189464668E-16,-0.));
#5502 = PCURVE('',#101,#5503);
#5503 = DEFINITIONAL_REPRESENTATION('',(#5504),#5508);
#5504 = CIRCLE('',#5505,3.);
#5505 = AXIS2_PLACEMENT_2D('',#5506,#5507);
#5506 = CARTESIAN_POINT('',(36.5,7.));
#5507 = DIRECTION('',(1.,5.921189464668E-16));
#5508 = ( GEOMETRIC_REPRESENTATION_CONTEXT(2) 
PARAMETRIC_REPRESENTATION_CONTEXT() REPRESENTATION_CONTEXT('2D SPACE',''
  ) );
#5509 = PCURVE('',#2775,#5510);
#5510 = DEFINITIONAL_REPRESENTATION('',(#5511),#5515);
#5511 = LINE('',#5512,#5513);
#5512 = CARTESIAN_POINT('',(-0.,-67.0000003));
#5513 = VECTOR('',#5514,1.);
#5514 = DIRECTION('',(-1.,-0.));
#5515 = ( GEOMETRIC_REPRESENTATION_CONTEXT(2) 
PARAMETRIC_REPRESENTATION_CONTEXT() REPRESENTATION_CONTEXT('2D SPACE',''
  ) );
#5516 = ADVANCED_FACE('',(#5517),#73,.T.);
#5517 = FACE_BOUND('',#5518,.T.);
#5518 = EDGE_LOOP('',(#5519,#5520,#5521,#5543));
#5519 = ORIENTED_EDGE('',*,*,#56,.T.);
#5520 = ORIENTED_EDGE('',*,*,#5257,.T.);
#5521 = ORIENTED_EDGE('',*,*,#5522,.F.);
#5522 = EDGE_CURVE('',#204,#5258,#5523,.T.);
#5523 = SURFACE_CURVE('',#5524,(#5529,#5536),.PCURVE_S1.);
#5524 = CIRCLE('',#5525,0.9);
#5525 = AXIS2_PLACEMENT_3D('',#5526,#5527,#5528);
#5526 = CARTESIAN_POINT('',(64.,50.9,-0.1));
#5527 = DIRECTION('',(1.,0.,0.));
#5528 = DIRECTION('',(-0.,0.,1.));
#5529 = PCURVE('',#73,#5530);
#5530 = DEFINITIONAL_REPRESENTATION('',(#5531),#5535);
#5531 = LINE('',#5532,#5533);
#5532 = CARTESIAN_POINT('',(-1.570796326795,64.));
#5533 = VECTOR('',#5534,1.);
#5534 = DIRECTION('',(1.,0.));
#5535 = ( GEOMETRIC_REPRESENTATION_CONTEXT(2) 
PARAMETRIC_REPRESENTATION_CONTEXT() REPRESENTATION_CONTEXT('2D SPACE',''
  ) );
#5536 = PCURVE('',#221,#5537);
#5537 = DEFINITIONAL_REPRESENTATION('',(#5538),#5542);
#5538 = CIRCLE('',#5539,0.9);
#5539 = AXIS2_PLACEMENT_2D('',#5540,#5541);
#5540 = CARTESIAN_POINT('',(0.9,-0.9));
#5541 = DIRECTION('',(1.,0.));
#5542 = ( GEOMETRIC_REPRESENTATION_CONTEXT(2) 
PARAMETRIC_REPRESENTATION_CONTEXT() REPRESENTATION_CONTEXT('2D SPACE',''
  ) );
#5543 = ORIENTED_EDGE('',*,*,#233,.F.);
#5544 = ADVANCED_FACE('',(#5545),#221,.T.);
#5545 = FACE_BOUND('',#5546,.T.);
#5546 = EDGE_LOOP('',(#5547,#5548,#5549,#5550,#5571,#5572));
#5547 = ORIENTED_EDGE('',*,*,#203,.F.);
#5548 = ORIENTED_EDGE('',*,*,#5522,.T.);
#5549 = ORIENTED_EDGE('',*,*,#5280,.T.);
#5550 = ORIENTED_EDGE('',*,*,#5551,.T.);
#5551 = EDGE_CURVE('',#5281,#336,#5552,.T.);
#5552 = SURFACE_CURVE('',#5553,(#5557,#5564),.PCURVE_S1.);
#5553 = LINE('',#5554,#5555);
#5554 = CARTESIAN_POINT('',(64.,54.,-1.));
#5555 = VECTOR('',#5556,1.);
#5556 = DIRECTION('',(0.,0.707106781187,0.707106781187));
#5557 = PCURVE('',#221,#5558);
#5558 = DEFINITIONAL_REPRESENTATION('',(#5559),#5563);
#5559 = LINE('',#5560,#5561);
#5560 = CARTESIAN_POINT('',(0.,-4.));
#5561 = VECTOR('',#5562,1.);
#5562 = DIRECTION('',(0.707106781187,-0.707106781187));
#5563 = ( GEOMETRIC_REPRESENTATION_CONTEXT(2) 
PARAMETRIC_REPRESENTATION_CONTEXT() REPRESENTATION_CONTEXT('2D SPACE',''
  ) );
#5564 = PCURVE('',#374,#5565);
#5565 = DEFINITIONAL_REPRESENTATION('',(#5566),#5570);
#5566 = LINE('',#5567,#5568);
#5567 = CARTESIAN_POINT('',(0.,-2.));
#5568 = VECTOR('',#5569,1.);
#5569 = DIRECTION('',(1.,0.));
#5570 = ( GEOMETRIC_REPRESENTATION_CONTEXT(2) 
PARAMETRIC_REPRESENTATION_CONTEXT() REPRESENTATION_CONTEXT('2D SPACE',''
  ) );
#5571 = ORIENTED_EDGE('',*,*,#335,.F.);
#5572 = ORIENTED_EDGE('',*,*,#303,.F.);
#5573 = ADVANCED_FACE('',(#5574),#570,.F.);
#5574 = FACE_BOUND('',#5575,.T.);
#5575 = EDGE_LOOP('',(#5576,#5577,#5578,#5599));
#5576 = ORIENTED_EDGE('',*,*,#5232,.T.);
#5577 = ORIENTED_EDGE('',*,*,#554,.T.);
#5578 = ORIENTED_EDGE('',*,*,#5579,.T.);
#5579 = EDGE_CURVE('',#527,#5447,#5580,.T.);
#5580 = SURFACE_CURVE('',#5581,(#5585,#5592),.PCURVE_S1.);
#5581 = LINE('',#5582,#5583);
#5582 = CARTESIAN_POINT('',(-2.,64.,1.));
#5583 = VECTOR('',#5584,1.);
#5584 = DIRECTION('',(-0.,0.707106781187,-0.707106781187));
#5585 = PCURVE('',#570,#5586);
#5586 = DEFINITIONAL_REPRESENTATION('',(#5587),#5591);
#5587 = LINE('',#5588,#5589);
#5588 = CARTESIAN_POINT('',(1.155903758158,-4.));
#5589 = VECTOR('',#5590,1.);
#5590 = DIRECTION('',(-0.707106781187,-0.707106781187));
#5591 = ( GEOMETRIC_REPRESENTATION_CONTEXT(2) 
PARAMETRIC_REPRESENTATION_CONTEXT() REPRESENTATION_CONTEXT('2D SPACE',''
  ) );
#5592 = PCURVE('',#542,#5593);
#5593 = DEFINITIONAL_REPRESENTATION('',(#5594),#5598);
#5594 = LINE('',#5595,#5596);
#5595 = CARTESIAN_POINT('',(-0.,-0.));
#5596 = VECTOR('',#5597,1.);
#5597 = DIRECTION('',(-1.,0.));
#5598 = ( GEOMETRIC_REPRESENTATION_CONTEXT(2) 
PARAMETRIC_REPRESENTATION_CONTEXT() REPRESENTATION_CONTEXT('2D SPACE',''
  ) );
#5599 = ORIENTED_EDGE('',*,*,#5469,.T.);
#5600 = ADVANCED_FACE('',(#5601),#374,.F.);
#5601 = FACE_BOUND('',#5602,.F.);
#5602 = EDGE_LOOP('',(#5603,#5604,#5605,#5606));
#5603 = ORIENTED_EDGE('',*,*,#5303,.T.);
#5604 = ORIENTED_EDGE('',*,*,#5551,.T.);
#5605 = ORIENTED_EDGE('',*,*,#358,.F.);
#5606 = ORIENTED_EDGE('',*,*,#5607,.F.);
#5607 = EDGE_CURVE('',#5304,#359,#5608,.T.);
#5608 = SURFACE_CURVE('',#5609,(#5613,#5620),.PCURVE_S1.);
#5609 = LINE('',#5610,#5611);
#5610 = CARTESIAN_POINT('',(66.,54.,-1.));
#5611 = VECTOR('',#5612,1.);
#5612 = DIRECTION('',(0.,0.707106781187,0.707106781187));
#5613 = PCURVE('',#374,#5614);
#5614 = DEFINITIONAL_REPRESENTATION('',(#5615),#5619);
#5615 = LINE('',#5616,#5617);
#5616 = CARTESIAN_POINT('',(0.,0.));
#5617 = VECTOR('',#5618,1.);
#5618 = DIRECTION('',(1.,0.));
#5619 = ( GEOMETRIC_REPRESENTATION_CONTEXT(2) 
PARAMETRIC_REPRESENTATION_CONTEXT() REPRESENTATION_CONTEXT('2D SPACE',''
  ) );
#5620 = PCURVE('',#402,#5621);
#5621 = DEFINITIONAL_REPRESENTATION('',(#5622),#5626);
#5622 = LINE('',#5623,#5624);
#5623 = CARTESIAN_POINT('',(0.844096241842,6.));
#5624 = VECTOR('',#5625,1.);
#5625 = DIRECTION('',(-0.707106781187,-0.707106781187));
#5626 = ( GEOMETRIC_REPRESENTATION_CONTEXT(2) 
PARAMETRIC_REPRESENTATION_CONTEXT() REPRESENTATION_CONTEXT('2D SPACE',''
  ) );
#5627 = ADVANCED_FACE('',(#5628),#542,.F.);
#5628 = FACE_BOUND('',#5629,.T.);
#5629 = EDGE_LOOP('',(#5630,#5631,#5652,#5653));
#5630 = ORIENTED_EDGE('',*,*,#526,.T.);
#5631 = ORIENTED_EDGE('',*,*,#5632,.T.);
#5632 = EDGE_CURVE('',#499,#5424,#5633,.T.);
#5633 = SURFACE_CURVE('',#5634,(#5638,#5645),.PCURVE_S1.);
#5634 = LINE('',#5635,#5636);
#5635 = CARTESIAN_POINT('',(0.,64.,1.));
#5636 = VECTOR('',#5637,1.);
#5637 = DIRECTION('',(-0.,0.707106781187,-0.707106781187));
#5638 = PCURVE('',#542,#5639);
#5639 = DEFINITIONAL_REPRESENTATION('',(#5640),#5644);
#5640 = LINE('',#5641,#5642);
#5641 = CARTESIAN_POINT('',(-0.,-2.));
#5642 = VECTOR('',#5643,1.);
#5643 = DIRECTION('',(-1.,0.));
#5644 = ( GEOMETRIC_REPRESENTATION_CONTEXT(2) 
PARAMETRIC_REPRESENTATION_CONTEXT() REPRESENTATION_CONTEXT('2D SPACE',''
  ) );
#5645 = PCURVE('',#514,#5646);
#5646 = DEFINITIONAL_REPRESENTATION('',(#5647),#5651);
#5647 = LINE('',#5648,#5649);
#5648 = CARTESIAN_POINT('',(2.,-14.));
#5649 = VECTOR('',#5650,1.);
#5650 = DIRECTION('',(-0.707106781187,-0.707106781187));
#5651 = ( GEOMETRIC_REPRESENTATION_CONTEXT(2) 
PARAMETRIC_REPRESENTATION_CONTEXT() REPRESENTATION_CONTEXT('2D SPACE',''
  ) );
#5652 = ORIENTED_EDGE('',*,*,#5446,.F.);
#5653 = ORIENTED_EDGE('',*,*,#5579,.F.);
#5654 = ADVANCED_FACE('',(#5655),#402,.F.);
#5655 = FACE_BOUND('',#5656,.F.);
#5656 = EDGE_LOOP('',(#5657,#5658,#5659,#5680));
#5657 = ORIENTED_EDGE('',*,*,#5607,.T.);
#5658 = ORIENTED_EDGE('',*,*,#386,.T.);
#5659 = ORIENTED_EDGE('',*,*,#5660,.T.);
#5660 = EDGE_CURVE('',#387,#5327,#5661,.T.);
#5661 = SURFACE_CURVE('',#5662,(#5666,#5673),.PCURVE_S1.);
#5662 = LINE('',#5663,#5664);
#5663 = CARTESIAN_POINT('',(66.,64.,1.));
#5664 = VECTOR('',#5665,1.);
#5665 = DIRECTION('',(0.,0.707106781187,-0.707106781187));
#5666 = PCURVE('',#402,#5667);
#5667 = DEFINITIONAL_REPRESENTATION('',(#5668),#5672);
#5668 = LINE('',#5669,#5670);
#5669 = CARTESIAN_POINT('',(-1.155903758158,-4.));
#5670 = VECTOR('',#5671,1.);
#5671 = DIRECTION('',(0.707106781187,-0.707106781187));
#5672 = ( GEOMETRIC_REPRESENTATION_CONTEXT(2) 
PARAMETRIC_REPRESENTATION_CONTEXT() REPRESENTATION_CONTEXT('2D SPACE',''
  ) );
#5673 = PCURVE('',#430,#5674);
#5674 = DEFINITIONAL_REPRESENTATION('',(#5675),#5679);
#5675 = LINE('',#5676,#5677);
#5676 = CARTESIAN_POINT('',(0.,0.));
#5677 = VECTOR('',#5678,1.);
#5678 = DIRECTION('',(1.,0.));
#5679 = ( GEOMETRIC_REPRESENTATION_CONTEXT(2) 
PARAMETRIC_REPRESENTATION_CONTEXT() REPRESENTATION_CONTEXT('2D SPACE',''
  ) );
#5680 = ORIENTED_EDGE('',*,*,#5326,.T.);
#5681 = ADVANCED_FACE('',(#5682),#514,.F.);
#5682 = FACE_BOUND('',#5683,.F.);
#5683 = EDGE_LOOP('',(#5684,#5685,#5686,#5714,#5742,#5764));
#5684 = ORIENTED_EDGE('',*,*,#5632,.T.);
#5685 = ORIENTED_EDGE('',*,*,#5423,.T.);
#5686 = ORIENTED_EDGE('',*,*,#5687,.F.);
#5687 = EDGE_CURVE('',#5688,#5396,#5690,.T.);
#5688 = VERTEX_POINT('',#5689);
#5689 = CARTESIAN_POINT('',(0.,70.,-0.1));
#5690 = SURFACE_CURVE('',#5691,(#5696,#5707),.PCURVE_S1.);
#5691 = CIRCLE('',#5692,0.9);
#5692 = AXIS2_PLACEMENT_3D('',#5693,#5694,#5695);
#5693 = CARTESIAN_POINT('',(0.,69.1,-0.1));
#5694 = DIRECTION('',(-1.,0.,-0.));
#5695 = DIRECTION('',(-0.,0.,1.));
#5696 = PCURVE('',#514,#5697);
#5697 = DEFINITIONAL_REPRESENTATION('',(#5698),#5706);
#5698 = ( BOUNDED_CURVE() B_SPLINE_CURVE(2,(#5699,#5700,#5701,#5702,
#5703,#5704,#5705),.UNSPECIFIED.,.T.,.F.) B_SPLINE_CURVE_WITH_KNOTS((1,2
    ,2,2,2,1),(-2.094395102393,0.,2.094395102393,4.188790204786,
6.28318530718,8.377580409573),.UNSPECIFIED.) CURVE() 
GEOMETRIC_REPRESENTATION_ITEM() RATIONAL_B_SPLINE_CURVE((1.,0.5,1.,0.5,
1.,0.5,1.)) REPRESENTATION_ITEM('') );
#5699 = CARTESIAN_POINT('',(1.8,-19.1));
#5700 = CARTESIAN_POINT('',(1.8,-20.65884572681));
#5701 = CARTESIAN_POINT('',(0.45,-19.8794228634));
#5702 = CARTESIAN_POINT('',(-0.9,-19.1));
#5703 = CARTESIAN_POINT('',(0.45,-18.32057713659));
#5704 = CARTESIAN_POINT('',(1.8,-17.54115427318));
#5705 = CARTESIAN_POINT('',(1.8,-19.1));
#5706 = ( GEOMETRIC_REPRESENTATION_CONTEXT(2) 
PARAMETRIC_REPRESENTATION_CONTEXT() REPRESENTATION_CONTEXT('2D SPACE',''
  ) );
#5707 = PCURVE('',#5411,#5708);
#5708 = DEFINITIONAL_REPRESENTATION('',(#5709),#5713);
#5709 = LINE('',#5710,#5711);
#5710 = CARTESIAN_POINT('',(1.570796326795,-0.));
#5711 = VECTOR('',#5712,1.);
#5712 = DIRECTION('',(-1.,0.));
#5713 = ( GEOMETRIC_REPRESENTATION_CONTEXT(2) 
PARAMETRIC_REPRESENTATION_CONTEXT() REPRESENTATION_CONTEXT('2D SPACE',''
  ) );
#5714 = ORIENTED_EDGE('',*,*,#5715,.T.);
#5715 = EDGE_CURVE('',#5688,#5716,#5718,.T.);
#5716 = VERTEX_POINT('',#5717);
#5717 = CARTESIAN_POINT('',(0.,70.,0.1));
#5718 = SURFACE_CURVE('',#5719,(#5723,#5730),.PCURVE_S1.);
#5719 = LINE('',#5720,#5721);
#5720 = CARTESIAN_POINT('',(0.,70.,-1.));
#5721 = VECTOR('',#5722,1.);
#5722 = DIRECTION('',(0.,0.,1.));
#5723 = PCURVE('',#514,#5724);
#5724 = DEFINITIONAL_REPRESENTATION('',(#5725),#5729);
#5725 = LINE('',#5726,#5727);
#5726 = CARTESIAN_POINT('',(0.,-20.));
#5727 = VECTOR('',#5728,1.);
#5728 = DIRECTION('',(1.,0.));
#5729 = ( GEOMETRIC_REPRESENTATION_CONTEXT(2) 
PARAMETRIC_REPRESENTATION_CONTEXT() REPRESENTATION_CONTEXT('2D SPACE',''
  ) );
#5730 = PCURVE('',#5731,#5736);
#5731 = PLANE('',#5732);
#5732 = AXIS2_PLACEMENT_3D('',#5733,#5734,#5735);
#5733 = CARTESIAN_POINT('',(0.,70.,-1.));
#5734 = DIRECTION('',(0.,1.,0.));
#5735 = DIRECTION('',(0.,0.,1.));
#5736 = DEFINITIONAL_REPRESENTATION('',(#5737),#5741);
#5737 = LINE('',#5738,#5739);
#5738 = CARTESIAN_POINT('',(0.,0.));
#5739 = VECTOR('',#5740,1.);
#5740 = DIRECTION('',(1.,0.));
#5741 = ( GEOMETRIC_REPRESENTATION_CONTEXT(2) 
PARAMETRIC_REPRESENTATION_CONTEXT() REPRESENTATION_CONTEXT('2D SPACE',''
  ) );
#5742 = ORIENTED_EDGE('',*,*,#5743,.T.);
#5743 = EDGE_CURVE('',#5716,#471,#5744,.T.);
#5744 = SURFACE_CURVE('',#5745,(#5750,#5757),.PCURVE_S1.);
#5745 = CIRCLE('',#5746,0.9);
#5746 = AXIS2_PLACEMENT_3D('',#5747,#5748,#5749);
#5747 = CARTESIAN_POINT('',(0.,69.1,0.1));
#5748 = DIRECTION('',(1.,0.,0.));
#5749 = DIRECTION('',(-0.,0.,1.));
#5750 = PCURVE('',#514,#5751);
#5751 = DEFINITIONAL_REPRESENTATION('',(#5752),#5756);
#5752 = CIRCLE('',#5753,0.9);
#5753 = AXIS2_PLACEMENT_2D('',#5754,#5755);
#5754 = CARTESIAN_POINT('',(1.1,-19.1));
#5755 = DIRECTION('',(1.,0.));
#5756 = ( GEOMETRIC_REPRESENTATION_CONTEXT(2) 
PARAMETRIC_REPRESENTATION_CONTEXT() REPRESENTATION_CONTEXT('2D SPACE',''
  ) );
#5757 = PCURVE('',#486,#5758);
#5758 = DEFINITIONAL_REPRESENTATION('',(#5759),#5763);
#5759 = LINE('',#5760,#5761);
#5760 = CARTESIAN_POINT('',(-4.712388980385,0.));
#5761 = VECTOR('',#5762,1.);
#5762 = DIRECTION('',(1.,0.));
#5763 = ( GEOMETRIC_REPRESENTATION_CONTEXT(2) 
PARAMETRIC_REPRESENTATION_CONTEXT() REPRESENTATION_CONTEXT('2D SPACE',''
  ) );
#5764 = ORIENTED_EDGE('',*,*,#498,.F.);
#5765 = ADVANCED_FACE('',(#5766),#430,.F.);
#5766 = FACE_BOUND('',#5767,.F.);
#5767 = EDGE_LOOP('',(#5768,#5769,#5790,#5791));
#5768 = ORIENTED_EDGE('',*,*,#414,.T.);
#5769 = ORIENTED_EDGE('',*,*,#5770,.T.);
#5770 = EDGE_CURVE('',#415,#5350,#5771,.T.);
#5771 = SURFACE_CURVE('',#5772,(#5776,#5783),.PCURVE_S1.);
#5772 = LINE('',#5773,#5774);
#5773 = CARTESIAN_POINT('',(64.,64.,1.));
#5774 = VECTOR('',#5775,1.);
#5775 = DIRECTION('',(0.,0.707106781187,-0.707106781187));
#5776 = PCURVE('',#430,#5777);
#5777 = DEFINITIONAL_REPRESENTATION('',(#5778),#5782);
#5778 = LINE('',#5779,#5780);
#5779 = CARTESIAN_POINT('',(0.,-2.));
#5780 = VECTOR('',#5781,1.);
#5781 = DIRECTION('',(1.,0.));
#5782 = ( GEOMETRIC_REPRESENTATION_CONTEXT(2) 
PARAMETRIC_REPRESENTATION_CONTEXT() REPRESENTATION_CONTEXT('2D SPACE',''
  ) );
#5783 = PCURVE('',#458,#5784);
#5784 = DEFINITIONAL_REPRESENTATION('',(#5785),#5789);
#5785 = LINE('',#5786,#5787);
#5786 = CARTESIAN_POINT('',(2.,-14.));
#5787 = VECTOR('',#5788,1.);
#5788 = DIRECTION('',(-0.707106781187,-0.707106781187));
#5789 = ( GEOMETRIC_REPRESENTATION_CONTEXT(2) 
PARAMETRIC_REPRESENTATION_CONTEXT() REPRESENTATION_CONTEXT('2D SPACE',''
  ) );
#5790 = ORIENTED_EDGE('',*,*,#5349,.F.);
#5791 = ORIENTED_EDGE('',*,*,#5660,.F.);
#5792 = ADVANCED_FACE('',(#5793),#486,.T.);
#5793 = FACE_BOUND('',#5794,.T.);
#5794 = EDGE_LOOP('',(#5795,#5796,#5797,#5821));
#5795 = ORIENTED_EDGE('',*,*,#5743,.T.);
#5796 = ORIENTED_EDGE('',*,*,#470,.T.);
#5797 = ORIENTED_EDGE('',*,*,#5798,.F.);
#5798 = EDGE_CURVE('',#5799,#443,#5801,.T.);
#5799 = VERTEX_POINT('',#5800);
#5800 = CARTESIAN_POINT('',(64.,70.,0.1));
#5801 = SURFACE_CURVE('',#5802,(#5807,#5814),.PCURVE_S1.);
#5802 = CIRCLE('',#5803,0.9);
#5803 = AXIS2_PLACEMENT_3D('',#5804,#5805,#5806);
#5804 = CARTESIAN_POINT('',(64.,69.1,0.1));
#5805 = DIRECTION('',(1.,0.,0.));
#5806 = DIRECTION('',(-0.,0.,1.));
#5807 = PCURVE('',#486,#5808);
#5808 = DEFINITIONAL_REPRESENTATION('',(#5809),#5813);
#5809 = LINE('',#5810,#5811);
#5810 = CARTESIAN_POINT('',(-4.712388980385,64.));
#5811 = VECTOR('',#5812,1.);
#5812 = DIRECTION('',(1.,0.));
#5813 = ( GEOMETRIC_REPRESENTATION_CONTEXT(2) 
PARAMETRIC_REPRESENTATION_CONTEXT() REPRESENTATION_CONTEXT('2D SPACE',''
  ) );
#5814 = PCURVE('',#458,#5815);
#5815 = DEFINITIONAL_REPRESENTATION('',(#5816),#5820);
#5816 = CIRCLE('',#5817,0.9);
#5817 = AXIS2_PLACEMENT_2D('',#5818,#5819);
#5818 = CARTESIAN_POINT('',(1.1,-19.1));
#5819 = DIRECTION('',(1.,0.));
#5820 = ( GEOMETRIC_REPRESENTATION_CONTEXT(2) 
PARAMETRIC_REPRESENTATION_CONTEXT() REPRESENTATION_CONTEXT('2D SPACE',''
  ) );
#5821 = ORIENTED_EDGE('',*,*,#5822,.F.);
#5822 = EDGE_CURVE('',#5716,#5799,#5823,.T.);
#5823 = SURFACE_CURVE('',#5824,(#5828,#5835),.PCURVE_S1.);
#5824 = LINE('',#5825,#5826);
#5825 = CARTESIAN_POINT('',(0.,70.,0.1));
#5826 = VECTOR('',#5827,1.);
#5827 = DIRECTION('',(1.,0.,0.));
#5828 = PCURVE('',#486,#5829);
#5829 = DEFINITIONAL_REPRESENTATION('',(#5830),#5834);
#5830 = LINE('',#5831,#5832);
#5831 = CARTESIAN_POINT('',(0.,0.));
#5832 = VECTOR('',#5833,1.);
#5833 = DIRECTION('',(0.,1.));
#5834 = ( GEOMETRIC_REPRESENTATION_CONTEXT(2) 
PARAMETRIC_REPRESENTATION_CONTEXT() REPRESENTATION_CONTEXT('2D SPACE',''
  ) );
#5835 = PCURVE('',#5731,#5836);
#5836 = DEFINITIONAL_REPRESENTATION('',(#5837),#5841);
#5837 = LINE('',#5838,#5839);
#5838 = CARTESIAN_POINT('',(1.1,0.));
#5839 = VECTOR('',#5840,1.);
#5840 = DIRECTION('',(0.,1.));
#5841 = ( GEOMETRIC_REPRESENTATION_CONTEXT(2) 
PARAMETRIC_REPRESENTATION_CONTEXT() REPRESENTATION_CONTEXT('2D SPACE',''
  ) );
#5842 = ADVANCED_FACE('',(#5843),#458,.T.);
#5843 = FACE_BOUND('',#5844,.T.);
#5844 = EDGE_LOOP('',(#5845,#5846,#5847,#5875,#5896,#5897));
#5845 = ORIENTED_EDGE('',*,*,#5770,.T.);
#5846 = ORIENTED_EDGE('',*,*,#5372,.T.);
#5847 = ORIENTED_EDGE('',*,*,#5848,.F.);
#5848 = EDGE_CURVE('',#5849,#5373,#5851,.T.);
#5849 = VERTEX_POINT('',#5850);
#5850 = CARTESIAN_POINT('',(64.,70.,-0.1));
#5851 = SURFACE_CURVE('',#5852,(#5857,#5868),.PCURVE_S1.);
#5852 = CIRCLE('',#5853,0.9);
#5853 = AXIS2_PLACEMENT_3D('',#5854,#5855,#5856);
#5854 = CARTESIAN_POINT('',(64.,69.1,-0.1));
#5855 = DIRECTION('',(-1.,0.,-0.));
#5856 = DIRECTION('',(-0.,0.,1.));
#5857 = PCURVE('',#458,#5858);
#5858 = DEFINITIONAL_REPRESENTATION('',(#5859),#5867);
#5859 = ( BOUNDED_CURVE() B_SPLINE_CURVE(2,(#5860,#5861,#5862,#5863,
#5864,#5865,#5866),.UNSPECIFIED.,.T.,.F.) B_SPLINE_CURVE_WITH_KNOTS((1,2
    ,2,2,2,1),(-2.094395102393,0.,2.094395102393,4.188790204786,
6.28318530718,8.377580409573),.UNSPECIFIED.) CURVE() 
GEOMETRIC_REPRESENTATION_ITEM() RATIONAL_B_SPLINE_CURVE((1.,0.5,1.,0.5,
1.,0.5,1.)) REPRESENTATION_ITEM('') );
#5860 = CARTESIAN_POINT('',(1.8,-19.1));
#5861 = CARTESIAN_POINT('',(1.8,-20.65884572681));
#5862 = CARTESIAN_POINT('',(0.45,-19.8794228634));
#5863 = CARTESIAN_POINT('',(-0.9,-19.1));
#5864 = CARTESIAN_POINT('',(0.45,-18.32057713659));
#5865 = CARTESIAN_POINT('',(1.8,-17.54115427318));
#5866 = CARTESIAN_POINT('',(1.8,-19.1));
#5867 = ( GEOMETRIC_REPRESENTATION_CONTEXT(2) 
PARAMETRIC_REPRESENTATION_CONTEXT() REPRESENTATION_CONTEXT('2D SPACE',''
  ) );
#5868 = PCURVE('',#5411,#5869);
#5869 = DEFINITIONAL_REPRESENTATION('',(#5870),#5874);
#5870 = LINE('',#5871,#5872);
#5871 = CARTESIAN_POINT('',(1.570796326795,64.));
#5872 = VECTOR('',#5873,1.);
#5873 = DIRECTION('',(-1.,0.));
#5874 = ( GEOMETRIC_REPRESENTATION_CONTEXT(2) 
PARAMETRIC_REPRESENTATION_CONTEXT() REPRESENTATION_CONTEXT('2D SPACE',''
  ) );
#5875 = ORIENTED_EDGE('',*,*,#5876,.T.);
#5876 = EDGE_CURVE('',#5849,#5799,#5877,.T.);
#5877 = SURFACE_CURVE('',#5878,(#5882,#5889),.PCURVE_S1.);
#5878 = LINE('',#5879,#5880);
#5879 = CARTESIAN_POINT('',(64.,70.,-1.));
#5880 = VECTOR('',#5881,1.);
#5881 = DIRECTION('',(0.,0.,1.));
#5882 = PCURVE('',#458,#5883);
#5883 = DEFINITIONAL_REPRESENTATION('',(#5884),#5888);
#5884 = LINE('',#5885,#5886);
#5885 = CARTESIAN_POINT('',(0.,-20.));
#5886 = VECTOR('',#5887,1.);
#5887 = DIRECTION('',(1.,0.));
#5888 = ( GEOMETRIC_REPRESENTATION_CONTEXT(2) 
PARAMETRIC_REPRESENTATION_CONTEXT() REPRESENTATION_CONTEXT('2D SPACE',''
  ) );
#5889 = PCURVE('',#5731,#5890);
#5890 = DEFINITIONAL_REPRESENTATION('',(#5891),#5895);
#5891 = LINE('',#5892,#5893);
#5892 = CARTESIAN_POINT('',(0.,64.));
#5893 = VECTOR('',#5894,1.);
#5894 = DIRECTION('',(1.,0.));
#5895 = ( GEOMETRIC_REPRESENTATION_CONTEXT(2) 
PARAMETRIC_REPRESENTATION_CONTEXT() REPRESENTATION_CONTEXT('2D SPACE',''
  ) );
#5896 = ORIENTED_EDGE('',*,*,#5798,.T.);
#5897 = ORIENTED_EDGE('',*,*,#442,.F.);
#5898 = ADVANCED_FACE('',(#5899),#623,.T.);
#5899 = FACE_BOUND('',#5900,.T.);
#5900 = EDGE_LOOP('',(#5901,#5924,#5952,#5973));
#5901 = ORIENTED_EDGE('',*,*,#5902,.T.);
#5902 = EDGE_CURVE('',#606,#5903,#5905,.T.);
#5903 = VERTEX_POINT('',#5904);
#5904 = CARTESIAN_POINT('',(2.93599609375,57.1380078125,1.4));
#5905 = SURFACE_CURVE('',#5906,(#5910,#5917),.PCURVE_S1.);
#5906 = LINE('',#5907,#5908);
#5907 = CARTESIAN_POINT('',(2.93599609375,57.1380078125,1.));
#5908 = VECTOR('',#5909,1.);
#5909 = DIRECTION('',(0.,0.,1.));
#5910 = PCURVE('',#623,#5911);
#5911 = DEFINITIONAL_REPRESENTATION('',(#5912),#5916);
#5912 = LINE('',#5913,#5914);
#5913 = CARTESIAN_POINT('',(0.,0.));
#5914 = VECTOR('',#5915,1.);
#5915 = DIRECTION('',(0.,-1.));
#5916 = ( GEOMETRIC_REPRESENTATION_CONTEXT(2) 
PARAMETRIC_REPRESENTATION_CONTEXT() REPRESENTATION_CONTEXT('2D SPACE',''
  ) );
#5917 = PCURVE('',#1359,#5918);
#5918 = DEFINITIONAL_REPRESENTATION('',(#5919),#5923);
#5919 = LINE('',#5920,#5921);
#5920 = CARTESIAN_POINT('',(0.486015625,0.));
#5921 = VECTOR('',#5922,1.);
#5922 = DIRECTION('',(0.,-1.));
#5923 = ( GEOMETRIC_REPRESENTATION_CONTEXT(2) 
PARAMETRIC_REPRESENTATION_CONTEXT() REPRESENTATION_CONTEXT('2D SPACE',''
  ) );
#5924 = ORIENTED_EDGE('',*,*,#5925,.T.);
#5925 = EDGE_CURVE('',#5903,#5926,#5928,.T.);
#5926 = VERTEX_POINT('',#5927);
#5927 = CARTESIAN_POINT('',(3.25400390625,59.45400390625,1.4));
#5928 = SURFACE_CURVE('',#5929,(#5933,#5940),.PCURVE_S1.);
#5929 = LINE('',#5930,#5931);
#5930 = CARTESIAN_POINT('',(2.93599609375,57.1380078125,1.4));
#5931 = VECTOR('',#5932,1.);
#5932 = DIRECTION('',(0.136032920634,0.990704317394,0.));
#5933 = PCURVE('',#623,#5934);
#5934 = DEFINITIONAL_REPRESENTATION('',(#5935),#5939);
#5935 = LINE('',#5936,#5937);
#5936 = CARTESIAN_POINT('',(7.160199064583E-15,-0.4));
#5937 = VECTOR('',#5938,1.);
#5938 = DIRECTION('',(1.,0.));
#5939 = ( GEOMETRIC_REPRESENTATION_CONTEXT(2) 
PARAMETRIC_REPRESENTATION_CONTEXT() REPRESENTATION_CONTEXT('2D SPACE',''
  ) );
#5940 = PCURVE('',#5941,#5946);
#5941 = PLANE('',#5942);
#5942 = AXIS2_PLACEMENT_3D('',#5943,#5944,#5945);
#5943 = CARTESIAN_POINT('',(2.59400390625,55.2,1.4));
#5944 = DIRECTION('',(0.,0.,1.));
#5945 = DIRECTION('',(1.,0.,0.));
#5946 = DEFINITIONAL_REPRESENTATION('',(#5947),#5951);
#5947 = LINE('',#5948,#5949);
#5948 = CARTESIAN_POINT('',(0.3419921875,1.9380078125));
#5949 = VECTOR('',#5950,1.);
#5950 = DIRECTION('',(0.136032920634,0.990704317394));
#5951 = ( GEOMETRIC_REPRESENTATION_CONTEXT(2) 
PARAMETRIC_REPRESENTATION_CONTEXT() REPRESENTATION_CONTEXT('2D SPACE',''
  ) );
#5952 = ORIENTED_EDGE('',*,*,#5953,.F.);
#5953 = EDGE_CURVE('',#608,#5926,#5954,.T.);
#5954 = SURFACE_CURVE('',#5955,(#5959,#5966),.PCURVE_S1.);
#5955 = LINE('',#5956,#5957);
#5956 = CARTESIAN_POINT('',(3.25400390625,59.45400390625,1.));
#5957 = VECTOR('',#5958,1.);
#5958 = DIRECTION('',(0.,0.,1.));
#5959 = PCURVE('',#623,#5960);
#5960 = DEFINITIONAL_REPRESENTATION('',(#5961),#5965);
#5961 = LINE('',#5962,#5963);
#5962 = CARTESIAN_POINT('',(2.337726860665,0.));
#5963 = VECTOR('',#5964,1.);
#5964 = DIRECTION('',(0.,-1.));
#5965 = ( GEOMETRIC_REPRESENTATION_CONTEXT(2) 
PARAMETRIC_REPRESENTATION_CONTEXT() REPRESENTATION_CONTEXT('2D SPACE',''
  ) );
#5966 = PCURVE('',#651,#5967);
#5967 = DEFINITIONAL_REPRESENTATION('',(#5968),#5972);
#5968 = LINE('',#5969,#5970);
#5969 = CARTESIAN_POINT('',(0.,0.));
#5970 = VECTOR('',#5971,1.);
#5971 = DIRECTION('',(0.,-1.));
#5972 = ( GEOMETRIC_REPRESENTATION_CONTEXT(2) 
PARAMETRIC_REPRESENTATION_CONTEXT() REPRESENTATION_CONTEXT('2D SPACE',''
  ) );
#5973 = ORIENTED_EDGE('',*,*,#605,.F.);
#5974 = ADVANCED_FACE('',(#5975),#1359,.T.);
#5975 = FACE_BOUND('',#5976,.T.);
#5976 = EDGE_LOOP('',(#5977,#6000,#6021,#6022));
#5977 = ORIENTED_EDGE('',*,*,#5978,.T.);
#5978 = EDGE_CURVE('',#1316,#5979,#5981,.T.);
#5979 = VERTEX_POINT('',#5980);
#5980 = CARTESIAN_POINT('',(3.42201171875,57.1380078125,1.4));
#5981 = SURFACE_CURVE('',#5982,(#5986,#5993),.PCURVE_S1.);
#5982 = LINE('',#5983,#5984);
#5983 = CARTESIAN_POINT('',(3.42201171875,57.1380078125,1.));
#5984 = VECTOR('',#5985,1.);
#5985 = DIRECTION('',(0.,0.,1.));
#5986 = PCURVE('',#1359,#5987);
#5987 = DEFINITIONAL_REPRESENTATION('',(#5988),#5992);
#5988 = LINE('',#5989,#5990);
#5989 = CARTESIAN_POINT('',(0.,-0.));
#5990 = VECTOR('',#5991,1.);
#5991 = DIRECTION('',(0.,-1.));
#5992 = ( GEOMETRIC_REPRESENTATION_CONTEXT(2) 
PARAMETRIC_REPRESENTATION_CONTEXT() REPRESENTATION_CONTEXT('2D SPACE',''
  ) );
#5993 = PCURVE('',#1331,#5994);
#5994 = DEFINITIONAL_REPRESENTATION('',(#5995),#5999);
#5995 = LINE('',#5996,#5997);
#5996 = CARTESIAN_POINT('',(1.,0.));
#5997 = VECTOR('',#5998,1.);
#5998 = DIRECTION('',(0.,-1.));
#5999 = ( GEOMETRIC_REPRESENTATION_CONTEXT(2) 
PARAMETRIC_REPRESENTATION_CONTEXT() REPRESENTATION_CONTEXT('2D SPACE',''
  ) );
#6000 = ORIENTED_EDGE('',*,*,#6001,.T.);
#6001 = EDGE_CURVE('',#5979,#5903,#6002,.T.);
#6002 = SURFACE_CURVE('',#6003,(#6007,#6014),.PCURVE_S1.);
#6003 = LINE('',#6004,#6005);
#6004 = CARTESIAN_POINT('',(3.42201171875,57.1380078125,1.4));
#6005 = VECTOR('',#6006,1.);
#6006 = DIRECTION('',(-1.,0.,0.));
#6007 = PCURVE('',#1359,#6008);
#6008 = DEFINITIONAL_REPRESENTATION('',(#6009),#6013);
#6009 = LINE('',#6010,#6011);
#6010 = CARTESIAN_POINT('',(1.7763568394E-15,-0.4));
#6011 = VECTOR('',#6012,1.);
#6012 = DIRECTION('',(1.,0.));
#6013 = ( GEOMETRIC_REPRESENTATION_CONTEXT(2) 
PARAMETRIC_REPRESENTATION_CONTEXT() REPRESENTATION_CONTEXT('2D SPACE',''
  ) );
#6014 = PCURVE('',#5941,#6015);
#6015 = DEFINITIONAL_REPRESENTATION('',(#6016),#6020);
#6016 = LINE('',#6017,#6018);
#6017 = CARTESIAN_POINT('',(0.8280078125,1.9380078125));
#6018 = VECTOR('',#6019,1.);
#6019 = DIRECTION('',(-1.,0.));
#6020 = ( GEOMETRIC_REPRESENTATION_CONTEXT(2) 
PARAMETRIC_REPRESENTATION_CONTEXT() REPRESENTATION_CONTEXT('2D SPACE',''
  ) );
#6021 = ORIENTED_EDGE('',*,*,#5902,.F.);
#6022 = ORIENTED_EDGE('',*,*,#1345,.F.);
#6023 = ADVANCED_FACE('',(#6024),#1331,.T.);
#6024 = FACE_BOUND('',#6025,.T.);
#6025 = EDGE_LOOP('',(#6026,#6049,#6070,#6071));
#6026 = ORIENTED_EDGE('',*,*,#6027,.T.);
#6027 = EDGE_CURVE('',#1286,#6028,#6030,.T.);
#6028 = VERTEX_POINT('',#6029);
#6029 = CARTESIAN_POINT('',(3.782001953125,57.447001953125,1.4));
#6030 = SURFACE_CURVE('',#6031,(#6035,#6042),.PCURVE_S1.);
#6031 = LINE('',#6032,#6033);
#6032 = CARTESIAN_POINT('',(3.782001953125,57.447001953125,1.));
#6033 = VECTOR('',#6034,1.);
#6034 = DIRECTION('',(0.,0.,1.));
#6035 = PCURVE('',#1331,#6036);
#6036 = DEFINITIONAL_REPRESENTATION('',(#6037),#6041);
#6037 = LINE('',#6038,#6039);
#6038 = CARTESIAN_POINT('',(0.,0.));
#6039 = VECTOR('',#6040,1.);
#6040 = DIRECTION('',(0.,-1.));
#6041 = ( GEOMETRIC_REPRESENTATION_CONTEXT(2) 
PARAMETRIC_REPRESENTATION_CONTEXT() REPRESENTATION_CONTEXT('2D SPACE',''
  ) );
#6042 = PCURVE('',#1301,#6043);
#6043 = DEFINITIONAL_REPRESENTATION('',(#6044),#6048);
#6044 = LINE('',#6045,#6046);
#6045 = CARTESIAN_POINT('',(1.,0.));
#6046 = VECTOR('',#6047,1.);
#6047 = DIRECTION('',(0.,-1.));
#6048 = ( GEOMETRIC_REPRESENTATION_CONTEXT(2) 
PARAMETRIC_REPRESENTATION_CONTEXT() REPRESENTATION_CONTEXT('2D SPACE',''
  ) );
#6049 = ORIENTED_EDGE('',*,*,#6050,.T.);
#6050 = EDGE_CURVE('',#6028,#5979,#6051,.T.);
#6051 = SURFACE_CURVE('',#6052,(#6056,#6063),.PCURVE_S1.);
#6052 = B_SPLINE_CURVE_WITH_KNOTS('',2,(#6053,#6054,#6055),
  .UNSPECIFIED.,.F.,.F.,(3,3),(0.,1.),.PIECEWISE_BEZIER_KNOTS.);
#6053 = CARTESIAN_POINT('',(3.782001953125,57.447001953125,1.4));
#6054 = CARTESIAN_POINT('',(3.6080078125,57.36,1.4));
#6055 = CARTESIAN_POINT('',(3.42201171875,57.1380078125,1.4));
#6056 = PCURVE('',#1331,#6057);
#6057 = DEFINITIONAL_REPRESENTATION('',(#6058),#6062);
#6058 = LINE('',#6059,#6060);
#6059 = CARTESIAN_POINT('',(0.,-0.4));
#6060 = VECTOR('',#6061,1.);
#6061 = DIRECTION('',(1.,0.));
#6062 = ( GEOMETRIC_REPRESENTATION_CONTEXT(2) 
PARAMETRIC_REPRESENTATION_CONTEXT() REPRESENTATION_CONTEXT('2D SPACE',''
  ) );
#6063 = PCURVE('',#5941,#6064);
#6064 = DEFINITIONAL_REPRESENTATION('',(#6065),#6069);
#6065 = B_SPLINE_CURVE_WITH_KNOTS('',2,(#6066,#6067,#6068),
  .UNSPECIFIED.,.F.,.F.,(3,3),(0.,1.),.PIECEWISE_BEZIER_KNOTS.);
#6066 = CARTESIAN_POINT('',(1.187998046875,2.247001953125));
#6067 = CARTESIAN_POINT('',(1.01400390625,2.16));
#6068 = CARTESIAN_POINT('',(0.8280078125,1.9380078125));
#6069 = ( GEOMETRIC_REPRESENTATION_CONTEXT(2) 
PARAMETRIC_REPRESENTATION_CONTEXT() REPRESENTATION_CONTEXT('2D SPACE',''
  ) );
#6070 = ORIENTED_EDGE('',*,*,#5978,.F.);
#6071 = ORIENTED_EDGE('',*,*,#1315,.F.);
#6072 = ADVANCED_FACE('',(#6073),#1301,.T.);
#6073 = FACE_BOUND('',#6074,.T.);
#6074 = EDGE_LOOP('',(#6075,#6098,#6119,#6120));
#6075 = ORIENTED_EDGE('',*,*,#6076,.T.);
#6076 = EDGE_CURVE('',#1256,#6077,#6079,.T.);
#6077 = VERTEX_POINT('',#6078);
#6078 = CARTESIAN_POINT('',(4.20201171875,57.53400390625,1.4));
#6079 = SURFACE_CURVE('',#6080,(#6084,#6091),.PCURVE_S1.);
#6080 = LINE('',#6081,#6082);
#6081 = CARTESIAN_POINT('',(4.20201171875,57.53400390625,1.));
#6082 = VECTOR('',#6083,1.);
#6083 = DIRECTION('',(0.,0.,1.));
#6084 = PCURVE('',#1301,#6085);
#6085 = DEFINITIONAL_REPRESENTATION('',(#6086),#6090);
#6086 = LINE('',#6087,#6088);
#6087 = CARTESIAN_POINT('',(0.,0.));
#6088 = VECTOR('',#6089,1.);
#6089 = DIRECTION('',(0.,-1.));
#6090 = ( GEOMETRIC_REPRESENTATION_CONTEXT(2) 
PARAMETRIC_REPRESENTATION_CONTEXT() REPRESENTATION_CONTEXT('2D SPACE',''
  ) );
#6091 = PCURVE('',#1271,#6092);
#6092 = DEFINITIONAL_REPRESENTATION('',(#6093),#6097);
#6093 = LINE('',#6094,#6095);
#6094 = CARTESIAN_POINT('',(1.,0.));
#6095 = VECTOR('',#6096,1.);
#6096 = DIRECTION('',(0.,-1.));
#6097 = ( GEOMETRIC_REPRESENTATION_CONTEXT(2) 
PARAMETRIC_REPRESENTATION_CONTEXT() REPRESENTATION_CONTEXT('2D SPACE',''
  ) );
#6098 = ORIENTED_EDGE('',*,*,#6099,.T.);
#6099 = EDGE_CURVE('',#6077,#6028,#6100,.T.);
#6100 = SURFACE_CURVE('',#6101,(#6105,#6112),.PCURVE_S1.);
#6101 = B_SPLINE_CURVE_WITH_KNOTS('',2,(#6102,#6103,#6104),
  .UNSPECIFIED.,.F.,.F.,(3,3),(0.,1.),.PIECEWISE_BEZIER_KNOTS.);
#6102 = CARTESIAN_POINT('',(4.20201171875,57.53400390625,1.4));
#6103 = CARTESIAN_POINT('',(3.95599609375,57.53400390625,1.4));
#6104 = CARTESIAN_POINT('',(3.782001953125,57.447001953125,1.4));
#6105 = PCURVE('',#1301,#6106);
#6106 = DEFINITIONAL_REPRESENTATION('',(#6107),#6111);
#6107 = LINE('',#6108,#6109);
#6108 = CARTESIAN_POINT('',(0.,-0.4));
#6109 = VECTOR('',#6110,1.);
#6110 = DIRECTION('',(1.,0.));
#6111 = ( GEOMETRIC_REPRESENTATION_CONTEXT(2) 
PARAMETRIC_REPRESENTATION_CONTEXT() REPRESENTATION_CONTEXT('2D SPACE',''
  ) );
#6112 = PCURVE('',#5941,#6113);
#6113 = DEFINITIONAL_REPRESENTATION('',(#6114),#6118);
#6114 = B_SPLINE_CURVE_WITH_KNOTS('',2,(#6115,#6116,#6117),
  .UNSPECIFIED.,.F.,.F.,(3,3),(0.,1.),.PIECEWISE_BEZIER_KNOTS.);
#6115 = CARTESIAN_POINT('',(1.6080078125,2.33400390625));
#6116 = CARTESIAN_POINT('',(1.3619921875,2.33400390625));
#6117 = CARTESIAN_POINT('',(1.187998046875,2.247001953125));
#6118 = ( GEOMETRIC_REPRESENTATION_CONTEXT(2) 
PARAMETRIC_REPRESENTATION_CONTEXT() REPRESENTATION_CONTEXT('2D SPACE',''
  ) );
#6119 = ORIENTED_EDGE('',*,*,#6027,.F.);
#6120 = ORIENTED_EDGE('',*,*,#1285,.F.);
#6121 = ADVANCED_FACE('',(#6122),#1271,.T.);
#6122 = FACE_BOUND('',#6123,.T.);
#6123 = EDGE_LOOP('',(#6124,#6147,#6168,#6169));
#6124 = ORIENTED_EDGE('',*,*,#6125,.T.);
#6125 = EDGE_CURVE('',#1226,#6126,#6128,.T.);
#6126 = VERTEX_POINT('',#6127);
#6127 = CARTESIAN_POINT('',(4.880009765625,57.261005859375,1.4));
#6128 = SURFACE_CURVE('',#6129,(#6133,#6140),.PCURVE_S1.);
#6129 = LINE('',#6130,#6131);
#6130 = CARTESIAN_POINT('',(4.880009765625,57.261005859375,1.));
#6131 = VECTOR('',#6132,1.);
#6132 = DIRECTION('',(0.,0.,1.));
#6133 = PCURVE('',#1271,#6134);
#6134 = DEFINITIONAL_REPRESENTATION('',(#6135),#6139);
#6135 = LINE('',#6136,#6137);
#6136 = CARTESIAN_POINT('',(0.,0.));
#6137 = VECTOR('',#6138,1.);
#6138 = DIRECTION('',(0.,-1.));
#6139 = ( GEOMETRIC_REPRESENTATION_CONTEXT(2) 
PARAMETRIC_REPRESENTATION_CONTEXT() REPRESENTATION_CONTEXT('2D SPACE',''
  ) );
#6140 = PCURVE('',#1241,#6141);
#6141 = DEFINITIONAL_REPRESENTATION('',(#6142),#6146);
#6142 = LINE('',#6143,#6144);
#6143 = CARTESIAN_POINT('',(1.,0.));
#6144 = VECTOR('',#6145,1.);
#6145 = DIRECTION('',(0.,-1.));
#6146 = ( GEOMETRIC_REPRESENTATION_CONTEXT(2) 
PARAMETRIC_REPRESENTATION_CONTEXT() REPRESENTATION_CONTEXT('2D SPACE',''
  ) );
#6147 = ORIENTED_EDGE('',*,*,#6148,.T.);
#6148 = EDGE_CURVE('',#6126,#6077,#6149,.T.);
#6149 = SURFACE_CURVE('',#6150,(#6154,#6161),.PCURVE_S1.);
#6150 = B_SPLINE_CURVE_WITH_KNOTS('',2,(#6151,#6152,#6153),
  .UNSPECIFIED.,.F.,.F.,(3,3),(0.,1.),.PIECEWISE_BEZIER_KNOTS.);
#6151 = CARTESIAN_POINT('',(4.880009765625,57.261005859375,1.4));
#6152 = CARTESIAN_POINT('',(4.6280078125,57.53400390625,1.4));
#6153 = CARTESIAN_POINT('',(4.20201171875,57.53400390625,1.4));
#6154 = PCURVE('',#1271,#6155);
#6155 = DEFINITIONAL_REPRESENTATION('',(#6156),#6160);
#6156 = LINE('',#6157,#6158);
#6157 = CARTESIAN_POINT('',(0.,-0.4));
#6158 = VECTOR('',#6159,1.);
#6159 = DIRECTION('',(1.,0.));
#6160 = ( GEOMETRIC_REPRESENTATION_CONTEXT(2) 
PARAMETRIC_REPRESENTATION_CONTEXT() REPRESENTATION_CONTEXT('2D SPACE',''
  ) );
#6161 = PCURVE('',#5941,#6162);
#6162 = DEFINITIONAL_REPRESENTATION('',(#6163),#6167);
#6163 = B_SPLINE_CURVE_WITH_KNOTS('',2,(#6164,#6165,#6166),
  .UNSPECIFIED.,.F.,.F.,(3,3),(0.,1.),.PIECEWISE_BEZIER_KNOTS.);
#6164 = CARTESIAN_POINT('',(2.286005859375,2.061005859375));
#6165 = CARTESIAN_POINT('',(2.03400390625,2.33400390625));
#6166 = CARTESIAN_POINT('',(1.6080078125,2.33400390625));
#6167 = ( GEOMETRIC_REPRESENTATION_CONTEXT(2) 
PARAMETRIC_REPRESENTATION_CONTEXT() REPRESENTATION_CONTEXT('2D SPACE',''
  ) );
#6168 = ORIENTED_EDGE('',*,*,#6076,.F.);
#6169 = ORIENTED_EDGE('',*,*,#1255,.F.);
#6170 = ADVANCED_FACE('',(#6171),#1241,.T.);
#6171 = FACE_BOUND('',#6172,.T.);
#6172 = EDGE_LOOP('',(#6173,#6196,#6217,#6218));
#6173 = ORIENTED_EDGE('',*,*,#6174,.T.);
#6174 = EDGE_CURVE('',#1196,#6175,#6177,.T.);
#6175 = VERTEX_POINT('',#6176);
#6176 = CARTESIAN_POINT('',(5.13201171875,56.51400390625,1.4));
#6177 = SURFACE_CURVE('',#6178,(#6182,#6189),.PCURVE_S1.);
#6178 = LINE('',#6179,#6180);
#6179 = CARTESIAN_POINT('',(5.13201171875,56.51400390625,1.));
#6180 = VECTOR('',#6181,1.);
#6181 = DIRECTION('',(0.,0.,1.));
#6182 = PCURVE('',#1241,#6183);
#6183 = DEFINITIONAL_REPRESENTATION('',(#6184),#6188);
#6184 = LINE('',#6185,#6186);
#6185 = CARTESIAN_POINT('',(0.,0.));
#6186 = VECTOR('',#6187,1.);
#6187 = DIRECTION('',(0.,-1.));
#6188 = ( GEOMETRIC_REPRESENTATION_CONTEXT(2) 
PARAMETRIC_REPRESENTATION_CONTEXT() REPRESENTATION_CONTEXT('2D SPACE',''
  ) );
#6189 = PCURVE('',#1211,#6190);
#6190 = DEFINITIONAL_REPRESENTATION('',(#6191),#6195);
#6191 = LINE('',#6192,#6193);
#6192 = CARTESIAN_POINT('',(1.,0.));
#6193 = VECTOR('',#6194,1.);
#6194 = DIRECTION('',(0.,-1.));
#6195 = ( GEOMETRIC_REPRESENTATION_CONTEXT(2) 
PARAMETRIC_REPRESENTATION_CONTEXT() REPRESENTATION_CONTEXT('2D SPACE',''
  ) );
#6196 = ORIENTED_EDGE('',*,*,#6197,.T.);
#6197 = EDGE_CURVE('',#6175,#6126,#6198,.T.);
#6198 = SURFACE_CURVE('',#6199,(#6203,#6210),.PCURVE_S1.);
#6199 = B_SPLINE_CURVE_WITH_KNOTS('',2,(#6200,#6201,#6202),
  .UNSPECIFIED.,.F.,.F.,(3,3),(0.,1.),.PIECEWISE_BEZIER_KNOTS.);
#6200 = CARTESIAN_POINT('',(5.13201171875,56.51400390625,1.4));
#6201 = CARTESIAN_POINT('',(5.13201171875,56.9880078125,1.4));
#6202 = CARTESIAN_POINT('',(4.880009765625,57.261005859375,1.4));
#6203 = PCURVE('',#1241,#6204);
#6204 = DEFINITIONAL_REPRESENTATION('',(#6205),#6209);
#6205 = LINE('',#6206,#6207);
#6206 = CARTESIAN_POINT('',(0.,-0.4));
#6207 = VECTOR('',#6208,1.);
#6208 = DIRECTION('',(1.,0.));
#6209 = ( GEOMETRIC_REPRESENTATION_CONTEXT(2) 
PARAMETRIC_REPRESENTATION_CONTEXT() REPRESENTATION_CONTEXT('2D SPACE',''
  ) );
#6210 = PCURVE('',#5941,#6211);
#6211 = DEFINITIONAL_REPRESENTATION('',(#6212),#6216);
#6212 = B_SPLINE_CURVE_WITH_KNOTS('',2,(#6213,#6214,#6215),
  .UNSPECIFIED.,.F.,.F.,(3,3),(0.,1.),.PIECEWISE_BEZIER_KNOTS.);
#6213 = CARTESIAN_POINT('',(2.5380078125,1.31400390625));
#6214 = CARTESIAN_POINT('',(2.5380078125,1.7880078125));
#6215 = CARTESIAN_POINT('',(2.286005859375,2.061005859375));
#6216 = ( GEOMETRIC_REPRESENTATION_CONTEXT(2) 
PARAMETRIC_REPRESENTATION_CONTEXT() REPRESENTATION_CONTEXT('2D SPACE',''
  ) );
#6217 = ORIENTED_EDGE('',*,*,#6125,.F.);
#6218 = ORIENTED_EDGE('',*,*,#1225,.F.);
#6219 = ADVANCED_FACE('',(#6220),#1211,.T.);
#6220 = FACE_BOUND('',#6221,.T.);
#6221 = EDGE_LOOP('',(#6222,#6245,#6266,#6267));
#6222 = ORIENTED_EDGE('',*,*,#6223,.T.);
#6223 = EDGE_CURVE('',#1166,#6224,#6226,.T.);
#6224 = VERTEX_POINT('',#6225);
#6225 = CARTESIAN_POINT('',(4.8830078125,55.79400390625,1.4));
#6226 = SURFACE_CURVE('',#6227,(#6231,#6238),.PCURVE_S1.);
#6227 = LINE('',#6228,#6229);
#6228 = CARTESIAN_POINT('',(4.8830078125,55.79400390625,1.));
#6229 = VECTOR('',#6230,1.);
#6230 = DIRECTION('',(0.,0.,1.));
#6231 = PCURVE('',#1211,#6232);
#6232 = DEFINITIONAL_REPRESENTATION('',(#6233),#6237);
#6233 = LINE('',#6234,#6235);
#6234 = CARTESIAN_POINT('',(0.,0.));
#6235 = VECTOR('',#6236,1.);
#6236 = DIRECTION('',(0.,-1.));
#6237 = ( GEOMETRIC_REPRESENTATION_CONTEXT(2) 
PARAMETRIC_REPRESENTATION_CONTEXT() REPRESENTATION_CONTEXT('2D SPACE',''
  ) );
#6238 = PCURVE('',#1181,#6239);
#6239 = DEFINITIONAL_REPRESENTATION('',(#6240),#6244);
#6240 = LINE('',#6241,#6242);
#6241 = CARTESIAN_POINT('',(1.,0.));
#6242 = VECTOR('',#6243,1.);
#6243 = DIRECTION('',(0.,-1.));
#6244 = ( GEOMETRIC_REPRESENTATION_CONTEXT(2) 
PARAMETRIC_REPRESENTATION_CONTEXT() REPRESENTATION_CONTEXT('2D SPACE',''
  ) );
#6245 = ORIENTED_EDGE('',*,*,#6246,.T.);
#6246 = EDGE_CURVE('',#6224,#6175,#6247,.T.);
#6247 = SURFACE_CURVE('',#6248,(#6252,#6259),.PCURVE_S1.);
#6248 = B_SPLINE_CURVE_WITH_KNOTS('',2,(#6249,#6250,#6251),
  .UNSPECIFIED.,.F.,.F.,(3,3),(0.,1.),.PIECEWISE_BEZIER_KNOTS.);
#6249 = CARTESIAN_POINT('',(4.8830078125,55.79400390625,1.4));
#6250 = CARTESIAN_POINT('',(5.13201171875,56.0580078125,1.4));
#6251 = CARTESIAN_POINT('',(5.13201171875,56.51400390625,1.4));
#6252 = PCURVE('',#1211,#6253);
#6253 = DEFINITIONAL_REPRESENTATION('',(#6254),#6258);
#6254 = LINE('',#6255,#6256);
#6255 = CARTESIAN_POINT('',(0.,-0.4));
#6256 = VECTOR('',#6257,1.);
#6257 = DIRECTION('',(1.,0.));
#6258 = ( GEOMETRIC_REPRESENTATION_CONTEXT(2) 
PARAMETRIC_REPRESENTATION_CONTEXT() REPRESENTATION_CONTEXT('2D SPACE',''
  ) );
#6259 = PCURVE('',#5941,#6260);
#6260 = DEFINITIONAL_REPRESENTATION('',(#6261),#6265);
#6261 = B_SPLINE_CURVE_WITH_KNOTS('',2,(#6262,#6263,#6264),
  .UNSPECIFIED.,.F.,.F.,(3,3),(0.,1.),.PIECEWISE_BEZIER_KNOTS.);
#6262 = CARTESIAN_POINT('',(2.28900390625,0.59400390625));
#6263 = CARTESIAN_POINT('',(2.5380078125,0.8580078125));
#6264 = CARTESIAN_POINT('',(2.5380078125,1.31400390625));
#6265 = ( GEOMETRIC_REPRESENTATION_CONTEXT(2) 
PARAMETRIC_REPRESENTATION_CONTEXT() REPRESENTATION_CONTEXT('2D SPACE',''
  ) );
#6266 = ORIENTED_EDGE('',*,*,#6174,.F.);
#6267 = ORIENTED_EDGE('',*,*,#1195,.F.);
#6268 = ADVANCED_FACE('',(#6269),#1181,.T.);
#6269 = FACE_BOUND('',#6270,.T.);
#6270 = EDGE_LOOP('',(#6271,#6294,#6315,#6316));
#6271 = ORIENTED_EDGE('',*,*,#6272,.T.);
#6272 = EDGE_CURVE('',#1136,#6273,#6275,.T.);
#6273 = VERTEX_POINT('',#6274);
#6274 = CARTESIAN_POINT('',(4.20201171875,55.53,1.4));
#6275 = SURFACE_CURVE('',#6276,(#6280,#6287),.PCURVE_S1.);
#6276 = LINE('',#6277,#6278);
#6277 = CARTESIAN_POINT('',(4.20201171875,55.53,1.));
#6278 = VECTOR('',#6279,1.);
#6279 = DIRECTION('',(0.,0.,1.));
#6280 = PCURVE('',#1181,#6281);
#6281 = DEFINITIONAL_REPRESENTATION('',(#6282),#6286);
#6282 = LINE('',#6283,#6284);
#6283 = CARTESIAN_POINT('',(0.,0.));
#6284 = VECTOR('',#6285,1.);
#6285 = DIRECTION('',(0.,-1.));
#6286 = ( GEOMETRIC_REPRESENTATION_CONTEXT(2) 
PARAMETRIC_REPRESENTATION_CONTEXT() REPRESENTATION_CONTEXT('2D SPACE',''
  ) );
#6287 = PCURVE('',#1151,#6288);
#6288 = DEFINITIONAL_REPRESENTATION('',(#6289),#6293);
#6289 = LINE('',#6290,#6291);
#6290 = CARTESIAN_POINT('',(1.,0.));
#6291 = VECTOR('',#6292,1.);
#6292 = DIRECTION('',(0.,-1.));
#6293 = ( GEOMETRIC_REPRESENTATION_CONTEXT(2) 
PARAMETRIC_REPRESENTATION_CONTEXT() REPRESENTATION_CONTEXT('2D SPACE',''
  ) );
#6294 = ORIENTED_EDGE('',*,*,#6295,.T.);
#6295 = EDGE_CURVE('',#6273,#6224,#6296,.T.);
#6296 = SURFACE_CURVE('',#6297,(#6301,#6308),.PCURVE_S1.);
#6297 = B_SPLINE_CURVE_WITH_KNOTS('',2,(#6298,#6299,#6300),
  .UNSPECIFIED.,.F.,.F.,(3,3),(0.,1.),.PIECEWISE_BEZIER_KNOTS.);
#6298 = CARTESIAN_POINT('',(4.20201171875,55.53,1.4));
#6299 = CARTESIAN_POINT('',(4.63400390625,55.53,1.4));
#6300 = CARTESIAN_POINT('',(4.8830078125,55.79400390625,1.4));
#6301 = PCURVE('',#1181,#6302);
#6302 = DEFINITIONAL_REPRESENTATION('',(#6303),#6307);
#6303 = LINE('',#6304,#6305);
#6304 = CARTESIAN_POINT('',(0.,-0.4));
#6305 = VECTOR('',#6306,1.);
#6306 = DIRECTION('',(1.,0.));
#6307 = ( GEOMETRIC_REPRESENTATION_CONTEXT(2) 
PARAMETRIC_REPRESENTATION_CONTEXT() REPRESENTATION_CONTEXT('2D SPACE',''
  ) );
#6308 = PCURVE('',#5941,#6309);
#6309 = DEFINITIONAL_REPRESENTATION('',(#6310),#6314);
#6310 = B_SPLINE_CURVE_WITH_KNOTS('',2,(#6311,#6312,#6313),
  .UNSPECIFIED.,.F.,.F.,(3,3),(0.,1.),.PIECEWISE_BEZIER_KNOTS.);
#6311 = CARTESIAN_POINT('',(1.6080078125,0.33));
#6312 = CARTESIAN_POINT('',(2.04,0.33));
#6313 = CARTESIAN_POINT('',(2.28900390625,0.59400390625));
#6314 = ( GEOMETRIC_REPRESENTATION_CONTEXT(2) 
PARAMETRIC_REPRESENTATION_CONTEXT() REPRESENTATION_CONTEXT('2D SPACE',''
  ) );
#6315 = ORIENTED_EDGE('',*,*,#6223,.F.);
#6316 = ORIENTED_EDGE('',*,*,#1165,.F.);
#6317 = ADVANCED_FACE('',(#6318),#1151,.T.);
#6318 = FACE_BOUND('',#6319,.T.);
#6319 = EDGE_LOOP('',(#6320,#6343,#6364,#6365));
#6320 = ORIENTED_EDGE('',*,*,#6321,.T.);
#6321 = EDGE_CURVE('',#1108,#6322,#6324,.T.);
#6322 = VERTEX_POINT('',#6323);
#6323 = CARTESIAN_POINT('',(3.33201171875,56.24400390625,1.4));
#6324 = SURFACE_CURVE('',#6325,(#6329,#6336),.PCURVE_S1.);
#6325 = LINE('',#6326,#6327);
#6326 = CARTESIAN_POINT('',(3.33201171875,56.24400390625,1.));
#6327 = VECTOR('',#6328,1.);
#6328 = DIRECTION('',(0.,0.,1.));
#6329 = PCURVE('',#1151,#6330);
#6330 = DEFINITIONAL_REPRESENTATION('',(#6331),#6335);
#6331 = LINE('',#6332,#6333);
#6332 = CARTESIAN_POINT('',(0.,0.));
#6333 = VECTOR('',#6334,1.);
#6334 = DIRECTION('',(0.,-1.));
#6335 = ( GEOMETRIC_REPRESENTATION_CONTEXT(2) 
PARAMETRIC_REPRESENTATION_CONTEXT() REPRESENTATION_CONTEXT('2D SPACE',''
  ) );
#6336 = PCURVE('',#1123,#6337);
#6337 = DEFINITIONAL_REPRESENTATION('',(#6338),#6342);
#6338 = LINE('',#6339,#6340);
#6339 = CARTESIAN_POINT('',(0.5280078125,0.));
#6340 = VECTOR('',#6341,1.);
#6341 = DIRECTION('',(0.,-1.));
#6342 = ( GEOMETRIC_REPRESENTATION_CONTEXT(2) 
PARAMETRIC_REPRESENTATION_CONTEXT() REPRESENTATION_CONTEXT('2D SPACE',''
  ) );
#6343 = ORIENTED_EDGE('',*,*,#6344,.T.);
#6344 = EDGE_CURVE('',#6322,#6273,#6345,.T.);
#6345 = SURFACE_CURVE('',#6346,(#6350,#6357),.PCURVE_S1.);
#6346 = B_SPLINE_CURVE_WITH_KNOTS('',2,(#6347,#6348,#6349),
  .UNSPECIFIED.,.F.,.F.,(3,3),(0.,1.),.PIECEWISE_BEZIER_KNOTS.);
#6347 = CARTESIAN_POINT('',(3.33201171875,56.24400390625,1.4));
#6348 = CARTESIAN_POINT('',(3.5180078125,55.53,1.4));
#6349 = CARTESIAN_POINT('',(4.20201171875,55.53,1.4));
#6350 = PCURVE('',#1151,#6351);
#6351 = DEFINITIONAL_REPRESENTATION('',(#6352),#6356);
#6352 = LINE('',#6353,#6354);
#6353 = CARTESIAN_POINT('',(0.,-0.4));
#6354 = VECTOR('',#6355,1.);
#6355 = DIRECTION('',(1.,0.));
#6356 = ( GEOMETRIC_REPRESENTATION_CONTEXT(2) 
PARAMETRIC_REPRESENTATION_CONTEXT() REPRESENTATION_CONTEXT('2D SPACE',''
  ) );
#6357 = PCURVE('',#5941,#6358);
#6358 = DEFINITIONAL_REPRESENTATION('',(#6359),#6363);
#6359 = B_SPLINE_CURVE_WITH_KNOTS('',2,(#6360,#6361,#6362),
  .UNSPECIFIED.,.F.,.F.,(3,3),(0.,1.),.PIECEWISE_BEZIER_KNOTS.);
#6360 = CARTESIAN_POINT('',(0.7380078125,1.04400390625));
#6361 = CARTESIAN_POINT('',(0.92400390625,0.33));
#6362 = CARTESIAN_POINT('',(1.6080078125,0.33));
#6363 = ( GEOMETRIC_REPRESENTATION_CONTEXT(2) 
PARAMETRIC_REPRESENTATION_CONTEXT() REPRESENTATION_CONTEXT('2D SPACE',''
  ) );
#6364 = ORIENTED_EDGE('',*,*,#6272,.F.);
#6365 = ORIENTED_EDGE('',*,*,#1135,.F.);
#6366 = ADVANCED_FACE('',(#6367),#1123,.T.);
#6367 = FACE_BOUND('',#6368,.T.);
#6368 = EDGE_LOOP('',(#6369,#6392,#6413,#6414));
#6369 = ORIENTED_EDGE('',*,*,#6370,.T.);
#6370 = EDGE_CURVE('',#1078,#6371,#6373,.T.);
#6371 = VERTEX_POINT('',#6372);
#6372 = CARTESIAN_POINT('',(2.80400390625,56.24400390625,1.4));
#6373 = SURFACE_CURVE('',#6374,(#6378,#6385),.PCURVE_S1.);
#6374 = LINE('',#6375,#6376);
#6375 = CARTESIAN_POINT('',(2.80400390625,56.24400390625,1.));
#6376 = VECTOR('',#6377,1.);
#6377 = DIRECTION('',(0.,0.,1.));
#6378 = PCURVE('',#1123,#6379);
#6379 = DEFINITIONAL_REPRESENTATION('',(#6380),#6384);
#6380 = LINE('',#6381,#6382);
#6381 = CARTESIAN_POINT('',(0.,0.));
#6382 = VECTOR('',#6383,1.);
#6383 = DIRECTION('',(0.,-1.));
#6384 = ( GEOMETRIC_REPRESENTATION_CONTEXT(2) 
PARAMETRIC_REPRESENTATION_CONTEXT() REPRESENTATION_CONTEXT('2D SPACE',''
  ) );
#6385 = PCURVE('',#1093,#6386);
#6386 = DEFINITIONAL_REPRESENTATION('',(#6387),#6391);
#6387 = LINE('',#6388,#6389);
#6388 = CARTESIAN_POINT('',(1.,0.));
#6389 = VECTOR('',#6390,1.);
#6390 = DIRECTION('',(0.,-1.));
#6391 = ( GEOMETRIC_REPRESENTATION_CONTEXT(2) 
PARAMETRIC_REPRESENTATION_CONTEXT() REPRESENTATION_CONTEXT('2D SPACE',''
  ) );
#6392 = ORIENTED_EDGE('',*,*,#6393,.T.);
#6393 = EDGE_CURVE('',#6371,#6322,#6394,.T.);
#6394 = SURFACE_CURVE('',#6395,(#6399,#6406),.PCURVE_S1.);
#6395 = LINE('',#6396,#6397);
#6396 = CARTESIAN_POINT('',(2.80400390625,56.24400390625,1.4));
#6397 = VECTOR('',#6398,1.);
#6398 = DIRECTION('',(1.,0.,0.));
#6399 = PCURVE('',#1123,#6400);
#6400 = DEFINITIONAL_REPRESENTATION('',(#6401),#6405);
#6401 = LINE('',#6402,#6403);
#6402 = CARTESIAN_POINT('',(-1.7763568394E-15,-0.4));
#6403 = VECTOR('',#6404,1.);
#6404 = DIRECTION('',(1.,0.));
#6405 = ( GEOMETRIC_REPRESENTATION_CONTEXT(2) 
PARAMETRIC_REPRESENTATION_CONTEXT() REPRESENTATION_CONTEXT('2D SPACE',''
  ) );
#6406 = PCURVE('',#5941,#6407);
#6407 = DEFINITIONAL_REPRESENTATION('',(#6408),#6412);
#6408 = LINE('',#6409,#6410);
#6409 = CARTESIAN_POINT('',(0.21,1.04400390625));
#6410 = VECTOR('',#6411,1.);
#6411 = DIRECTION('',(1.,0.));
#6412 = ( GEOMETRIC_REPRESENTATION_CONTEXT(2) 
PARAMETRIC_REPRESENTATION_CONTEXT() REPRESENTATION_CONTEXT('2D SPACE',''
  ) );
#6413 = ORIENTED_EDGE('',*,*,#6321,.F.);
#6414 = ORIENTED_EDGE('',*,*,#1107,.F.);
#6415 = ADVANCED_FACE('',(#6416),#1093,.T.);
#6416 = FACE_BOUND('',#6417,.T.);
#6417 = EDGE_LOOP('',(#6418,#6441,#6462,#6463));
#6418 = ORIENTED_EDGE('',*,*,#6419,.T.);
#6419 = EDGE_CURVE('',#1048,#6420,#6422,.T.);
#6420 = VERTEX_POINT('',#6421);
#6421 = CARTESIAN_POINT('',(2.83400390625,56.087998046875,1.4));
#6422 = SURFACE_CURVE('',#6423,(#6427,#6434),.PCURVE_S1.);
#6423 = LINE('',#6424,#6425);
#6424 = CARTESIAN_POINT('',(2.83400390625,56.087998046875,1.));
#6425 = VECTOR('',#6426,1.);
#6426 = DIRECTION('',(0.,0.,1.));
#6427 = PCURVE('',#1093,#6428);
#6428 = DEFINITIONAL_REPRESENTATION('',(#6429),#6433);
#6429 = LINE('',#6430,#6431);
#6430 = CARTESIAN_POINT('',(0.,0.));
#6431 = VECTOR('',#6432,1.);
#6432 = DIRECTION('',(0.,-1.));
#6433 = ( GEOMETRIC_REPRESENTATION_CONTEXT(2) 
PARAMETRIC_REPRESENTATION_CONTEXT() REPRESENTATION_CONTEXT('2D SPACE',''
  ) );
#6434 = PCURVE('',#1063,#6435);
#6435 = DEFINITIONAL_REPRESENTATION('',(#6436),#6440);
#6436 = LINE('',#6437,#6438);
#6437 = CARTESIAN_POINT('',(1.,0.));
#6438 = VECTOR('',#6439,1.);
#6439 = DIRECTION('',(0.,-1.));
#6440 = ( GEOMETRIC_REPRESENTATION_CONTEXT(2) 
PARAMETRIC_REPRESENTATION_CONTEXT() REPRESENTATION_CONTEXT('2D SPACE',''
  ) );
#6441 = ORIENTED_EDGE('',*,*,#6442,.T.);
#6442 = EDGE_CURVE('',#6420,#6371,#6443,.T.);
#6443 = SURFACE_CURVE('',#6444,(#6448,#6455),.PCURVE_S1.);
#6444 = B_SPLINE_CURVE_WITH_KNOTS('',2,(#6445,#6446,#6447),
  .UNSPECIFIED.,.F.,.F.,(3,3),(0.,1.),.PIECEWISE_BEZIER_KNOTS.);
#6445 = CARTESIAN_POINT('',(2.83400390625,56.087998046875,1.4));
#6446 = CARTESIAN_POINT('',(2.82201171875,56.1419921875,1.4));
#6447 = CARTESIAN_POINT('',(2.80400390625,56.24400390625,1.4));
#6448 = PCURVE('',#1093,#6449);
#6449 = DEFINITIONAL_REPRESENTATION('',(#6450),#6454);
#6450 = LINE('',#6451,#6452);
#6451 = CARTESIAN_POINT('',(0.,-0.4));
#6452 = VECTOR('',#6453,1.);
#6453 = DIRECTION('',(1.,0.));
#6454 = ( GEOMETRIC_REPRESENTATION_CONTEXT(2) 
PARAMETRIC_REPRESENTATION_CONTEXT() REPRESENTATION_CONTEXT('2D SPACE',''
  ) );
#6455 = PCURVE('',#5941,#6456);
#6456 = DEFINITIONAL_REPRESENTATION('',(#6457),#6461);
#6457 = B_SPLINE_CURVE_WITH_KNOTS('',2,(#6458,#6459,#6460),
  .UNSPECIFIED.,.F.,.F.,(3,3),(0.,1.),.PIECEWISE_BEZIER_KNOTS.);
#6458 = CARTESIAN_POINT('',(0.24,0.887998046875));
#6459 = CARTESIAN_POINT('',(0.2280078125,0.9419921875));
#6460 = CARTESIAN_POINT('',(0.21,1.04400390625));
#6461 = ( GEOMETRIC_REPRESENTATION_CONTEXT(2) 
PARAMETRIC_REPRESENTATION_CONTEXT() REPRESENTATION_CONTEXT('2D SPACE',''
  ) );
#6462 = ORIENTED_EDGE('',*,*,#6370,.F.);
#6463 = ORIENTED_EDGE('',*,*,#1077,.F.);
#6464 = ADVANCED_FACE('',(#6465),#1063,.T.);
#6465 = FACE_BOUND('',#6466,.T.);
#6466 = EDGE_LOOP('',(#6467,#6490,#6511,#6512));
#6467 = ORIENTED_EDGE('',*,*,#6468,.T.);
#6468 = EDGE_CURVE('',#1018,#6469,#6471,.T.);
#6469 = VERTEX_POINT('',#6470);
#6470 = CARTESIAN_POINT('',(2.897001953125,55.892998046875,1.4));
#6471 = SURFACE_CURVE('',#6472,(#6476,#6483),.PCURVE_S1.);
#6472 = LINE('',#6473,#6474);
#6473 = CARTESIAN_POINT('',(2.897001953125,55.892998046875,1.));
#6474 = VECTOR('',#6475,1.);
#6475 = DIRECTION('',(0.,0.,1.));
#6476 = PCURVE('',#1063,#6477);
#6477 = DEFINITIONAL_REPRESENTATION('',(#6478),#6482);
#6478 = LINE('',#6479,#6480);
#6479 = CARTESIAN_POINT('',(0.,0.));
#6480 = VECTOR('',#6481,1.);
#6481 = DIRECTION('',(0.,-1.));
#6482 = ( GEOMETRIC_REPRESENTATION_CONTEXT(2) 
PARAMETRIC_REPRESENTATION_CONTEXT() REPRESENTATION_CONTEXT('2D SPACE',''
  ) );
#6483 = PCURVE('',#1033,#6484);
#6484 = DEFINITIONAL_REPRESENTATION('',(#6485),#6489);
#6485 = LINE('',#6486,#6487);
#6486 = CARTESIAN_POINT('',(1.,0.));
#6487 = VECTOR('',#6488,1.);
#6488 = DIRECTION('',(0.,-1.));
#6489 = ( GEOMETRIC_REPRESENTATION_CONTEXT(2) 
PARAMETRIC_REPRESENTATION_CONTEXT() REPRESENTATION_CONTEXT('2D SPACE',''
  ) );
#6490 = ORIENTED_EDGE('',*,*,#6491,.T.);
#6491 = EDGE_CURVE('',#6469,#6420,#6492,.T.);
#6492 = SURFACE_CURVE('',#6493,(#6497,#6504),.PCURVE_S1.);
#6493 = B_SPLINE_CURVE_WITH_KNOTS('',2,(#6494,#6495,#6496),
  .UNSPECIFIED.,.F.,.F.,(3,3),(0.,1.),.PIECEWISE_BEZIER_KNOTS.);
#6494 = CARTESIAN_POINT('',(2.897001953125,55.892998046875,1.4));
#6495 = CARTESIAN_POINT('',(2.84599609375,56.03400390625,1.4));
#6496 = CARTESIAN_POINT('',(2.83400390625,56.087998046875,1.4));
#6497 = PCURVE('',#1063,#6498);
#6498 = DEFINITIONAL_REPRESENTATION('',(#6499),#6503);
#6499 = LINE('',#6500,#6501);
#6500 = CARTESIAN_POINT('',(0.,-0.4));
#6501 = VECTOR('',#6502,1.);
#6502 = DIRECTION('',(1.,0.));
#6503 = ( GEOMETRIC_REPRESENTATION_CONTEXT(2) 
PARAMETRIC_REPRESENTATION_CONTEXT() REPRESENTATION_CONTEXT('2D SPACE',''
  ) );
#6504 = PCURVE('',#5941,#6505);
#6505 = DEFINITIONAL_REPRESENTATION('',(#6506),#6510);
#6506 = B_SPLINE_CURVE_WITH_KNOTS('',2,(#6507,#6508,#6509),
  .UNSPECIFIED.,.F.,.F.,(3,3),(0.,1.),.PIECEWISE_BEZIER_KNOTS.);
#6507 = CARTESIAN_POINT('',(0.302998046875,0.692998046875));
#6508 = CARTESIAN_POINT('',(0.2519921875,0.83400390625));
#6509 = CARTESIAN_POINT('',(0.24,0.887998046875));
#6510 = ( GEOMETRIC_REPRESENTATION_CONTEXT(2) 
PARAMETRIC_REPRESENTATION_CONTEXT() REPRESENTATION_CONTEXT('2D SPACE',''
  ) );
#6511 = ORIENTED_EDGE('',*,*,#6419,.F.);
#6512 = ORIENTED_EDGE('',*,*,#1047,.F.);
#6513 = ADVANCED_FACE('',(#6514),#1033,.T.);
#6514 = FACE_BOUND('',#6515,.T.);
#6515 = EDGE_LOOP('',(#6516,#6539,#6560,#6561));
#6516 = ORIENTED_EDGE('',*,*,#6517,.T.);
#6517 = EDGE_CURVE('',#988,#6518,#6520,.T.);
#6518 = VERTEX_POINT('',#6519);
#6519 = CARTESIAN_POINT('',(3.005009765625,55.658994140625,1.4));
#6520 = SURFACE_CURVE('',#6521,(#6525,#6532),.PCURVE_S1.);
#6521 = LINE('',#6522,#6523);
#6522 = CARTESIAN_POINT('',(3.005009765625,55.658994140625,1.));
#6523 = VECTOR('',#6524,1.);
#6524 = DIRECTION('',(0.,0.,1.));
#6525 = PCURVE('',#1033,#6526);
#6526 = DEFINITIONAL_REPRESENTATION('',(#6527),#6531);
#6527 = LINE('',#6528,#6529);
#6528 = CARTESIAN_POINT('',(0.,0.));
#6529 = VECTOR('',#6530,1.);
#6530 = DIRECTION('',(0.,-1.));
#6531 = ( GEOMETRIC_REPRESENTATION_CONTEXT(2) 
PARAMETRIC_REPRESENTATION_CONTEXT() REPRESENTATION_CONTEXT('2D SPACE',''
  ) );
#6532 = PCURVE('',#1003,#6533);
#6533 = DEFINITIONAL_REPRESENTATION('',(#6534),#6538);
#6534 = LINE('',#6535,#6536);
#6535 = CARTESIAN_POINT('',(1.,0.));
#6536 = VECTOR('',#6537,1.);
#6537 = DIRECTION('',(0.,-1.));
#6538 = ( GEOMETRIC_REPRESENTATION_CONTEXT(2) 
PARAMETRIC_REPRESENTATION_CONTEXT() REPRESENTATION_CONTEXT('2D SPACE',''
  ) );
#6539 = ORIENTED_EDGE('',*,*,#6540,.T.);
#6540 = EDGE_CURVE('',#6518,#6469,#6541,.T.);
#6541 = SURFACE_CURVE('',#6542,(#6546,#6553),.PCURVE_S1.);
#6542 = B_SPLINE_CURVE_WITH_KNOTS('',2,(#6543,#6544,#6545),
  .UNSPECIFIED.,.F.,.F.,(3,3),(0.,1.),.PIECEWISE_BEZIER_KNOTS.);
#6543 = CARTESIAN_POINT('',(3.005009765625,55.658994140625,1.4));
#6544 = CARTESIAN_POINT('',(2.9480078125,55.7519921875,1.4));
#6545 = CARTESIAN_POINT('',(2.897001953125,55.892998046875,1.4));
#6546 = PCURVE('',#1033,#6547);
#6547 = DEFINITIONAL_REPRESENTATION('',(#6548),#6552);
#6548 = LINE('',#6549,#6550);
#6549 = CARTESIAN_POINT('',(0.,-0.4));
#6550 = VECTOR('',#6551,1.);
#6551 = DIRECTION('',(1.,0.));
#6552 = ( GEOMETRIC_REPRESENTATION_CONTEXT(2) 
PARAMETRIC_REPRESENTATION_CONTEXT() REPRESENTATION_CONTEXT('2D SPACE',''
  ) );
#6553 = PCURVE('',#5941,#6554);
#6554 = DEFINITIONAL_REPRESENTATION('',(#6555),#6559);
#6555 = B_SPLINE_CURVE_WITH_KNOTS('',2,(#6556,#6557,#6558),
  .UNSPECIFIED.,.F.,.F.,(3,3),(0.,1.),.PIECEWISE_BEZIER_KNOTS.);
#6556 = CARTESIAN_POINT('',(0.411005859375,0.458994140625));
#6557 = CARTESIAN_POINT('',(0.35400390625,0.5519921875));
#6558 = CARTESIAN_POINT('',(0.302998046875,0.692998046875));
#6559 = ( GEOMETRIC_REPRESENTATION_CONTEXT(2) 
PARAMETRIC_REPRESENTATION_CONTEXT() REPRESENTATION_CONTEXT('2D SPACE',''
  ) );
#6560 = ORIENTED_EDGE('',*,*,#6468,.F.);
#6561 = ORIENTED_EDGE('',*,*,#1017,.F.);
#6562 = ADVANCED_FACE('',(#6563),#1003,.T.);
#6563 = FACE_BOUND('',#6564,.T.);
#6564 = EDGE_LOOP('',(#6565,#6588,#6609,#6610));
#6565 = ORIENTED_EDGE('',*,*,#6566,.T.);
#6566 = EDGE_CURVE('',#958,#6567,#6569,.T.);
#6567 = VERTEX_POINT('',#6568);
#6568 = CARTESIAN_POINT('',(3.1730078125,55.442998046875,1.4));
#6569 = SURFACE_CURVE('',#6570,(#6574,#6581),.PCURVE_S1.);
#6570 = LINE('',#6571,#6572);
#6571 = CARTESIAN_POINT('',(3.1730078125,55.442998046875,1.));
#6572 = VECTOR('',#6573,1.);
#6573 = DIRECTION('',(0.,0.,1.));
#6574 = PCURVE('',#1003,#6575);
#6575 = DEFINITIONAL_REPRESENTATION('',(#6576),#6580);
#6576 = LINE('',#6577,#6578);
#6577 = CARTESIAN_POINT('',(0.,0.));
#6578 = VECTOR('',#6579,1.);
#6579 = DIRECTION('',(0.,-1.));
#6580 = ( GEOMETRIC_REPRESENTATION_CONTEXT(2) 
PARAMETRIC_REPRESENTATION_CONTEXT() REPRESENTATION_CONTEXT('2D SPACE',''
  ) );
#6581 = PCURVE('',#973,#6582);
#6582 = DEFINITIONAL_REPRESENTATION('',(#6583),#6587);
#6583 = LINE('',#6584,#6585);
#6584 = CARTESIAN_POINT('',(1.,0.));
#6585 = VECTOR('',#6586,1.);
#6586 = DIRECTION('',(0.,-1.));
#6587 = ( GEOMETRIC_REPRESENTATION_CONTEXT(2) 
PARAMETRIC_REPRESENTATION_CONTEXT() REPRESENTATION_CONTEXT('2D SPACE',''
  ) );
#6588 = ORIENTED_EDGE('',*,*,#6589,.T.);
#6589 = EDGE_CURVE('',#6567,#6518,#6590,.T.);
#6590 = SURFACE_CURVE('',#6591,(#6595,#6602),.PCURVE_S1.);
#6591 = B_SPLINE_CURVE_WITH_KNOTS('',2,(#6592,#6593,#6594),
  .UNSPECIFIED.,.F.,.F.,(3,3),(0.,1.),.PIECEWISE_BEZIER_KNOTS.);
#6592 = CARTESIAN_POINT('',(3.1730078125,55.442998046875,1.4));
#6593 = CARTESIAN_POINT('',(3.06201171875,55.56599609375,1.4));
#6594 = CARTESIAN_POINT('',(3.005009765625,55.658994140625,1.4));
#6595 = PCURVE('',#1003,#6596);
#6596 = DEFINITIONAL_REPRESENTATION('',(#6597),#6601);
#6597 = LINE('',#6598,#6599);
#6598 = CARTESIAN_POINT('',(0.,-0.4));
#6599 = VECTOR('',#6600,1.);
#6600 = DIRECTION('',(1.,0.));
#6601 = ( GEOMETRIC_REPRESENTATION_CONTEXT(2) 
PARAMETRIC_REPRESENTATION_CONTEXT() REPRESENTATION_CONTEXT('2D SPACE',''
  ) );
#6602 = PCURVE('',#5941,#6603);
#6603 = DEFINITIONAL_REPRESENTATION('',(#6604),#6608);
#6604 = B_SPLINE_CURVE_WITH_KNOTS('',2,(#6605,#6606,#6607),
  .UNSPECIFIED.,.F.,.F.,(3,3),(0.,1.),.PIECEWISE_BEZIER_KNOTS.);
#6605 = CARTESIAN_POINT('',(0.57900390625,0.242998046875));
#6606 = CARTESIAN_POINT('',(0.4680078125,0.36599609375));
#6607 = CARTESIAN_POINT('',(0.411005859375,0.458994140625));
#6608 = ( GEOMETRIC_REPRESENTATION_CONTEXT(2) 
PARAMETRIC_REPRESENTATION_CONTEXT() REPRESENTATION_CONTEXT('2D SPACE',''
  ) );
#6609 = ORIENTED_EDGE('',*,*,#6517,.F.);
#6610 = ORIENTED_EDGE('',*,*,#987,.F.);
#6611 = ADVANCED_FACE('',(#6612),#973,.T.);
#6612 = FACE_BOUND('',#6613,.T.);
#6613 = EDGE_LOOP('',(#6614,#6637,#6658,#6659));
#6614 = ORIENTED_EDGE('',*,*,#6615,.T.);
#6615 = EDGE_CURVE('',#928,#6616,#6618,.T.);
#6616 = VERTEX_POINT('',#6617);
#6617 = CARTESIAN_POINT('',(3.41900390625,55.245,1.4));
#6618 = SURFACE_CURVE('',#6619,(#6623,#6630),.PCURVE_S1.);
#6619 = LINE('',#6620,#6621);
#6620 = CARTESIAN_POINT('',(3.41900390625,55.245,1.));
#6621 = VECTOR('',#6622,1.);
#6622 = DIRECTION('',(0.,0.,1.));
#6623 = PCURVE('',#973,#6624);
#6624 = DEFINITIONAL_REPRESENTATION('',(#6625),#6629);
#6625 = LINE('',#6626,#6627);
#6626 = CARTESIAN_POINT('',(0.,0.));
#6627 = VECTOR('',#6628,1.);
#6628 = DIRECTION('',(0.,-1.));
#6629 = ( GEOMETRIC_REPRESENTATION_CONTEXT(2) 
PARAMETRIC_REPRESENTATION_CONTEXT() REPRESENTATION_CONTEXT('2D SPACE',''
  ) );
#6630 = PCURVE('',#943,#6631);
#6631 = DEFINITIONAL_REPRESENTATION('',(#6632),#6636);
#6632 = LINE('',#6633,#6634);
#6633 = CARTESIAN_POINT('',(1.,0.));
#6634 = VECTOR('',#6635,1.);
#6635 = DIRECTION('',(0.,-1.));
#6636 = ( GEOMETRIC_REPRESENTATION_CONTEXT(2) 
PARAMETRIC_REPRESENTATION_CONTEXT() REPRESENTATION_CONTEXT('2D SPACE',''
  ) );
#6637 = ORIENTED_EDGE('',*,*,#6638,.T.);
#6638 = EDGE_CURVE('',#6616,#6567,#6639,.T.);
#6639 = SURFACE_CURVE('',#6640,(#6644,#6651),.PCURVE_S1.);
#6640 = B_SPLINE_CURVE_WITH_KNOTS('',2,(#6641,#6642,#6643),
  .UNSPECIFIED.,.F.,.F.,(3,3),(0.,1.),.PIECEWISE_BEZIER_KNOTS.);
#6641 = CARTESIAN_POINT('',(3.41900390625,55.245,1.4));
#6642 = CARTESIAN_POINT('',(3.28400390625,55.32,1.4));
#6643 = CARTESIAN_POINT('',(3.1730078125,55.442998046875,1.4));
#6644 = PCURVE('',#973,#6645);
#6645 = DEFINITIONAL_REPRESENTATION('',(#6646),#6650);
#6646 = LINE('',#6647,#6648);
#6647 = CARTESIAN_POINT('',(0.,-0.4));
#6648 = VECTOR('',#6649,1.);
#6649 = DIRECTION('',(1.,0.));
#6650 = ( GEOMETRIC_REPRESENTATION_CONTEXT(2) 
PARAMETRIC_REPRESENTATION_CONTEXT() REPRESENTATION_CONTEXT('2D SPACE',''
  ) );
#6651 = PCURVE('',#5941,#6652);
#6652 = DEFINITIONAL_REPRESENTATION('',(#6653),#6657);
#6653 = B_SPLINE_CURVE_WITH_KNOTS('',2,(#6654,#6655,#6656),
  .UNSPECIFIED.,.F.,.F.,(3,3),(0.,1.),.PIECEWISE_BEZIER_KNOTS.);
#6654 = CARTESIAN_POINT('',(0.825,4.5E-02));
#6655 = CARTESIAN_POINT('',(0.69,0.12));
#6656 = CARTESIAN_POINT('',(0.57900390625,0.242998046875));
#6657 = ( GEOMETRIC_REPRESENTATION_CONTEXT(2) 
PARAMETRIC_REPRESENTATION_CONTEXT() REPRESENTATION_CONTEXT('2D SPACE',''
  ) );
#6658 = ORIENTED_EDGE('',*,*,#6566,.F.);
#6659 = ORIENTED_EDGE('',*,*,#957,.F.);
#6660 = ADVANCED_FACE('',(#6661),#943,.T.);
#6661 = FACE_BOUND('',#6662,.T.);
#6662 = EDGE_LOOP('',(#6663,#6686,#6707,#6708));
#6663 = ORIENTED_EDGE('',*,*,#6664,.T.);
#6664 = EDGE_CURVE('',#898,#6665,#6667,.T.);
#6665 = VERTEX_POINT('',#6666);
#6666 = CARTESIAN_POINT('',(3.761005859375,55.11599609375,1.4));
#6667 = SURFACE_CURVE('',#6668,(#6672,#6679),.PCURVE_S1.);
#6668 = LINE('',#6669,#6670);
#6669 = CARTESIAN_POINT('',(3.761005859375,55.11599609375,1.));
#6670 = VECTOR('',#6671,1.);
#6671 = DIRECTION('',(0.,0.,1.));
#6672 = PCURVE('',#943,#6673);
#6673 = DEFINITIONAL_REPRESENTATION('',(#6674),#6678);
#6674 = LINE('',#6675,#6676);
#6675 = CARTESIAN_POINT('',(0.,0.));
#6676 = VECTOR('',#6677,1.);
#6677 = DIRECTION('',(0.,-1.));
#6678 = ( GEOMETRIC_REPRESENTATION_CONTEXT(2) 
PARAMETRIC_REPRESENTATION_CONTEXT() REPRESENTATION_CONTEXT('2D SPACE',''
  ) );
#6679 = PCURVE('',#913,#6680);
#6680 = DEFINITIONAL_REPRESENTATION('',(#6681),#6685);
#6681 = LINE('',#6682,#6683);
#6682 = CARTESIAN_POINT('',(1.,0.));
#6683 = VECTOR('',#6684,1.);
#6684 = DIRECTION('',(0.,-1.));
#6685 = ( GEOMETRIC_REPRESENTATION_CONTEXT(2) 
PARAMETRIC_REPRESENTATION_CONTEXT() REPRESENTATION_CONTEXT('2D SPACE',''
  ) );
#6686 = ORIENTED_EDGE('',*,*,#6687,.T.);
#6687 = EDGE_CURVE('',#6665,#6616,#6688,.T.);
#6688 = SURFACE_CURVE('',#6689,(#6693,#6700),.PCURVE_S1.);
#6689 = B_SPLINE_CURVE_WITH_KNOTS('',2,(#6690,#6691,#6692),
  .UNSPECIFIED.,.F.,.F.,(3,3),(0.,1.),.PIECEWISE_BEZIER_KNOTS.);
#6690 = CARTESIAN_POINT('',(3.761005859375,55.11599609375,1.4));
#6691 = CARTESIAN_POINT('',(3.55400390625,55.17,1.4));
#6692 = CARTESIAN_POINT('',(3.41900390625,55.245,1.4));
#6693 = PCURVE('',#943,#6694);
#6694 = DEFINITIONAL_REPRESENTATION('',(#6695),#6699);
#6695 = LINE('',#6696,#6697);
#6696 = CARTESIAN_POINT('',(0.,-0.4));
#6697 = VECTOR('',#6698,1.);
#6698 = DIRECTION('',(1.,0.));
#6699 = ( GEOMETRIC_REPRESENTATION_CONTEXT(2) 
PARAMETRIC_REPRESENTATION_CONTEXT() REPRESENTATION_CONTEXT('2D SPACE',''
  ) );
#6700 = PCURVE('',#5941,#6701);
#6701 = DEFINITIONAL_REPRESENTATION('',(#6702),#6706);
#6702 = B_SPLINE_CURVE_WITH_KNOTS('',2,(#6703,#6704,#6705),
  .UNSPECIFIED.,.F.,.F.,(3,3),(0.,1.),.PIECEWISE_BEZIER_KNOTS.);
#6703 = CARTESIAN_POINT('',(1.167001953125,-8.400390625E-02));
#6704 = CARTESIAN_POINT('',(0.96,-3.E-02));
#6705 = CARTESIAN_POINT('',(0.825,4.5E-02));
#6706 = ( GEOMETRIC_REPRESENTATION_CONTEXT(2) 
PARAMETRIC_REPRESENTATION_CONTEXT() REPRESENTATION_CONTEXT('2D SPACE',''
  ) );
#6707 = ORIENTED_EDGE('',*,*,#6615,.F.);
#6708 = ORIENTED_EDGE('',*,*,#927,.F.);
#6709 = ADVANCED_FACE('',(#6710),#913,.T.);
#6710 = FACE_BOUND('',#6711,.T.);
#6711 = EDGE_LOOP('',(#6712,#6735,#6756,#6757));
#6712 = ORIENTED_EDGE('',*,*,#6713,.T.);
#6713 = EDGE_CURVE('',#868,#6714,#6716,.T.);
#6714 = VERTEX_POINT('',#6715);
#6715 = CARTESIAN_POINT('',(4.21400390625,55.0619921875,1.4));
#6716 = SURFACE_CURVE('',#6717,(#6721,#6728),.PCURVE_S1.);
#6717 = LINE('',#6718,#6719);
#6718 = CARTESIAN_POINT('',(4.21400390625,55.0619921875,1.));
#6719 = VECTOR('',#6720,1.);
#6720 = DIRECTION('',(0.,0.,1.));
#6721 = PCURVE('',#913,#6722);
#6722 = DEFINITIONAL_REPRESENTATION('',(#6723),#6727);
#6723 = LINE('',#6724,#6725);
#6724 = CARTESIAN_POINT('',(0.,0.));
#6725 = VECTOR('',#6726,1.);
#6726 = DIRECTION('',(0.,-1.));
#6727 = ( GEOMETRIC_REPRESENTATION_CONTEXT(2) 
PARAMETRIC_REPRESENTATION_CONTEXT() REPRESENTATION_CONTEXT('2D SPACE',''
  ) );
#6728 = PCURVE('',#883,#6729);
#6729 = DEFINITIONAL_REPRESENTATION('',(#6730),#6734);
#6730 = LINE('',#6731,#6732);
#6731 = CARTESIAN_POINT('',(1.,0.));
#6732 = VECTOR('',#6733,1.);
#6733 = DIRECTION('',(0.,-1.));
#6734 = ( GEOMETRIC_REPRESENTATION_CONTEXT(2) 
PARAMETRIC_REPRESENTATION_CONTEXT() REPRESENTATION_CONTEXT('2D SPACE',''
  ) );
#6735 = ORIENTED_EDGE('',*,*,#6736,.T.);
#6736 = EDGE_CURVE('',#6714,#6665,#6737,.T.);
#6737 = SURFACE_CURVE('',#6738,(#6742,#6749),.PCURVE_S1.);
#6738 = B_SPLINE_CURVE_WITH_KNOTS('',2,(#6739,#6740,#6741),
  .UNSPECIFIED.,.F.,.F.,(3,3),(0.,1.),.PIECEWISE_BEZIER_KNOTS.);
#6739 = CARTESIAN_POINT('',(4.21400390625,55.0619921875,1.4));
#6740 = CARTESIAN_POINT('',(3.9680078125,55.0619921875,1.4));
#6741 = CARTESIAN_POINT('',(3.761005859375,55.11599609375,1.4));
#6742 = PCURVE('',#913,#6743);
#6743 = DEFINITIONAL_REPRESENTATION('',(#6744),#6748);
#6744 = LINE('',#6745,#6746);
#6745 = CARTESIAN_POINT('',(0.,-0.4));
#6746 = VECTOR('',#6747,1.);
#6747 = DIRECTION('',(1.,0.));
#6748 = ( GEOMETRIC_REPRESENTATION_CONTEXT(2) 
PARAMETRIC_REPRESENTATION_CONTEXT() REPRESENTATION_CONTEXT('2D SPACE',''
  ) );
#6749 = PCURVE('',#5941,#6750);
#6750 = DEFINITIONAL_REPRESENTATION('',(#6751),#6755);
#6751 = B_SPLINE_CURVE_WITH_KNOTS('',2,(#6752,#6753,#6754),
  .UNSPECIFIED.,.F.,.F.,(3,3),(0.,1.),.PIECEWISE_BEZIER_KNOTS.);
#6752 = CARTESIAN_POINT('',(1.62,-0.1380078125));
#6753 = CARTESIAN_POINT('',(1.37400390625,-0.1380078125));
#6754 = CARTESIAN_POINT('',(1.167001953125,-8.400390625E-02));
#6755 = ( GEOMETRIC_REPRESENTATION_CONTEXT(2) 
PARAMETRIC_REPRESENTATION_CONTEXT() REPRESENTATION_CONTEXT('2D SPACE',''
  ) );
#6756 = ORIENTED_EDGE('',*,*,#6664,.F.);
#6757 = ORIENTED_EDGE('',*,*,#897,.F.);
#6758 = ADVANCED_FACE('',(#6759),#883,.T.);
#6759 = FACE_BOUND('',#6760,.T.);
#6760 = EDGE_LOOP('',(#6761,#6784,#6805,#6806));
#6761 = ORIENTED_EDGE('',*,*,#6762,.T.);
#6762 = EDGE_CURVE('',#838,#6763,#6765,.T.);
#6763 = VERTEX_POINT('',#6764);
#6764 = CARTESIAN_POINT('',(5.26400390625,55.487998046875,1.4));
#6765 = SURFACE_CURVE('',#6766,(#6770,#6777),.PCURVE_S1.);
#6766 = LINE('',#6767,#6768);
#6767 = CARTESIAN_POINT('',(5.26400390625,55.487998046875,1.));
#6768 = VECTOR('',#6769,1.);
#6769 = DIRECTION('',(0.,0.,1.));
#6770 = PCURVE('',#883,#6771);
#6771 = DEFINITIONAL_REPRESENTATION('',(#6772),#6776);
#6772 = LINE('',#6773,#6774);
#6773 = CARTESIAN_POINT('',(0.,0.));
#6774 = VECTOR('',#6775,1.);
#6775 = DIRECTION('',(0.,-1.));
#6776 = ( GEOMETRIC_REPRESENTATION_CONTEXT(2) 
PARAMETRIC_REPRESENTATION_CONTEXT() REPRESENTATION_CONTEXT('2D SPACE',''
  ) );
#6777 = PCURVE('',#853,#6778);
#6778 = DEFINITIONAL_REPRESENTATION('',(#6779),#6783);
#6779 = LINE('',#6780,#6781);
#6780 = CARTESIAN_POINT('',(1.,0.));
#6781 = VECTOR('',#6782,1.);
#6782 = DIRECTION('',(0.,-1.));
#6783 = ( GEOMETRIC_REPRESENTATION_CONTEXT(2) 
PARAMETRIC_REPRESENTATION_CONTEXT() REPRESENTATION_CONTEXT('2D SPACE',''
  ) );
#6784 = ORIENTED_EDGE('',*,*,#6785,.T.);
#6785 = EDGE_CURVE('',#6763,#6714,#6786,.T.);
#6786 = SURFACE_CURVE('',#6787,(#6791,#6798),.PCURVE_S1.);
#6787 = B_SPLINE_CURVE_WITH_KNOTS('',2,(#6788,#6789,#6790),
  .UNSPECIFIED.,.F.,.F.,(3,3),(0.,1.),.PIECEWISE_BEZIER_KNOTS.);
#6788 = CARTESIAN_POINT('',(5.26400390625,55.487998046875,1.4));
#6789 = CARTESIAN_POINT('',(4.85599609375,55.0619921875,1.4));
#6790 = CARTESIAN_POINT('',(4.21400390625,55.0619921875,1.4));
#6791 = PCURVE('',#883,#6792);
#6792 = DEFINITIONAL_REPRESENTATION('',(#6793),#6797);
#6793 = LINE('',#6794,#6795);
#6794 = CARTESIAN_POINT('',(0.,-0.4));
#6795 = VECTOR('',#6796,1.);
#6796 = DIRECTION('',(1.,0.));
#6797 = ( GEOMETRIC_REPRESENTATION_CONTEXT(2) 
PARAMETRIC_REPRESENTATION_CONTEXT() REPRESENTATION_CONTEXT('2D SPACE',''
  ) );
#6798 = PCURVE('',#5941,#6799);
#6799 = DEFINITIONAL_REPRESENTATION('',(#6800),#6804);
#6800 = B_SPLINE_CURVE_WITH_KNOTS('',2,(#6801,#6802,#6803),
  .UNSPECIFIED.,.F.,.F.,(3,3),(0.,1.),.PIECEWISE_BEZIER_KNOTS.);
#6801 = CARTESIAN_POINT('',(2.67,0.287998046875));
#6802 = CARTESIAN_POINT('',(2.2619921875,-0.1380078125));
#6803 = CARTESIAN_POINT('',(1.62,-0.1380078125));
#6804 = ( GEOMETRIC_REPRESENTATION_CONTEXT(2) 
PARAMETRIC_REPRESENTATION_CONTEXT() REPRESENTATION_CONTEXT('2D SPACE',''
  ) );
#6805 = ORIENTED_EDGE('',*,*,#6713,.F.);
#6806 = ORIENTED_EDGE('',*,*,#867,.F.);
#6807 = ADVANCED_FACE('',(#6808),#853,.T.);
#6808 = FACE_BOUND('',#6809,.T.);
#6809 = EDGE_LOOP('',(#6810,#6833,#6854,#6855));
#6810 = ORIENTED_EDGE('',*,*,#6811,.T.);
#6811 = EDGE_CURVE('',#808,#6812,#6814,.T.);
#6812 = VERTEX_POINT('',#6813);
#6813 = CARTESIAN_POINT('',(5.67201171875,56.58599609375,1.4));
#6814 = SURFACE_CURVE('',#6815,(#6819,#6826),.PCURVE_S1.);
#6815 = LINE('',#6816,#6817);
#6816 = CARTESIAN_POINT('',(5.67201171875,56.58599609375,1.));
#6817 = VECTOR('',#6818,1.);
#6818 = DIRECTION('',(0.,0.,1.));
#6819 = PCURVE('',#853,#6820);
#6820 = DEFINITIONAL_REPRESENTATION('',(#6821),#6825);
#6821 = LINE('',#6822,#6823);
#6822 = CARTESIAN_POINT('',(0.,0.));
#6823 = VECTOR('',#6824,1.);
#6824 = DIRECTION('',(0.,-1.));
#6825 = ( GEOMETRIC_REPRESENTATION_CONTEXT(2) 
PARAMETRIC_REPRESENTATION_CONTEXT() REPRESENTATION_CONTEXT('2D SPACE',''
  ) );
#6826 = PCURVE('',#823,#6827);
#6827 = DEFINITIONAL_REPRESENTATION('',(#6828),#6832);
#6828 = LINE('',#6829,#6830);
#6829 = CARTESIAN_POINT('',(1.,0.));
#6830 = VECTOR('',#6831,1.);
#6831 = DIRECTION('',(0.,-1.));
#6832 = ( GEOMETRIC_REPRESENTATION_CONTEXT(2) 
PARAMETRIC_REPRESENTATION_CONTEXT() REPRESENTATION_CONTEXT('2D SPACE',''
  ) );
#6833 = ORIENTED_EDGE('',*,*,#6834,.T.);
#6834 = EDGE_CURVE('',#6812,#6763,#6835,.T.);
#6835 = SURFACE_CURVE('',#6836,(#6840,#6847),.PCURVE_S1.);
#6836 = B_SPLINE_CURVE_WITH_KNOTS('',2,(#6837,#6838,#6839),
  .UNSPECIFIED.,.F.,.F.,(3,3),(0.,1.),.PIECEWISE_BEZIER_KNOTS.);
#6837 = CARTESIAN_POINT('',(5.67201171875,56.58599609375,1.4));
#6838 = CARTESIAN_POINT('',(5.67201171875,55.91400390625,1.4));
#6839 = CARTESIAN_POINT('',(5.26400390625,55.487998046875,1.4));
#6840 = PCURVE('',#853,#6841);
#6841 = DEFINITIONAL_REPRESENTATION('',(#6842),#6846);
#6842 = LINE('',#6843,#6844);
#6843 = CARTESIAN_POINT('',(0.,-0.4));
#6844 = VECTOR('',#6845,1.);
#6845 = DIRECTION('',(1.,0.));
#6846 = ( GEOMETRIC_REPRESENTATION_CONTEXT(2) 
PARAMETRIC_REPRESENTATION_CONTEXT() REPRESENTATION_CONTEXT('2D SPACE',''
  ) );
#6847 = PCURVE('',#5941,#6848);
#6848 = DEFINITIONAL_REPRESENTATION('',(#6849),#6853);
#6849 = B_SPLINE_CURVE_WITH_KNOTS('',2,(#6850,#6851,#6852),
  .UNSPECIFIED.,.F.,.F.,(3,3),(0.,1.),.PIECEWISE_BEZIER_KNOTS.);
#6850 = CARTESIAN_POINT('',(3.0780078125,1.38599609375));
#6851 = CARTESIAN_POINT('',(3.0780078125,0.71400390625));
#6852 = CARTESIAN_POINT('',(2.67,0.287998046875));
#6853 = ( GEOMETRIC_REPRESENTATION_CONTEXT(2) 
PARAMETRIC_REPRESENTATION_CONTEXT() REPRESENTATION_CONTEXT('2D SPACE',''
  ) );
#6854 = ORIENTED_EDGE('',*,*,#6762,.F.);
#6855 = ORIENTED_EDGE('',*,*,#837,.F.);
#6856 = ADVANCED_FACE('',(#6857),#823,.T.);
#6857 = FACE_BOUND('',#6858,.T.);
#6858 = EDGE_LOOP('',(#6859,#6882,#6903,#6904));
#6859 = ORIENTED_EDGE('',*,*,#6860,.T.);
#6860 = EDGE_CURVE('',#778,#6861,#6863,.T.);
#6861 = VERTEX_POINT('',#6862);
#6862 = CARTESIAN_POINT('',(5.291005859375,57.608994140625,1.4));
#6863 = SURFACE_CURVE('',#6864,(#6868,#6875),.PCURVE_S1.);
#6864 = LINE('',#6865,#6866);
#6865 = CARTESIAN_POINT('',(5.291005859375,57.608994140625,1.));
#6866 = VECTOR('',#6867,1.);
#6867 = DIRECTION('',(0.,0.,1.));
#6868 = PCURVE('',#823,#6869);
#6869 = DEFINITIONAL_REPRESENTATION('',(#6870),#6874);
#6870 = LINE('',#6871,#6872);
#6871 = CARTESIAN_POINT('',(0.,0.));
#6872 = VECTOR('',#6873,1.);
#6873 = DIRECTION('',(0.,-1.));
#6874 = ( GEOMETRIC_REPRESENTATION_CONTEXT(2) 
PARAMETRIC_REPRESENTATION_CONTEXT() REPRESENTATION_CONTEXT('2D SPACE',''
  ) );
#6875 = PCURVE('',#793,#6876);
#6876 = DEFINITIONAL_REPRESENTATION('',(#6877),#6881);
#6877 = LINE('',#6878,#6879);
#6878 = CARTESIAN_POINT('',(1.,0.));
#6879 = VECTOR('',#6880,1.);
#6880 = DIRECTION('',(0.,-1.));
#6881 = ( GEOMETRIC_REPRESENTATION_CONTEXT(2) 
PARAMETRIC_REPRESENTATION_CONTEXT() REPRESENTATION_CONTEXT('2D SPACE',''
  ) );
#6882 = ORIENTED_EDGE('',*,*,#6883,.T.);
#6883 = EDGE_CURVE('',#6861,#6812,#6884,.T.);
#6884 = SURFACE_CURVE('',#6885,(#6889,#6896),.PCURVE_S1.);
#6885 = B_SPLINE_CURVE_WITH_KNOTS('',2,(#6886,#6887,#6888),
  .UNSPECIFIED.,.F.,.F.,(3,3),(0.,1.),.PIECEWISE_BEZIER_KNOTS.);
#6886 = CARTESIAN_POINT('',(5.291005859375,57.608994140625,1.4));
#6887 = CARTESIAN_POINT('',(5.67201171875,57.21599609375,1.4));
#6888 = CARTESIAN_POINT('',(5.67201171875,56.58599609375,1.4));
#6889 = PCURVE('',#823,#6890);
#6890 = DEFINITIONAL_REPRESENTATION('',(#6891),#6895);
#6891 = LINE('',#6892,#6893);
#6892 = CARTESIAN_POINT('',(0.,-0.4));
#6893 = VECTOR('',#6894,1.);
#6894 = DIRECTION('',(1.,0.));
#6895 = ( GEOMETRIC_REPRESENTATION_CONTEXT(2) 
PARAMETRIC_REPRESENTATION_CONTEXT() REPRESENTATION_CONTEXT('2D SPACE',''
  ) );
#6896 = PCURVE('',#5941,#6897);
#6897 = DEFINITIONAL_REPRESENTATION('',(#6898),#6902);
#6898 = B_SPLINE_CURVE_WITH_KNOTS('',2,(#6899,#6900,#6901),
  .UNSPECIFIED.,.F.,.F.,(3,3),(0.,1.),.PIECEWISE_BEZIER_KNOTS.);
#6899 = CARTESIAN_POINT('',(2.697001953125,2.408994140625));
#6900 = CARTESIAN_POINT('',(3.0780078125,2.01599609375));
#6901 = CARTESIAN_POINT('',(3.0780078125,1.38599609375));
#6902 = ( GEOMETRIC_REPRESENTATION_CONTEXT(2) 
PARAMETRIC_REPRESENTATION_CONTEXT() REPRESENTATION_CONTEXT('2D SPACE',''
  ) );
#6903 = ORIENTED_EDGE('',*,*,#6811,.F.);
#6904 = ORIENTED_EDGE('',*,*,#807,.F.);
#6905 = ADVANCED_FACE('',(#6906),#793,.T.);
#6906 = FACE_BOUND('',#6907,.T.);
#6907 = EDGE_LOOP('',(#6908,#6931,#6952,#6953));
#6908 = ORIENTED_EDGE('',*,*,#6909,.T.);
#6909 = EDGE_CURVE('',#748,#6910,#6912,.T.);
#6910 = VERTEX_POINT('',#6911);
#6911 = CARTESIAN_POINT('',(4.2980078125,58.0019921875,1.4));
#6912 = SURFACE_CURVE('',#6913,(#6917,#6924),.PCURVE_S1.);
#6913 = LINE('',#6914,#6915);
#6914 = CARTESIAN_POINT('',(4.2980078125,58.0019921875,1.));
#6915 = VECTOR('',#6916,1.);
#6916 = DIRECTION('',(0.,0.,1.));
#6917 = PCURVE('',#793,#6918);
#6918 = DEFINITIONAL_REPRESENTATION('',(#6919),#6923);
#6919 = LINE('',#6920,#6921);
#6920 = CARTESIAN_POINT('',(0.,0.));
#6921 = VECTOR('',#6922,1.);
#6922 = DIRECTION('',(0.,-1.));
#6923 = ( GEOMETRIC_REPRESENTATION_CONTEXT(2) 
PARAMETRIC_REPRESENTATION_CONTEXT() REPRESENTATION_CONTEXT('2D SPACE',''
  ) );
#6924 = PCURVE('',#763,#6925);
#6925 = DEFINITIONAL_REPRESENTATION('',(#6926),#6930);
#6926 = LINE('',#6927,#6928);
#6927 = CARTESIAN_POINT('',(1.,0.));
#6928 = VECTOR('',#6929,1.);
#6929 = DIRECTION('',(0.,-1.));
#6930 = ( GEOMETRIC_REPRESENTATION_CONTEXT(2) 
PARAMETRIC_REPRESENTATION_CONTEXT() REPRESENTATION_CONTEXT('2D SPACE',''
  ) );
#6931 = ORIENTED_EDGE('',*,*,#6932,.T.);
#6932 = EDGE_CURVE('',#6910,#6861,#6933,.T.);
#6933 = SURFACE_CURVE('',#6934,(#6938,#6945),.PCURVE_S1.);
#6934 = B_SPLINE_CURVE_WITH_KNOTS('',2,(#6935,#6936,#6937),
  .UNSPECIFIED.,.F.,.F.,(3,3),(0.,1.),.PIECEWISE_BEZIER_KNOTS.);
#6935 = CARTESIAN_POINT('',(4.2980078125,58.0019921875,1.4));
#6936 = CARTESIAN_POINT('',(4.91,58.0019921875,1.4));
#6937 = CARTESIAN_POINT('',(5.291005859375,57.608994140625,1.4));
#6938 = PCURVE('',#793,#6939);
#6939 = DEFINITIONAL_REPRESENTATION('',(#6940),#6944);
#6940 = LINE('',#6941,#6942);
#6941 = CARTESIAN_POINT('',(0.,-0.4));
#6942 = VECTOR('',#6943,1.);
#6943 = DIRECTION('',(1.,0.));
#6944 = ( GEOMETRIC_REPRESENTATION_CONTEXT(2) 
PARAMETRIC_REPRESENTATION_CONTEXT() REPRESENTATION_CONTEXT('2D SPACE',''
  ) );
#6945 = PCURVE('',#5941,#6946);
#6946 = DEFINITIONAL_REPRESENTATION('',(#6947),#6951);
#6947 = B_SPLINE_CURVE_WITH_KNOTS('',2,(#6948,#6949,#6950),
  .UNSPECIFIED.,.F.,.F.,(3,3),(0.,1.),.PIECEWISE_BEZIER_KNOTS.);
#6948 = CARTESIAN_POINT('',(1.70400390625,2.8019921875));
#6949 = CARTESIAN_POINT('',(2.31599609375,2.8019921875));
#6950 = CARTESIAN_POINT('',(2.697001953125,2.408994140625));
#6951 = ( GEOMETRIC_REPRESENTATION_CONTEXT(2) 
PARAMETRIC_REPRESENTATION_CONTEXT() REPRESENTATION_CONTEXT('2D SPACE',''
  ) );
#6952 = ORIENTED_EDGE('',*,*,#6860,.F.);
#6953 = ORIENTED_EDGE('',*,*,#777,.F.);
#6954 = ADVANCED_FACE('',(#6955),#763,.T.);
#6955 = FACE_BOUND('',#6956,.T.);
#6956 = EDGE_LOOP('',(#6957,#6980,#7001,#7002));
#6957 = ORIENTED_EDGE('',*,*,#6958,.T.);
#6958 = EDGE_CURVE('',#720,#6959,#6961,.T.);
#6959 = VERTEX_POINT('',#6960);
#6960 = CARTESIAN_POINT('',(3.51201171875,57.74400390625,1.4));
#6961 = SURFACE_CURVE('',#6962,(#6966,#6973),.PCURVE_S1.);
#6962 = LINE('',#6963,#6964);
#6963 = CARTESIAN_POINT('',(3.51201171875,57.74400390625,1.));
#6964 = VECTOR('',#6965,1.);
#6965 = DIRECTION('',(0.,0.,1.));
#6966 = PCURVE('',#763,#6967);
#6967 = DEFINITIONAL_REPRESENTATION('',(#6968),#6972);
#6968 = LINE('',#6969,#6970);
#6969 = CARTESIAN_POINT('',(0.,0.));
#6970 = VECTOR('',#6971,1.);
#6971 = DIRECTION('',(0.,-1.));
#6972 = ( GEOMETRIC_REPRESENTATION_CONTEXT(2) 
PARAMETRIC_REPRESENTATION_CONTEXT() REPRESENTATION_CONTEXT('2D SPACE',''
  ) );
#6973 = PCURVE('',#735,#6974);
#6974 = DEFINITIONAL_REPRESENTATION('',(#6975),#6979);
#6975 = LINE('',#6976,#6977);
#6976 = CARTESIAN_POINT('',(1.199806742365,-0.));
#6977 = VECTOR('',#6978,1.);
#6978 = DIRECTION('',(0.,-1.));
#6979 = ( GEOMETRIC_REPRESENTATION_CONTEXT(2) 
PARAMETRIC_REPRESENTATION_CONTEXT() REPRESENTATION_CONTEXT('2D SPACE',''
  ) );
#6980 = ORIENTED_EDGE('',*,*,#6981,.T.);
#6981 = EDGE_CURVE('',#6959,#6910,#6982,.T.);
#6982 = SURFACE_CURVE('',#6983,(#6987,#6994),.PCURVE_S1.);
#6983 = B_SPLINE_CURVE_WITH_KNOTS('',2,(#6984,#6985,#6986),
  .UNSPECIFIED.,.F.,.F.,(3,3),(0.,1.),.PIECEWISE_BEZIER_KNOTS.);
#6984 = CARTESIAN_POINT('',(3.51201171875,57.74400390625,1.4));
#6985 = CARTESIAN_POINT('',(3.86599609375,58.0019921875,1.4));
#6986 = CARTESIAN_POINT('',(4.2980078125,58.0019921875,1.4));
#6987 = PCURVE('',#763,#6988);
#6988 = DEFINITIONAL_REPRESENTATION('',(#6989),#6993);
#6989 = LINE('',#6990,#6991);
#6990 = CARTESIAN_POINT('',(0.,-0.4));
#6991 = VECTOR('',#6992,1.);
#6992 = DIRECTION('',(1.,0.));
#6993 = ( GEOMETRIC_REPRESENTATION_CONTEXT(2) 
PARAMETRIC_REPRESENTATION_CONTEXT() REPRESENTATION_CONTEXT('2D SPACE',''
  ) );
#6994 = PCURVE('',#5941,#6995);
#6995 = DEFINITIONAL_REPRESENTATION('',(#6996),#7000);
#6996 = B_SPLINE_CURVE_WITH_KNOTS('',2,(#6997,#6998,#6999),
  .UNSPECIFIED.,.F.,.F.,(3,3),(0.,1.),.PIECEWISE_BEZIER_KNOTS.);
#6997 = CARTESIAN_POINT('',(0.9180078125,2.54400390625));
#6998 = CARTESIAN_POINT('',(1.2719921875,2.8019921875));
#6999 = CARTESIAN_POINT('',(1.70400390625,2.8019921875));
#7000 = ( GEOMETRIC_REPRESENTATION_CONTEXT(2) 
PARAMETRIC_REPRESENTATION_CONTEXT() REPRESENTATION_CONTEXT('2D SPACE',''
  ) );
#7001 = ORIENTED_EDGE('',*,*,#6909,.F.);
#7002 = ORIENTED_EDGE('',*,*,#747,.F.);
#7003 = ADVANCED_FACE('',(#7004),#735,.T.);
#7004 = FACE_BOUND('',#7005,.T.);
#7005 = EDGE_LOOP('',(#7006,#7029,#7050,#7051));
#7006 = ORIENTED_EDGE('',*,*,#7007,.T.);
#7007 = EDGE_CURVE('',#692,#7008,#7010,.T.);
#7008 = VERTEX_POINT('',#7009);
#7009 = CARTESIAN_POINT('',(3.68,58.9319921875,1.4));
#7010 = SURFACE_CURVE('',#7011,(#7015,#7022),.PCURVE_S1.);
#7011 = LINE('',#7012,#7013);
#7012 = CARTESIAN_POINT('',(3.68,58.9319921875,1.));
#7013 = VECTOR('',#7014,1.);
#7014 = DIRECTION('',(0.,0.,1.));
#7015 = PCURVE('',#735,#7016);
#7016 = DEFINITIONAL_REPRESENTATION('',(#7017),#7021);
#7017 = LINE('',#7018,#7019);
#7018 = CARTESIAN_POINT('',(0.,0.));
#7019 = VECTOR('',#7020,1.);
#7020 = DIRECTION('',(0.,-1.));
#7021 = ( GEOMETRIC_REPRESENTATION_CONTEXT(2) 
PARAMETRIC_REPRESENTATION_CONTEXT() REPRESENTATION_CONTEXT('2D SPACE',''
  ) );
#7022 = PCURVE('',#707,#7023);
#7023 = DEFINITIONAL_REPRESENTATION('',(#7024),#7028);
#7024 = LINE('',#7025,#7026);
#7025 = CARTESIAN_POINT('',(1.77,0.));
#7026 = VECTOR('',#7027,1.);
#7027 = DIRECTION('',(0.,-1.));
#7028 = ( GEOMETRIC_REPRESENTATION_CONTEXT(2) 
PARAMETRIC_REPRESENTATION_CONTEXT() REPRESENTATION_CONTEXT('2D SPACE',''
  ) );
#7029 = ORIENTED_EDGE('',*,*,#7030,.T.);
#7030 = EDGE_CURVE('',#7008,#6959,#7031,.T.);
#7031 = SURFACE_CURVE('',#7032,(#7036,#7043),.PCURVE_S1.);
#7032 = LINE('',#7033,#7034);
#7033 = CARTESIAN_POINT('',(3.68,58.9319921875,1.4));
#7034 = VECTOR('',#7035,1.);
#7035 = DIRECTION('',(-0.140012783158,-0.990149696032,0.));
#7036 = PCURVE('',#735,#7037);
#7037 = DEFINITIONAL_REPRESENTATION('',(#7038),#7042);
#7038 = LINE('',#7039,#7040);
#7039 = CARTESIAN_POINT('',(0.,-0.4));
#7040 = VECTOR('',#7041,1.);
#7041 = DIRECTION('',(1.,-0.));
#7042 = ( GEOMETRIC_REPRESENTATION_CONTEXT(2) 
PARAMETRIC_REPRESENTATION_CONTEXT() REPRESENTATION_CONTEXT('2D SPACE',''
  ) );
#7043 = PCURVE('',#5941,#7044);
#7044 = DEFINITIONAL_REPRESENTATION('',(#7045),#7049);
#7045 = LINE('',#7046,#7047);
#7046 = CARTESIAN_POINT('',(1.08599609375,3.7319921875));
#7047 = VECTOR('',#7048,1.);
#7048 = DIRECTION('',(-0.140012783158,-0.990149696032));
#7049 = ( GEOMETRIC_REPRESENTATION_CONTEXT(2) 
PARAMETRIC_REPRESENTATION_CONTEXT() REPRESENTATION_CONTEXT('2D SPACE',''
  ) );
#7050 = ORIENTED_EDGE('',*,*,#6958,.F.);
#7051 = ORIENTED_EDGE('',*,*,#719,.F.);
#7052 = ADVANCED_FACE('',(#7053),#707,.T.);
#7053 = FACE_BOUND('',#7054,.T.);
#7054 = EDGE_LOOP('',(#7055,#7078,#7099,#7100));
#7055 = ORIENTED_EDGE('',*,*,#7056,.T.);
#7056 = EDGE_CURVE('',#664,#7057,#7059,.T.);
#7057 = VERTEX_POINT('',#7058);
#7058 = CARTESIAN_POINT('',(5.45,58.9319921875,1.4));
#7059 = SURFACE_CURVE('',#7060,(#7064,#7071),.PCURVE_S1.);
#7060 = LINE('',#7061,#7062);
#7061 = CARTESIAN_POINT('',(5.45,58.9319921875,1.));
#7062 = VECTOR('',#7063,1.);
#7063 = DIRECTION('',(0.,0.,1.));
#7064 = PCURVE('',#707,#7065);
#7065 = DEFINITIONAL_REPRESENTATION('',(#7066),#7070);
#7066 = LINE('',#7067,#7068);
#7067 = CARTESIAN_POINT('',(0.,-0.));
#7068 = VECTOR('',#7069,1.);
#7069 = DIRECTION('',(0.,-1.));
#7070 = ( GEOMETRIC_REPRESENTATION_CONTEXT(2) 
PARAMETRIC_REPRESENTATION_CONTEXT() REPRESENTATION_CONTEXT('2D SPACE',''
  ) );
#7071 = PCURVE('',#679,#7072);
#7072 = DEFINITIONAL_REPRESENTATION('',(#7073),#7077);
#7073 = LINE('',#7074,#7075);
#7074 = CARTESIAN_POINT('',(0.52201171875,0.));
#7075 = VECTOR('',#7076,1.);
#7076 = DIRECTION('',(0.,-1.));
#7077 = ( GEOMETRIC_REPRESENTATION_CONTEXT(2) 
PARAMETRIC_REPRESENTATION_CONTEXT() REPRESENTATION_CONTEXT('2D SPACE',''
  ) );
#7078 = ORIENTED_EDGE('',*,*,#7079,.T.);
#7079 = EDGE_CURVE('',#7057,#7008,#7080,.T.);
#7080 = SURFACE_CURVE('',#7081,(#7085,#7092),.PCURVE_S1.);
#7081 = LINE('',#7082,#7083);
#7082 = CARTESIAN_POINT('',(5.45,58.9319921875,1.4));
#7083 = VECTOR('',#7084,1.);
#7084 = DIRECTION('',(-1.,0.,0.));
#7085 = PCURVE('',#707,#7086);
#7086 = DEFINITIONAL_REPRESENTATION('',(#7087),#7091);
#7087 = LINE('',#7088,#7089);
#7088 = CARTESIAN_POINT('',(2.6645352591E-15,-0.4));
#7089 = VECTOR('',#7090,1.);
#7090 = DIRECTION('',(1.,0.));
#7091 = ( GEOMETRIC_REPRESENTATION_CONTEXT(2) 
PARAMETRIC_REPRESENTATION_CONTEXT() REPRESENTATION_CONTEXT('2D SPACE',''
  ) );
#7092 = PCURVE('',#5941,#7093);
#7093 = DEFINITIONAL_REPRESENTATION('',(#7094),#7098);
#7094 = LINE('',#7095,#7096);
#7095 = CARTESIAN_POINT('',(2.85599609375,3.7319921875));
#7096 = VECTOR('',#7097,1.);
#7097 = DIRECTION('',(-1.,0.));
#7098 = ( GEOMETRIC_REPRESENTATION_CONTEXT(2) 
PARAMETRIC_REPRESENTATION_CONTEXT() REPRESENTATION_CONTEXT('2D SPACE',''
  ) );
#7099 = ORIENTED_EDGE('',*,*,#7007,.F.);
#7100 = ORIENTED_EDGE('',*,*,#691,.F.);
#7101 = ADVANCED_FACE('',(#7102),#679,.T.);
#7102 = FACE_BOUND('',#7103,.T.);
#7103 = EDGE_LOOP('',(#7104,#7127,#7148,#7149));
#7104 = ORIENTED_EDGE('',*,*,#7105,.T.);
#7105 = EDGE_CURVE('',#636,#7106,#7108,.T.);
#7106 = VERTEX_POINT('',#7107);
#7107 = CARTESIAN_POINT('',(5.45,59.45400390625,1.4));
#7108 = SURFACE_CURVE('',#7109,(#7113,#7120),.PCURVE_S1.);
#7109 = LINE('',#7110,#7111);
#7110 = CARTESIAN_POINT('',(5.45,59.45400390625,1.));
#7111 = VECTOR('',#7112,1.);
#7112 = DIRECTION('',(0.,0.,1.));
#7113 = PCURVE('',#679,#7114);
#7114 = DEFINITIONAL_REPRESENTATION('',(#7115),#7119);
#7115 = LINE('',#7116,#7117);
#7116 = CARTESIAN_POINT('',(0.,0.));
#7117 = VECTOR('',#7118,1.);
#7118 = DIRECTION('',(0.,-1.));
#7119 = ( GEOMETRIC_REPRESENTATION_CONTEXT(2) 
PARAMETRIC_REPRESENTATION_CONTEXT() REPRESENTATION_CONTEXT('2D SPACE',''
  ) );
#7120 = PCURVE('',#651,#7121);
#7121 = DEFINITIONAL_REPRESENTATION('',(#7122),#7126);
#7122 = LINE('',#7123,#7124);
#7123 = CARTESIAN_POINT('',(2.19599609375,0.));
#7124 = VECTOR('',#7125,1.);
#7125 = DIRECTION('',(0.,-1.));
#7126 = ( GEOMETRIC_REPRESENTATION_CONTEXT(2) 
PARAMETRIC_REPRESENTATION_CONTEXT() REPRESENTATION_CONTEXT('2D SPACE',''
  ) );
#7127 = ORIENTED_EDGE('',*,*,#7128,.T.);
#7128 = EDGE_CURVE('',#7106,#7057,#7129,.T.);
#7129 = SURFACE_CURVE('',#7130,(#7134,#7141),.PCURVE_S1.);
#7130 = LINE('',#7131,#7132);
#7131 = CARTESIAN_POINT('',(5.45,59.45400390625,1.4));
#7132 = VECTOR('',#7133,1.);
#7133 = DIRECTION('',(0.,-1.,0.));
#7134 = PCURVE('',#679,#7135);
#7135 = DEFINITIONAL_REPRESENTATION('',(#7136),#7140);
#7136 = LINE('',#7137,#7138);
#7137 = CARTESIAN_POINT('',(-7.105427357601E-15,-0.4));
#7138 = VECTOR('',#7139,1.);
#7139 = DIRECTION('',(1.,0.));
#7140 = ( GEOMETRIC_REPRESENTATION_CONTEXT(2) 
PARAMETRIC_REPRESENTATION_CONTEXT() REPRESENTATION_CONTEXT('2D SPACE',''
  ) );
#7141 = PCURVE('',#5941,#7142);
#7142 = DEFINITIONAL_REPRESENTATION('',(#7143),#7147);
#7143 = LINE('',#7144,#7145);
#7144 = CARTESIAN_POINT('',(2.85599609375,4.25400390625));
#7145 = VECTOR('',#7146,1.);
#7146 = DIRECTION('',(0.,-1.));
#7147 = ( GEOMETRIC_REPRESENTATION_CONTEXT(2) 
PARAMETRIC_REPRESENTATION_CONTEXT() REPRESENTATION_CONTEXT('2D SPACE',''
  ) );
#7148 = ORIENTED_EDGE('',*,*,#7056,.F.);
#7149 = ORIENTED_EDGE('',*,*,#663,.F.);
#7150 = ADVANCED_FACE('',(#7151),#651,.T.);
#7151 = FACE_BOUND('',#7152,.T.);
#7152 = EDGE_LOOP('',(#7153,#7154,#7175,#7176));
#7153 = ORIENTED_EDGE('',*,*,#5953,.T.);
#7154 = ORIENTED_EDGE('',*,*,#7155,.T.);
#7155 = EDGE_CURVE('',#5926,#7106,#7156,.T.);
#7156 = SURFACE_CURVE('',#7157,(#7161,#7168),.PCURVE_S1.);
#7157 = LINE('',#7158,#7159);
#7158 = CARTESIAN_POINT('',(3.25400390625,59.45400390625,1.4));
#7159 = VECTOR('',#7160,1.);
#7160 = DIRECTION('',(1.,0.,0.));
#7161 = PCURVE('',#651,#7162);
#7162 = DEFINITIONAL_REPRESENTATION('',(#7163),#7167);
#7163 = LINE('',#7164,#7165);
#7164 = CARTESIAN_POINT('',(-1.7763568394E-15,-0.4));
#7165 = VECTOR('',#7166,1.);
#7166 = DIRECTION('',(1.,0.));
#7167 = ( GEOMETRIC_REPRESENTATION_CONTEXT(2) 
PARAMETRIC_REPRESENTATION_CONTEXT() REPRESENTATION_CONTEXT('2D SPACE',''
  ) );
#7168 = PCURVE('',#5941,#7169);
#7169 = DEFINITIONAL_REPRESENTATION('',(#7170),#7174);
#7170 = LINE('',#7171,#7172);
#7171 = CARTESIAN_POINT('',(0.66,4.25400390625));
#7172 = VECTOR('',#7173,1.);
#7173 = DIRECTION('',(1.,0.));
#7174 = ( GEOMETRIC_REPRESENTATION_CONTEXT(2) 
PARAMETRIC_REPRESENTATION_CONTEXT() REPRESENTATION_CONTEXT('2D SPACE',''
  ) );
#7175 = ORIENTED_EDGE('',*,*,#7105,.F.);
#7176 = ORIENTED_EDGE('',*,*,#635,.F.);
#7177 = ADVANCED_FACE('',(#7178),#1391,.T.);
#7178 = FACE_BOUND('',#7179,.T.);
#7179 = EDGE_LOOP('',(#7180,#7203,#7231,#7252));
#7180 = ORIENTED_EDGE('',*,*,#7181,.T.);
#7181 = EDGE_CURVE('',#1374,#7182,#7184,.T.);
#7182 = VERTEX_POINT('',#7183);
#7183 = CARTESIAN_POINT('',(8.42,55.2,1.4));
#7184 = SURFACE_CURVE('',#7185,(#7189,#7196),.PCURVE_S1.);
#7185 = LINE('',#7186,#7187);
#7186 = CARTESIAN_POINT('',(8.42,55.2,1.));
#7187 = VECTOR('',#7188,1.);
#7188 = DIRECTION('',(0.,0.,1.));
#7189 = PCURVE('',#1391,#7190);
#7190 = DEFINITIONAL_REPRESENTATION('',(#7191),#7195);
#7191 = LINE('',#7192,#7193);
#7192 = CARTESIAN_POINT('',(0.,-0.));
#7193 = VECTOR('',#7194,1.);
#7194 = DIRECTION('',(0.,-1.));
#7195 = ( GEOMETRIC_REPRESENTATION_CONTEXT(2) 
PARAMETRIC_REPRESENTATION_CONTEXT() REPRESENTATION_CONTEXT('2D SPACE',''
  ) );
#7196 = PCURVE('',#1669,#7197);
#7197 = DEFINITIONAL_REPRESENTATION('',(#7198),#7202);
#7198 = LINE('',#7199,#7200);
#7199 = CARTESIAN_POINT('',(1.02,0.));
#7200 = VECTOR('',#7201,1.);
#7201 = DIRECTION('',(0.,-1.));
#7202 = ( GEOMETRIC_REPRESENTATION_CONTEXT(2) 
PARAMETRIC_REPRESENTATION_CONTEXT() REPRESENTATION_CONTEXT('2D SPACE',''
  ) );
#7203 = ORIENTED_EDGE('',*,*,#7204,.T.);
#7204 = EDGE_CURVE('',#7182,#7205,#7207,.T.);
#7205 = VERTEX_POINT('',#7206);
#7206 = CARTESIAN_POINT('',(7.8919921875,55.2,1.4));
#7207 = SURFACE_CURVE('',#7208,(#7212,#7219),.PCURVE_S1.);
#7208 = LINE('',#7209,#7210);
#7209 = CARTESIAN_POINT('',(8.42,55.2,1.4));
#7210 = VECTOR('',#7211,1.);
#7211 = DIRECTION('',(-1.,0.,0.));
#7212 = PCURVE('',#1391,#7213);
#7213 = DEFINITIONAL_REPRESENTATION('',(#7214),#7218);
#7214 = LINE('',#7215,#7216);
#7215 = CARTESIAN_POINT('',(0.,-0.4));
#7216 = VECTOR('',#7217,1.);
#7217 = DIRECTION('',(1.,0.));
#7218 = ( GEOMETRIC_REPRESENTATION_CONTEXT(2) 
PARAMETRIC_REPRESENTATION_CONTEXT() REPRESENTATION_CONTEXT('2D SPACE',''
  ) );
#7219 = PCURVE('',#7220,#7225);
#7220 = PLANE('',#7221);
#7221 = AXIS2_PLACEMENT_3D('',#7222,#7223,#7224);
#7222 = CARTESIAN_POINT('',(5.93,55.2,1.4));
#7223 = DIRECTION('',(0.,0.,1.));
#7224 = DIRECTION('',(1.,0.,0.));
#7225 = DEFINITIONAL_REPRESENTATION('',(#7226),#7230);
#7226 = LINE('',#7227,#7228);
#7227 = CARTESIAN_POINT('',(2.49,0.));
#7228 = VECTOR('',#7229,1.);
#7229 = DIRECTION('',(-1.,0.));
#7230 = ( GEOMETRIC_REPRESENTATION_CONTEXT(2) 
PARAMETRIC_REPRESENTATION_CONTEXT() REPRESENTATION_CONTEXT('2D SPACE',''
  ) );
#7231 = ORIENTED_EDGE('',*,*,#7232,.F.);
#7232 = EDGE_CURVE('',#1376,#7205,#7233,.T.);
#7233 = SURFACE_CURVE('',#7234,(#7238,#7245),.PCURVE_S1.);
#7234 = LINE('',#7235,#7236);
#7235 = CARTESIAN_POINT('',(7.8919921875,55.2,1.));
#7236 = VECTOR('',#7237,1.);
#7237 = DIRECTION('',(0.,0.,1.));
#7238 = PCURVE('',#1391,#7239);
#7239 = DEFINITIONAL_REPRESENTATION('',(#7240),#7244);
#7240 = LINE('',#7241,#7242);
#7241 = CARTESIAN_POINT('',(0.5280078125,0.));
#7242 = VECTOR('',#7243,1.);
#7243 = DIRECTION('',(0.,-1.));
#7244 = ( GEOMETRIC_REPRESENTATION_CONTEXT(2) 
PARAMETRIC_REPRESENTATION_CONTEXT() REPRESENTATION_CONTEXT('2D SPACE',''
  ) );
#7245 = PCURVE('',#1419,#7246);
#7246 = DEFINITIONAL_REPRESENTATION('',(#7247),#7251);
#7247 = LINE('',#7248,#7249);
#7248 = CARTESIAN_POINT('',(0.,0.));
#7249 = VECTOR('',#7250,1.);
#7250 = DIRECTION('',(0.,-1.));
#7251 = ( GEOMETRIC_REPRESENTATION_CONTEXT(2) 
PARAMETRIC_REPRESENTATION_CONTEXT() REPRESENTATION_CONTEXT('2D SPACE',''
  ) );
#7252 = ORIENTED_EDGE('',*,*,#1373,.F.);
#7253 = ADVANCED_FACE('',(#7254),#1669,.T.);
#7254 = FACE_BOUND('',#7255,.T.);
#7255 = EDGE_LOOP('',(#7256,#7279,#7300,#7301));
#7256 = ORIENTED_EDGE('',*,*,#7257,.T.);
#7257 = EDGE_CURVE('',#1628,#7258,#7260,.T.);
#7258 = VERTEX_POINT('',#7259);
#7259 = CARTESIAN_POINT('',(8.42,56.22,1.4));
#7260 = SURFACE_CURVE('',#7261,(#7265,#7272),.PCURVE_S1.);
#7261 = LINE('',#7262,#7263);
#7262 = CARTESIAN_POINT('',(8.42,56.22,1.));
#7263 = VECTOR('',#7264,1.);
#7264 = DIRECTION('',(0.,0.,1.));
#7265 = PCURVE('',#1669,#7266);
#7266 = DEFINITIONAL_REPRESENTATION('',(#7267),#7271);
#7267 = LINE('',#7268,#7269);
#7268 = CARTESIAN_POINT('',(0.,0.));
#7269 = VECTOR('',#7270,1.);
#7270 = DIRECTION('',(0.,-1.));
#7271 = ( GEOMETRIC_REPRESENTATION_CONTEXT(2) 
PARAMETRIC_REPRESENTATION_CONTEXT() REPRESENTATION_CONTEXT('2D SPACE',''
  ) );
#7272 = PCURVE('',#1643,#7273);
#7273 = DEFINITIONAL_REPRESENTATION('',(#7274),#7278);
#7274 = LINE('',#7275,#7276);
#7275 = CARTESIAN_POINT('',(0.63,0.));
#7276 = VECTOR('',#7277,1.);
#7277 = DIRECTION('',(0.,-1.));
#7278 = ( GEOMETRIC_REPRESENTATION_CONTEXT(2) 
PARAMETRIC_REPRESENTATION_CONTEXT() REPRESENTATION_CONTEXT('2D SPACE',''
  ) );
#7279 = ORIENTED_EDGE('',*,*,#7280,.T.);
#7280 = EDGE_CURVE('',#7258,#7182,#7281,.T.);
#7281 = SURFACE_CURVE('',#7282,(#7286,#7293),.PCURVE_S1.);
#7282 = LINE('',#7283,#7284);
#7283 = CARTESIAN_POINT('',(8.42,56.22,1.4));
#7284 = VECTOR('',#7285,1.);
#7285 = DIRECTION('',(0.,-1.,0.));
#7286 = PCURVE('',#1669,#7287);
#7287 = DEFINITIONAL_REPRESENTATION('',(#7288),#7292);
#7288 = LINE('',#7289,#7290);
#7289 = CARTESIAN_POINT('',(0.,-0.4));
#7290 = VECTOR('',#7291,1.);
#7291 = DIRECTION('',(1.,0.));
#7292 = ( GEOMETRIC_REPRESENTATION_CONTEXT(2) 
PARAMETRIC_REPRESENTATION_CONTEXT() REPRESENTATION_CONTEXT('2D SPACE',''
  ) );
#7293 = PCURVE('',#7220,#7294);
#7294 = DEFINITIONAL_REPRESENTATION('',(#7295),#7299);
#7295 = LINE('',#7296,#7297);
#7296 = CARTESIAN_POINT('',(2.49,1.02));
#7297 = VECTOR('',#7298,1.);
#7298 = DIRECTION('',(0.,-1.));
#7299 = ( GEOMETRIC_REPRESENTATION_CONTEXT(2) 
PARAMETRIC_REPRESENTATION_CONTEXT() REPRESENTATION_CONTEXT('2D SPACE',''
  ) );
#7300 = ORIENTED_EDGE('',*,*,#7181,.F.);
#7301 = ORIENTED_EDGE('',*,*,#1655,.F.);
#7302 = ADVANCED_FACE('',(#7303),#1643,.T.);
#7303 = FACE_BOUND('',#7304,.T.);
#7304 = EDGE_LOOP('',(#7305,#7328,#7349,#7350));
#7305 = ORIENTED_EDGE('',*,*,#7306,.T.);
#7306 = EDGE_CURVE('',#1600,#7307,#7309,.T.);
#7307 = VERTEX_POINT('',#7308);
#7308 = CARTESIAN_POINT('',(9.05,56.22,1.4));
#7309 = SURFACE_CURVE('',#7310,(#7314,#7321),.PCURVE_S1.);
#7310 = LINE('',#7311,#7312);
#7311 = CARTESIAN_POINT('',(9.05,56.22,1.));
#7312 = VECTOR('',#7313,1.);
#7313 = DIRECTION('',(0.,0.,1.));
#7314 = PCURVE('',#1643,#7315);
#7315 = DEFINITIONAL_REPRESENTATION('',(#7316),#7320);
#7316 = LINE('',#7317,#7318);
#7317 = CARTESIAN_POINT('',(0.,-0.));
#7318 = VECTOR('',#7319,1.);
#7319 = DIRECTION('',(0.,-1.));
#7320 = ( GEOMETRIC_REPRESENTATION_CONTEXT(2) 
PARAMETRIC_REPRESENTATION_CONTEXT() REPRESENTATION_CONTEXT('2D SPACE',''
  ) );
#7321 = PCURVE('',#1615,#7322);
#7322 = DEFINITIONAL_REPRESENTATION('',(#7323),#7327);
#7323 = LINE('',#7324,#7325);
#7324 = CARTESIAN_POINT('',(0.47400390625,0.));
#7325 = VECTOR('',#7326,1.);
#7326 = DIRECTION('',(0.,-1.));
#7327 = ( GEOMETRIC_REPRESENTATION_CONTEXT(2) 
PARAMETRIC_REPRESENTATION_CONTEXT() REPRESENTATION_CONTEXT('2D SPACE',''
  ) );
#7328 = ORIENTED_EDGE('',*,*,#7329,.T.);
#7329 = EDGE_CURVE('',#7307,#7258,#7330,.T.);
#7330 = SURFACE_CURVE('',#7331,(#7335,#7342),.PCURVE_S1.);
#7331 = LINE('',#7332,#7333);
#7332 = CARTESIAN_POINT('',(9.05,56.22,1.4));
#7333 = VECTOR('',#7334,1.);
#7334 = DIRECTION('',(-1.,0.,0.));
#7335 = PCURVE('',#1643,#7336);
#7336 = DEFINITIONAL_REPRESENTATION('',(#7337),#7341);
#7337 = LINE('',#7338,#7339);
#7338 = CARTESIAN_POINT('',(0.,-0.4));
#7339 = VECTOR('',#7340,1.);
#7340 = DIRECTION('',(1.,0.));
#7341 = ( GEOMETRIC_REPRESENTATION_CONTEXT(2) 
PARAMETRIC_REPRESENTATION_CONTEXT() REPRESENTATION_CONTEXT('2D SPACE',''
  ) );
#7342 = PCURVE('',#7220,#7343);
#7343 = DEFINITIONAL_REPRESENTATION('',(#7344),#7348);
#7344 = LINE('',#7345,#7346);
#7345 = CARTESIAN_POINT('',(3.12,1.02));
#7346 = VECTOR('',#7347,1.);
#7347 = DIRECTION('',(-1.,0.));
#7348 = ( GEOMETRIC_REPRESENTATION_CONTEXT(2) 
PARAMETRIC_REPRESENTATION_CONTEXT() REPRESENTATION_CONTEXT('2D SPACE',''
  ) );
#7349 = ORIENTED_EDGE('',*,*,#7257,.F.);
#7350 = ORIENTED_EDGE('',*,*,#1627,.F.);
#7351 = ADVANCED_FACE('',(#7352),#1615,.T.);
#7352 = FACE_BOUND('',#7353,.T.);
#7353 = EDGE_LOOP('',(#7354,#7377,#7398,#7399));
#7354 = ORIENTED_EDGE('',*,*,#7355,.T.);
#7355 = EDGE_CURVE('',#1572,#7356,#7358,.T.);
#7356 = VERTEX_POINT('',#7357);
#7357 = CARTESIAN_POINT('',(9.05,56.69400390625,1.4));
#7358 = SURFACE_CURVE('',#7359,(#7363,#7370),.PCURVE_S1.);
#7359 = LINE('',#7360,#7361);
#7360 = CARTESIAN_POINT('',(9.05,56.69400390625,1.));
#7361 = VECTOR('',#7362,1.);
#7362 = DIRECTION('',(0.,0.,1.));
#7363 = PCURVE('',#1615,#7364);
#7364 = DEFINITIONAL_REPRESENTATION('',(#7365),#7369);
#7365 = LINE('',#7366,#7367);
#7366 = CARTESIAN_POINT('',(0.,0.));
#7367 = VECTOR('',#7368,1.);
#7368 = DIRECTION('',(0.,-1.));
#7369 = ( GEOMETRIC_REPRESENTATION_CONTEXT(2) 
PARAMETRIC_REPRESENTATION_CONTEXT() REPRESENTATION_CONTEXT('2D SPACE',''
  ) );
#7370 = PCURVE('',#1587,#7371);
#7371 = DEFINITIONAL_REPRESENTATION('',(#7372),#7376);
#7372 = LINE('',#7373,#7374);
#7373 = CARTESIAN_POINT('',(0.63,0.));
#7374 = VECTOR('',#7375,1.);
#7375 = DIRECTION('',(0.,-1.));
#7376 = ( GEOMETRIC_REPRESENTATION_CONTEXT(2) 
PARAMETRIC_REPRESENTATION_CONTEXT() REPRESENTATION_CONTEXT('2D SPACE',''
  ) );
#7377 = ORIENTED_EDGE('',*,*,#7378,.T.);
#7378 = EDGE_CURVE('',#7356,#7307,#7379,.T.);
#7379 = SURFACE_CURVE('',#7380,(#7384,#7391),.PCURVE_S1.);
#7380 = LINE('',#7381,#7382);
#7381 = CARTESIAN_POINT('',(9.05,56.69400390625,1.4));
#7382 = VECTOR('',#7383,1.);
#7383 = DIRECTION('',(0.,-1.,0.));
#7384 = PCURVE('',#1615,#7385);
#7385 = DEFINITIONAL_REPRESENTATION('',(#7386),#7390);
#7386 = LINE('',#7387,#7388);
#7387 = CARTESIAN_POINT('',(0.,-0.4));
#7388 = VECTOR('',#7389,1.);
#7389 = DIRECTION('',(1.,0.));
#7390 = ( GEOMETRIC_REPRESENTATION_CONTEXT(2) 
PARAMETRIC_REPRESENTATION_CONTEXT() REPRESENTATION_CONTEXT('2D SPACE',''
  ) );
#7391 = PCURVE('',#7220,#7392);
#7392 = DEFINITIONAL_REPRESENTATION('',(#7393),#7397);
#7393 = LINE('',#7394,#7395);
#7394 = CARTESIAN_POINT('',(3.12,1.49400390625));
#7395 = VECTOR('',#7396,1.);
#7396 = DIRECTION('',(0.,-1.));
#7397 = ( GEOMETRIC_REPRESENTATION_CONTEXT(2) 
PARAMETRIC_REPRESENTATION_CONTEXT() REPRESENTATION_CONTEXT('2D SPACE',''
  ) );
#7398 = ORIENTED_EDGE('',*,*,#7306,.F.);
#7399 = ORIENTED_EDGE('',*,*,#1599,.F.);
#7400 = ADVANCED_FACE('',(#7401),#1587,.T.);
#7401 = FACE_BOUND('',#7402,.T.);
#7402 = EDGE_LOOP('',(#7403,#7426,#7447,#7448));
#7403 = ORIENTED_EDGE('',*,*,#7404,.T.);
#7404 = EDGE_CURVE('',#1544,#7405,#7407,.T.);
#7405 = VERTEX_POINT('',#7406);
#7406 = CARTESIAN_POINT('',(8.42,56.69400390625,1.4));
#7407 = SURFACE_CURVE('',#7408,(#7412,#7419),.PCURVE_S1.);
#7408 = LINE('',#7409,#7410);
#7409 = CARTESIAN_POINT('',(8.42,56.69400390625,1.));
#7410 = VECTOR('',#7411,1.);
#7411 = DIRECTION('',(0.,0.,1.));
#7412 = PCURVE('',#1587,#7413);
#7413 = DEFINITIONAL_REPRESENTATION('',(#7414),#7418);
#7414 = LINE('',#7415,#7416);
#7415 = CARTESIAN_POINT('',(0.,0.));
#7416 = VECTOR('',#7417,1.);
#7417 = DIRECTION('',(0.,-1.));
#7418 = ( GEOMETRIC_REPRESENTATION_CONTEXT(2) 
PARAMETRIC_REPRESENTATION_CONTEXT() REPRESENTATION_CONTEXT('2D SPACE',''
  ) );
#7419 = PCURVE('',#1559,#7420);
#7420 = DEFINITIONAL_REPRESENTATION('',(#7421),#7425);
#7421 = LINE('',#7422,#7423);
#7422 = CARTESIAN_POINT('',(2.76,0.));
#7423 = VECTOR('',#7424,1.);
#7424 = DIRECTION('',(0.,-1.));
#7425 = ( GEOMETRIC_REPRESENTATION_CONTEXT(2) 
PARAMETRIC_REPRESENTATION_CONTEXT() REPRESENTATION_CONTEXT('2D SPACE',''
  ) );
#7426 = ORIENTED_EDGE('',*,*,#7427,.T.);
#7427 = EDGE_CURVE('',#7405,#7356,#7428,.T.);
#7428 = SURFACE_CURVE('',#7429,(#7433,#7440),.PCURVE_S1.);
#7429 = LINE('',#7430,#7431);
#7430 = CARTESIAN_POINT('',(8.42,56.69400390625,1.4));
#7431 = VECTOR('',#7432,1.);
#7432 = DIRECTION('',(1.,0.,0.));
#7433 = PCURVE('',#1587,#7434);
#7434 = DEFINITIONAL_REPRESENTATION('',(#7435),#7439);
#7435 = LINE('',#7436,#7437);
#7436 = CARTESIAN_POINT('',(0.,-0.4));
#7437 = VECTOR('',#7438,1.);
#7438 = DIRECTION('',(1.,0.));
#7439 = ( GEOMETRIC_REPRESENTATION_CONTEXT(2) 
PARAMETRIC_REPRESENTATION_CONTEXT() REPRESENTATION_CONTEXT('2D SPACE',''
  ) );
#7440 = PCURVE('',#7220,#7441);
#7441 = DEFINITIONAL_REPRESENTATION('',(#7442),#7446);
#7442 = LINE('',#7443,#7444);
#7443 = CARTESIAN_POINT('',(2.49,1.49400390625));
#7444 = VECTOR('',#7445,1.);
#7445 = DIRECTION('',(1.,0.));
#7446 = ( GEOMETRIC_REPRESENTATION_CONTEXT(2) 
PARAMETRIC_REPRESENTATION_CONTEXT() REPRESENTATION_CONTEXT('2D SPACE',''
  ) );
#7447 = ORIENTED_EDGE('',*,*,#7355,.F.);
#7448 = ORIENTED_EDGE('',*,*,#1571,.F.);
#7449 = ADVANCED_FACE('',(#7450),#1559,.T.);
#7450 = FACE_BOUND('',#7451,.T.);
#7451 = EDGE_LOOP('',(#7452,#7475,#7496,#7497));
#7452 = ORIENTED_EDGE('',*,*,#7453,.T.);
#7453 = EDGE_CURVE('',#1516,#7454,#7456,.T.);
#7454 = VERTEX_POINT('',#7455);
#7455 = CARTESIAN_POINT('',(8.42,59.45400390625,1.4));
#7456 = SURFACE_CURVE('',#7457,(#7461,#7468),.PCURVE_S1.);
#7457 = LINE('',#7458,#7459);
#7458 = CARTESIAN_POINT('',(8.42,59.45400390625,1.));
#7459 = VECTOR('',#7460,1.);
#7460 = DIRECTION('',(0.,0.,1.));
#7461 = PCURVE('',#1559,#7462);
#7462 = DEFINITIONAL_REPRESENTATION('',(#7463),#7467);
#7463 = LINE('',#7464,#7465);
#7464 = CARTESIAN_POINT('',(0.,0.));
#7465 = VECTOR('',#7466,1.);
#7466 = DIRECTION('',(0.,-1.));
#7467 = ( GEOMETRIC_REPRESENTATION_CONTEXT(2) 
PARAMETRIC_REPRESENTATION_CONTEXT() REPRESENTATION_CONTEXT('2D SPACE',''
  ) );
#7468 = PCURVE('',#1531,#7469);
#7469 = DEFINITIONAL_REPRESENTATION('',(#7470),#7474);
#7470 = LINE('',#7471,#7472);
#7471 = CARTESIAN_POINT('',(0.39,0.));
#7472 = VECTOR('',#7473,1.);
#7473 = DIRECTION('',(0.,-1.));
#7474 = ( GEOMETRIC_REPRESENTATION_CONTEXT(2) 
PARAMETRIC_REPRESENTATION_CONTEXT() REPRESENTATION_CONTEXT('2D SPACE',''
  ) );
#7475 = ORIENTED_EDGE('',*,*,#7476,.T.);
#7476 = EDGE_CURVE('',#7454,#7405,#7477,.T.);
#7477 = SURFACE_CURVE('',#7478,(#7482,#7489),.PCURVE_S1.);
#7478 = LINE('',#7479,#7480);
#7479 = CARTESIAN_POINT('',(8.42,59.45400390625,1.4));
#7480 = VECTOR('',#7481,1.);
#7481 = DIRECTION('',(0.,-1.,0.));
#7482 = PCURVE('',#1559,#7483);
#7483 = DEFINITIONAL_REPRESENTATION('',(#7484),#7488);
#7484 = LINE('',#7485,#7486);
#7485 = CARTESIAN_POINT('',(-7.105427357601E-15,-0.4));
#7486 = VECTOR('',#7487,1.);
#7487 = DIRECTION('',(1.,0.));
#7488 = ( GEOMETRIC_REPRESENTATION_CONTEXT(2) 
PARAMETRIC_REPRESENTATION_CONTEXT() REPRESENTATION_CONTEXT('2D SPACE',''
  ) );
#7489 = PCURVE('',#7220,#7490);
#7490 = DEFINITIONAL_REPRESENTATION('',(#7491),#7495);
#7491 = LINE('',#7492,#7493);
#7492 = CARTESIAN_POINT('',(2.49,4.25400390625));
#7493 = VECTOR('',#7494,1.);
#7494 = DIRECTION('',(0.,-1.));
#7495 = ( GEOMETRIC_REPRESENTATION_CONTEXT(2) 
PARAMETRIC_REPRESENTATION_CONTEXT() REPRESENTATION_CONTEXT('2D SPACE',''
  ) );
#7496 = ORIENTED_EDGE('',*,*,#7404,.F.);
#7497 = ORIENTED_EDGE('',*,*,#1543,.F.);
#7498 = ADVANCED_FACE('',(#7499),#1531,.T.);
#7499 = FACE_BOUND('',#7500,.T.);
#7500 = EDGE_LOOP('',(#7501,#7524,#7545,#7546));
#7501 = ORIENTED_EDGE('',*,*,#7502,.T.);
#7502 = EDGE_CURVE('',#1488,#7503,#7505,.T.);
#7503 = VERTEX_POINT('',#7504);
#7504 = CARTESIAN_POINT('',(8.03,59.45400390625,1.4));
#7505 = SURFACE_CURVE('',#7506,(#7510,#7517),.PCURVE_S1.);
#7506 = LINE('',#7507,#7508);
#7507 = CARTESIAN_POINT('',(8.03,59.45400390625,1.));
#7508 = VECTOR('',#7509,1.);
#7509 = DIRECTION('',(0.,0.,1.));
#7510 = PCURVE('',#1531,#7511);
#7511 = DEFINITIONAL_REPRESENTATION('',(#7512),#7516);
#7512 = LINE('',#7513,#7514);
#7513 = CARTESIAN_POINT('',(0.,0.));
#7514 = VECTOR('',#7515,1.);
#7515 = DIRECTION('',(0.,-1.));
#7516 = ( GEOMETRIC_REPRESENTATION_CONTEXT(2) 
PARAMETRIC_REPRESENTATION_CONTEXT() REPRESENTATION_CONTEXT('2D SPACE',''
  ) );
#7517 = PCURVE('',#1503,#7518);
#7518 = DEFINITIONAL_REPRESENTATION('',(#7519),#7523);
#7519 = LINE('',#7520,#7521);
#7520 = CARTESIAN_POINT('',(3.300537669278,0.));
#7521 = VECTOR('',#7522,1.);
#7522 = DIRECTION('',(0.,-1.));
#7523 = ( GEOMETRIC_REPRESENTATION_CONTEXT(2) 
PARAMETRIC_REPRESENTATION_CONTEXT() REPRESENTATION_CONTEXT('2D SPACE',''
  ) );
#7524 = ORIENTED_EDGE('',*,*,#7525,.T.);
#7525 = EDGE_CURVE('',#7503,#7454,#7526,.T.);
#7526 = SURFACE_CURVE('',#7527,(#7531,#7538),.PCURVE_S1.);
#7527 = LINE('',#7528,#7529);
#7528 = CARTESIAN_POINT('',(8.03,59.45400390625,1.4));
#7529 = VECTOR('',#7530,1.);
#7530 = DIRECTION('',(1.,0.,0.));
#7531 = PCURVE('',#1531,#7532);
#7532 = DEFINITIONAL_REPRESENTATION('',(#7533),#7537);
#7533 = LINE('',#7534,#7535);
#7534 = CARTESIAN_POINT('',(0.,-0.4));
#7535 = VECTOR('',#7536,1.);
#7536 = DIRECTION('',(1.,0.));
#7537 = ( GEOMETRIC_REPRESENTATION_CONTEXT(2) 
PARAMETRIC_REPRESENTATION_CONTEXT() REPRESENTATION_CONTEXT('2D SPACE',''
  ) );
#7538 = PCURVE('',#7220,#7539);
#7539 = DEFINITIONAL_REPRESENTATION('',(#7540),#7544);
#7540 = LINE('',#7541,#7542);
#7541 = CARTESIAN_POINT('',(2.1,4.25400390625));
#7542 = VECTOR('',#7543,1.);
#7543 = DIRECTION('',(1.,0.));
#7544 = ( GEOMETRIC_REPRESENTATION_CONTEXT(2) 
PARAMETRIC_REPRESENTATION_CONTEXT() REPRESENTATION_CONTEXT('2D SPACE',''
  ) );
#7545 = ORIENTED_EDGE('',*,*,#7453,.F.);
#7546 = ORIENTED_EDGE('',*,*,#1515,.F.);
#7547 = ADVANCED_FACE('',(#7548),#1503,.T.);
#7548 = FACE_BOUND('',#7549,.T.);
#7549 = EDGE_LOOP('',(#7550,#7573,#7594,#7595));
#7550 = ORIENTED_EDGE('',*,*,#7551,.T.);
#7551 = EDGE_CURVE('',#1460,#7552,#7554,.T.);
#7552 = VERTEX_POINT('',#7553);
#7553 = CARTESIAN_POINT('',(6.0980078125,56.7780078125,1.4));
#7554 = SURFACE_CURVE('',#7555,(#7559,#7566),.PCURVE_S1.);
#7555 = LINE('',#7556,#7557);
#7556 = CARTESIAN_POINT('',(6.0980078125,56.7780078125,1.));
#7557 = VECTOR('',#7558,1.);
#7558 = DIRECTION('',(0.,0.,1.));
#7559 = PCURVE('',#1503,#7560);
#7560 = DEFINITIONAL_REPRESENTATION('',(#7561),#7565);
#7561 = LINE('',#7562,#7563);
#7562 = CARTESIAN_POINT('',(0.,0.));
#7563 = VECTOR('',#7564,1.);
#7564 = DIRECTION('',(0.,-1.));
#7565 = ( GEOMETRIC_REPRESENTATION_CONTEXT(2) 
PARAMETRIC_REPRESENTATION_CONTEXT() REPRESENTATION_CONTEXT('2D SPACE',''
  ) );
#7566 = PCURVE('',#1475,#7567);
#7567 = DEFINITIONAL_REPRESENTATION('',(#7568),#7572);
#7568 = LINE('',#7569,#7570);
#7569 = CARTESIAN_POINT('',(0.5580078125,0.));
#7570 = VECTOR('',#7571,1.);
#7571 = DIRECTION('',(0.,-1.));
#7572 = ( GEOMETRIC_REPRESENTATION_CONTEXT(2) 
PARAMETRIC_REPRESENTATION_CONTEXT() REPRESENTATION_CONTEXT('2D SPACE',''
  ) );
#7573 = ORIENTED_EDGE('',*,*,#7574,.T.);
#7574 = EDGE_CURVE('',#7552,#7503,#7575,.T.);
#7575 = SURFACE_CURVE('',#7576,(#7580,#7587),.PCURVE_S1.);
#7576 = LINE('',#7577,#7578);
#7577 = CARTESIAN_POINT('',(6.0980078125,56.7780078125,1.4));
#7578 = VECTOR('',#7579,1.);
#7579 = DIRECTION('',(0.585356805797,0.810775807426,0.));
#7580 = PCURVE('',#1503,#7581);
#7581 = DEFINITIONAL_REPRESENTATION('',(#7582),#7586);
#7582 = LINE('',#7583,#7584);
#7583 = CARTESIAN_POINT('',(7.8405137339E-15,-0.4));
#7584 = VECTOR('',#7585,1.);
#7585 = DIRECTION('',(1.,0.));
#7586 = ( GEOMETRIC_REPRESENTATION_CONTEXT(2) 
PARAMETRIC_REPRESENTATION_CONTEXT() REPRESENTATION_CONTEXT('2D SPACE',''
  ) );
#7587 = PCURVE('',#7220,#7588);
#7588 = DEFINITIONAL_REPRESENTATION('',(#7589),#7593);
#7589 = LINE('',#7590,#7591);
#7590 = CARTESIAN_POINT('',(0.1680078125,1.5780078125));
#7591 = VECTOR('',#7592,1.);
#7592 = DIRECTION('',(0.585356805797,0.810775807426));
#7593 = ( GEOMETRIC_REPRESENTATION_CONTEXT(2) 
PARAMETRIC_REPRESENTATION_CONTEXT() REPRESENTATION_CONTEXT('2D SPACE',''
  ) );
#7594 = ORIENTED_EDGE('',*,*,#7502,.F.);
#7595 = ORIENTED_EDGE('',*,*,#1487,.F.);
#7596 = ADVANCED_FACE('',(#7597),#1475,.T.);
#7597 = FACE_BOUND('',#7598,.T.);
#7598 = EDGE_LOOP('',(#7599,#7622,#7643,#7644));
#7599 = ORIENTED_EDGE('',*,*,#7600,.T.);
#7600 = EDGE_CURVE('',#1432,#7601,#7603,.T.);
#7601 = VERTEX_POINT('',#7602);
#7602 = CARTESIAN_POINT('',(6.0980078125,56.22,1.4));
#7603 = SURFACE_CURVE('',#7604,(#7608,#7615),.PCURVE_S1.);
#7604 = LINE('',#7605,#7606);
#7605 = CARTESIAN_POINT('',(6.0980078125,56.22,1.));
#7606 = VECTOR('',#7607,1.);
#7607 = DIRECTION('',(0.,0.,1.));
#7608 = PCURVE('',#1475,#7609);
#7609 = DEFINITIONAL_REPRESENTATION('',(#7610),#7614);
#7610 = LINE('',#7611,#7612);
#7611 = CARTESIAN_POINT('',(0.,0.));
#7612 = VECTOR('',#7613,1.);
#7613 = DIRECTION('',(0.,-1.));
#7614 = ( GEOMETRIC_REPRESENTATION_CONTEXT(2) 
PARAMETRIC_REPRESENTATION_CONTEXT() REPRESENTATION_CONTEXT('2D SPACE',''
  ) );
#7615 = PCURVE('',#1447,#7616);
#7616 = DEFINITIONAL_REPRESENTATION('',(#7617),#7621);
#7617 = LINE('',#7618,#7619);
#7618 = CARTESIAN_POINT('',(1.793984375,0.));
#7619 = VECTOR('',#7620,1.);
#7620 = DIRECTION('',(0.,-1.));
#7621 = ( GEOMETRIC_REPRESENTATION_CONTEXT(2) 
PARAMETRIC_REPRESENTATION_CONTEXT() REPRESENTATION_CONTEXT('2D SPACE',''
  ) );
#7622 = ORIENTED_EDGE('',*,*,#7623,.T.);
#7623 = EDGE_CURVE('',#7601,#7552,#7624,.T.);
#7624 = SURFACE_CURVE('',#7625,(#7629,#7636),.PCURVE_S1.);
#7625 = LINE('',#7626,#7627);
#7626 = CARTESIAN_POINT('',(6.0980078125,56.22,1.4));
#7627 = VECTOR('',#7628,1.);
#7628 = DIRECTION('',(0.,1.,0.));
#7629 = PCURVE('',#1475,#7630);
#7630 = DEFINITIONAL_REPRESENTATION('',(#7631),#7635);
#7631 = LINE('',#7632,#7633);
#7632 = CARTESIAN_POINT('',(0.,-0.4));
#7633 = VECTOR('',#7634,1.);
#7634 = DIRECTION('',(1.,0.));
#7635 = ( GEOMETRIC_REPRESENTATION_CONTEXT(2) 
PARAMETRIC_REPRESENTATION_CONTEXT() REPRESENTATION_CONTEXT('2D SPACE',''
  ) );
#7636 = PCURVE('',#7220,#7637);
#7637 = DEFINITIONAL_REPRESENTATION('',(#7638),#7642);
#7638 = LINE('',#7639,#7640);
#7639 = CARTESIAN_POINT('',(0.1680078125,1.02));
#7640 = VECTOR('',#7641,1.);
#7641 = DIRECTION('',(0.,1.));
#7642 = ( GEOMETRIC_REPRESENTATION_CONTEXT(2) 
PARAMETRIC_REPRESENTATION_CONTEXT() REPRESENTATION_CONTEXT('2D SPACE',''
  ) );
#7643 = ORIENTED_EDGE('',*,*,#7551,.F.);
#7644 = ORIENTED_EDGE('',*,*,#1459,.F.);
#7645 = ADVANCED_FACE('',(#7646),#1447,.T.);
#7646 = FACE_BOUND('',#7647,.T.);
#7647 = EDGE_LOOP('',(#7648,#7671,#7692,#7693));
#7648 = ORIENTED_EDGE('',*,*,#7649,.T.);
#7649 = EDGE_CURVE('',#1404,#7650,#7652,.T.);
#7650 = VERTEX_POINT('',#7651);
#7651 = CARTESIAN_POINT('',(7.8919921875,56.22,1.4));
#7652 = SURFACE_CURVE('',#7653,(#7657,#7664),.PCURVE_S1.);
#7653 = LINE('',#7654,#7655);
#7654 = CARTESIAN_POINT('',(7.8919921875,56.22,1.));
#7655 = VECTOR('',#7656,1.);
#7656 = DIRECTION('',(0.,0.,1.));
#7657 = PCURVE('',#1447,#7658);
#7658 = DEFINITIONAL_REPRESENTATION('',(#7659),#7663);
#7659 = LINE('',#7660,#7661);
#7660 = CARTESIAN_POINT('',(0.,-0.));
#7661 = VECTOR('',#7662,1.);
#7662 = DIRECTION('',(0.,-1.));
#7663 = ( GEOMETRIC_REPRESENTATION_CONTEXT(2) 
PARAMETRIC_REPRESENTATION_CONTEXT() REPRESENTATION_CONTEXT('2D SPACE',''
  ) );
#7664 = PCURVE('',#1419,#7665);
#7665 = DEFINITIONAL_REPRESENTATION('',(#7666),#7670);
#7666 = LINE('',#7667,#7668);
#7667 = CARTESIAN_POINT('',(1.02,0.));
#7668 = VECTOR('',#7669,1.);
#7669 = DIRECTION('',(0.,-1.));
#7670 = ( GEOMETRIC_REPRESENTATION_CONTEXT(2) 
PARAMETRIC_REPRESENTATION_CONTEXT() REPRESENTATION_CONTEXT('2D SPACE',''
  ) );
#7671 = ORIENTED_EDGE('',*,*,#7672,.T.);
#7672 = EDGE_CURVE('',#7650,#7601,#7673,.T.);
#7673 = SURFACE_CURVE('',#7674,(#7678,#7685),.PCURVE_S1.);
#7674 = LINE('',#7675,#7676);
#7675 = CARTESIAN_POINT('',(7.8919921875,56.22,1.4));
#7676 = VECTOR('',#7677,1.);
#7677 = DIRECTION('',(-1.,0.,0.));
#7678 = PCURVE('',#1447,#7679);
#7679 = DEFINITIONAL_REPRESENTATION('',(#7680),#7684);
#7680 = LINE('',#7681,#7682);
#7681 = CARTESIAN_POINT('',(0.,-0.4));
#7682 = VECTOR('',#7683,1.);
#7683 = DIRECTION('',(1.,0.));
#7684 = ( GEOMETRIC_REPRESENTATION_CONTEXT(2) 
PARAMETRIC_REPRESENTATION_CONTEXT() REPRESENTATION_CONTEXT('2D SPACE',''
  ) );
#7685 = PCURVE('',#7220,#7686);
#7686 = DEFINITIONAL_REPRESENTATION('',(#7687),#7691);
#7687 = LINE('',#7688,#7689);
#7688 = CARTESIAN_POINT('',(1.9619921875,1.02));
#7689 = VECTOR('',#7690,1.);
#7690 = DIRECTION('',(-1.,0.));
#7691 = ( GEOMETRIC_REPRESENTATION_CONTEXT(2) 
PARAMETRIC_REPRESENTATION_CONTEXT() REPRESENTATION_CONTEXT('2D SPACE',''
  ) );
#7692 = ORIENTED_EDGE('',*,*,#7600,.F.);
#7693 = ORIENTED_EDGE('',*,*,#1431,.F.);
#7694 = ADVANCED_FACE('',(#7695),#1419,.T.);
#7695 = FACE_BOUND('',#7696,.T.);
#7696 = EDGE_LOOP('',(#7697,#7698,#7719,#7720));
#7697 = ORIENTED_EDGE('',*,*,#7232,.T.);
#7698 = ORIENTED_EDGE('',*,*,#7699,.T.);
#7699 = EDGE_CURVE('',#7205,#7650,#7700,.T.);
#7700 = SURFACE_CURVE('',#7701,(#7705,#7712),.PCURVE_S1.);
#7701 = LINE('',#7702,#7703);
#7702 = CARTESIAN_POINT('',(7.8919921875,55.2,1.4));
#7703 = VECTOR('',#7704,1.);
#7704 = DIRECTION('',(0.,1.,0.));
#7705 = PCURVE('',#1419,#7706);
#7706 = DEFINITIONAL_REPRESENTATION('',(#7707),#7711);
#7707 = LINE('',#7708,#7709);
#7708 = CARTESIAN_POINT('',(0.,-0.4));
#7709 = VECTOR('',#7710,1.);
#7710 = DIRECTION('',(1.,0.));
#7711 = ( GEOMETRIC_REPRESENTATION_CONTEXT(2) 
PARAMETRIC_REPRESENTATION_CONTEXT() REPRESENTATION_CONTEXT('2D SPACE',''
  ) );
#7712 = PCURVE('',#7220,#7713);
#7713 = DEFINITIONAL_REPRESENTATION('',(#7714),#7718);
#7714 = LINE('',#7715,#7716);
#7715 = CARTESIAN_POINT('',(1.9619921875,0.));
#7716 = VECTOR('',#7717,1.);
#7717 = DIRECTION('',(0.,1.));
#7718 = ( GEOMETRIC_REPRESENTATION_CONTEXT(2) 
PARAMETRIC_REPRESENTATION_CONTEXT() REPRESENTATION_CONTEXT('2D SPACE',''
  ) );
#7719 = ORIENTED_EDGE('',*,*,#7649,.F.);
#7720 = ORIENTED_EDGE('',*,*,#1403,.F.);
#7721 = ADVANCED_FACE('',(#7722),#1701,.T.);
#7722 = FACE_BOUND('',#7723,.T.);
#7723 = EDGE_LOOP('',(#7724,#7747,#7775,#7796));
#7724 = ORIENTED_EDGE('',*,*,#7725,.T.);
#7725 = EDGE_CURVE('',#1684,#7726,#7728,.T.);
#7726 = VERTEX_POINT('',#7727);
#7727 = CARTESIAN_POINT('',(9.74599609375,55.2,1.4));
#7728 = SURFACE_CURVE('',#7729,(#7733,#7740),.PCURVE_S1.);
#7729 = LINE('',#7730,#7731);
#7730 = CARTESIAN_POINT('',(9.74599609375,55.2,1.));
#7731 = VECTOR('',#7732,1.);
#7732 = DIRECTION('',(0.,0.,1.));
#7733 = PCURVE('',#1701,#7734);
#7734 = DEFINITIONAL_REPRESENTATION('',(#7735),#7739);
#7735 = LINE('',#7736,#7737);
#7736 = CARTESIAN_POINT('',(0.,0.));
#7737 = VECTOR('',#7738,1.);
#7738 = DIRECTION('',(0.,-1.));
#7739 = ( GEOMETRIC_REPRESENTATION_CONTEXT(2) 
PARAMETRIC_REPRESENTATION_CONTEXT() REPRESENTATION_CONTEXT('2D SPACE',''
  ) );
#7740 = PCURVE('',#1839,#7741);
#7741 = DEFINITIONAL_REPRESENTATION('',(#7742),#7746);
#7742 = LINE('',#7743,#7744);
#7743 = CARTESIAN_POINT('',(2.7180078125,0.));
#7744 = VECTOR('',#7745,1.);
#7745 = DIRECTION('',(0.,-1.));
#7746 = ( GEOMETRIC_REPRESENTATION_CONTEXT(2) 
PARAMETRIC_REPRESENTATION_CONTEXT() REPRESENTATION_CONTEXT('2D SPACE',''
  ) );
#7747 = ORIENTED_EDGE('',*,*,#7748,.T.);
#7748 = EDGE_CURVE('',#7726,#7749,#7751,.T.);
#7749 = VERTEX_POINT('',#7750);
#7750 = CARTESIAN_POINT('',(9.74599609375,59.57400390625,1.4));
#7751 = SURFACE_CURVE('',#7752,(#7756,#7763),.PCURVE_S1.);
#7752 = LINE('',#7753,#7754);
#7753 = CARTESIAN_POINT('',(9.74599609375,55.2,1.4));
#7754 = VECTOR('',#7755,1.);
#7755 = DIRECTION('',(0.,1.,0.));
#7756 = PCURVE('',#1701,#7757);
#7757 = DEFINITIONAL_REPRESENTATION('',(#7758),#7762);
#7758 = LINE('',#7759,#7760);
#7759 = CARTESIAN_POINT('',(0.,-0.4));
#7760 = VECTOR('',#7761,1.);
#7761 = DIRECTION('',(1.,0.));
#7762 = ( GEOMETRIC_REPRESENTATION_CONTEXT(2) 
PARAMETRIC_REPRESENTATION_CONTEXT() REPRESENTATION_CONTEXT('2D SPACE',''
  ) );
#7763 = PCURVE('',#7764,#7769);
#7764 = PLANE('',#7765);
#7765 = AXIS2_PLACEMENT_3D('',#7766,#7767,#7768);
#7766 = CARTESIAN_POINT('',(9.26599609375,55.2,1.4));
#7767 = DIRECTION('',(0.,0.,1.));
#7768 = DIRECTION('',(1.,0.,0.));
#7769 = DEFINITIONAL_REPRESENTATION('',(#7770),#7774);
#7770 = LINE('',#7771,#7772);
#7771 = CARTESIAN_POINT('',(0.48,0.));
#7772 = VECTOR('',#7773,1.);
#7773 = DIRECTION('',(0.,1.));
#7774 = ( GEOMETRIC_REPRESENTATION_CONTEXT(2) 
PARAMETRIC_REPRESENTATION_CONTEXT() REPRESENTATION_CONTEXT('2D SPACE',''
  ) );
#7775 = ORIENTED_EDGE('',*,*,#7776,.F.);
#7776 = EDGE_CURVE('',#1686,#7749,#7777,.T.);
#7777 = SURFACE_CURVE('',#7778,(#7782,#7789),.PCURVE_S1.);
#7778 = LINE('',#7779,#7780);
#7779 = CARTESIAN_POINT('',(9.74599609375,59.57400390625,1.));
#7780 = VECTOR('',#7781,1.);
#7781 = DIRECTION('',(0.,0.,1.));
#7782 = PCURVE('',#1701,#7783);
#7783 = DEFINITIONAL_REPRESENTATION('',(#7784),#7788);
#7784 = LINE('',#7785,#7786);
#7785 = CARTESIAN_POINT('',(4.37400390625,0.));
#7786 = VECTOR('',#7787,1.);
#7787 = DIRECTION('',(0.,-1.));
#7788 = ( GEOMETRIC_REPRESENTATION_CONTEXT(2) 
PARAMETRIC_REPRESENTATION_CONTEXT() REPRESENTATION_CONTEXT('2D SPACE',''
  ) );
#7789 = PCURVE('',#1729,#7790);
#7790 = DEFINITIONAL_REPRESENTATION('',(#7791),#7795);
#7791 = LINE('',#7792,#7793);
#7792 = CARTESIAN_POINT('',(0.,0.));
#7793 = VECTOR('',#7794,1.);
#7794 = DIRECTION('',(0.,-1.));
#7795 = ( GEOMETRIC_REPRESENTATION_CONTEXT(2) 
PARAMETRIC_REPRESENTATION_CONTEXT() REPRESENTATION_CONTEXT('2D SPACE',''
  ) );
#7796 = ORIENTED_EDGE('',*,*,#1683,.F.);
#7797 = ADVANCED_FACE('',(#7798),#1839,.T.);
#7798 = FACE_BOUND('',#7799,.T.);
#7799 = EDGE_LOOP('',(#7800,#7823,#7844,#7845));
#7800 = ORIENTED_EDGE('',*,*,#7801,.T.);
#7801 = EDGE_CURVE('',#1798,#7802,#7804,.T.);
#7802 = VERTEX_POINT('',#7803);
#7803 = CARTESIAN_POINT('',(12.46400390625,55.2,1.4));
#7804 = SURFACE_CURVE('',#7805,(#7809,#7816),.PCURVE_S1.);
#7805 = LINE('',#7806,#7807);
#7806 = CARTESIAN_POINT('',(12.46400390625,55.2,1.));
#7807 = VECTOR('',#7808,1.);
#7808 = DIRECTION('',(0.,0.,1.));
#7809 = PCURVE('',#1839,#7810);
#7810 = DEFINITIONAL_REPRESENTATION('',(#7811),#7815);
#7811 = LINE('',#7812,#7813);
#7812 = CARTESIAN_POINT('',(0.,-0.));
#7813 = VECTOR('',#7814,1.);
#7814 = DIRECTION('',(0.,-1.));
#7815 = ( GEOMETRIC_REPRESENTATION_CONTEXT(2) 
PARAMETRIC_REPRESENTATION_CONTEXT() REPRESENTATION_CONTEXT('2D SPACE',''
  ) );
#7816 = PCURVE('',#1813,#7817);
#7817 = DEFINITIONAL_REPRESENTATION('',(#7818),#7822);
#7818 = LINE('',#7819,#7820);
#7819 = CARTESIAN_POINT('',(0.4919921875,0.));
#7820 = VECTOR('',#7821,1.);
#7821 = DIRECTION('',(0.,-1.));
#7822 = ( GEOMETRIC_REPRESENTATION_CONTEXT(2) 
PARAMETRIC_REPRESENTATION_CONTEXT() REPRESENTATION_CONTEXT('2D SPACE',''
  ) );
#7823 = ORIENTED_EDGE('',*,*,#7824,.T.);
#7824 = EDGE_CURVE('',#7802,#7726,#7825,.T.);
#7825 = SURFACE_CURVE('',#7826,(#7830,#7837),.PCURVE_S1.);
#7826 = LINE('',#7827,#7828);
#7827 = CARTESIAN_POINT('',(12.46400390625,55.2,1.4));
#7828 = VECTOR('',#7829,1.);
#7829 = DIRECTION('',(-1.,0.,0.));
#7830 = PCURVE('',#1839,#7831);
#7831 = DEFINITIONAL_REPRESENTATION('',(#7832),#7836);
#7832 = LINE('',#7833,#7834);
#7833 = CARTESIAN_POINT('',(0.,-0.4));
#7834 = VECTOR('',#7835,1.);
#7835 = DIRECTION('',(1.,0.));
#7836 = ( GEOMETRIC_REPRESENTATION_CONTEXT(2) 
PARAMETRIC_REPRESENTATION_CONTEXT() REPRESENTATION_CONTEXT('2D SPACE',''
  ) );
#7837 = PCURVE('',#7764,#7838);
#7838 = DEFINITIONAL_REPRESENTATION('',(#7839),#7843);
#7839 = LINE('',#7840,#7841);
#7840 = CARTESIAN_POINT('',(3.1980078125,0.));
#7841 = VECTOR('',#7842,1.);
#7842 = DIRECTION('',(-1.,0.));
#7843 = ( GEOMETRIC_REPRESENTATION_CONTEXT(2) 
PARAMETRIC_REPRESENTATION_CONTEXT() REPRESENTATION_CONTEXT('2D SPACE',''
  ) );
#7844 = ORIENTED_EDGE('',*,*,#7725,.F.);
#7845 = ORIENTED_EDGE('',*,*,#1825,.F.);
#7846 = ADVANCED_FACE('',(#7847),#1813,.T.);
#7847 = FACE_BOUND('',#7848,.T.);
#7848 = EDGE_LOOP('',(#7849,#7872,#7893,#7894));
#7849 = ORIENTED_EDGE('',*,*,#7850,.T.);
#7850 = EDGE_CURVE('',#1770,#7851,#7853,.T.);
#7851 = VERTEX_POINT('',#7852);
#7852 = CARTESIAN_POINT('',(12.46400390625,55.6919921875,1.4));
#7853 = SURFACE_CURVE('',#7854,(#7858,#7865),.PCURVE_S1.);
#7854 = LINE('',#7855,#7856);
#7855 = CARTESIAN_POINT('',(12.46400390625,55.6919921875,1.));
#7856 = VECTOR('',#7857,1.);
#7857 = DIRECTION('',(0.,0.,1.));
#7858 = PCURVE('',#1813,#7859);
#7859 = DEFINITIONAL_REPRESENTATION('',(#7860),#7864);
#7860 = LINE('',#7861,#7862);
#7861 = CARTESIAN_POINT('',(0.,0.));
#7862 = VECTOR('',#7863,1.);
#7863 = DIRECTION('',(0.,-1.));
#7864 = ( GEOMETRIC_REPRESENTATION_CONTEXT(2) 
PARAMETRIC_REPRESENTATION_CONTEXT() REPRESENTATION_CONTEXT('2D SPACE',''
  ) );
#7865 = PCURVE('',#1785,#7866);
#7866 = DEFINITIONAL_REPRESENTATION('',(#7867),#7871);
#7867 = LINE('',#7868,#7869);
#7868 = CARTESIAN_POINT('',(2.16,0.));
#7869 = VECTOR('',#7870,1.);
#7870 = DIRECTION('',(0.,-1.));
#7871 = ( GEOMETRIC_REPRESENTATION_CONTEXT(2) 
PARAMETRIC_REPRESENTATION_CONTEXT() REPRESENTATION_CONTEXT('2D SPACE',''
  ) );
#7872 = ORIENTED_EDGE('',*,*,#7873,.T.);
#7873 = EDGE_CURVE('',#7851,#7802,#7874,.T.);
#7874 = SURFACE_CURVE('',#7875,(#7879,#7886),.PCURVE_S1.);
#7875 = LINE('',#7876,#7877);
#7876 = CARTESIAN_POINT('',(12.46400390625,55.6919921875,1.4));
#7877 = VECTOR('',#7878,1.);
#7878 = DIRECTION('',(0.,-1.,0.));
#7879 = PCURVE('',#1813,#7880);
#7880 = DEFINITIONAL_REPRESENTATION('',(#7881),#7885);
#7881 = LINE('',#7882,#7883);
#7882 = CARTESIAN_POINT('',(-7.105427357601E-15,-0.4));
#7883 = VECTOR('',#7884,1.);
#7884 = DIRECTION('',(1.,0.));
#7885 = ( GEOMETRIC_REPRESENTATION_CONTEXT(2) 
PARAMETRIC_REPRESENTATION_CONTEXT() REPRESENTATION_CONTEXT('2D SPACE',''
  ) );
#7886 = PCURVE('',#7764,#7887);
#7887 = DEFINITIONAL_REPRESENTATION('',(#7888),#7892);
#7888 = LINE('',#7889,#7890);
#7889 = CARTESIAN_POINT('',(3.1980078125,0.4919921875));
#7890 = VECTOR('',#7891,1.);
#7891 = DIRECTION('',(0.,-1.));
#7892 = ( GEOMETRIC_REPRESENTATION_CONTEXT(2) 
PARAMETRIC_REPRESENTATION_CONTEXT() REPRESENTATION_CONTEXT('2D SPACE',''
  ) );
#7893 = ORIENTED_EDGE('',*,*,#7801,.F.);
#7894 = ORIENTED_EDGE('',*,*,#1797,.F.);
#7895 = ADVANCED_FACE('',(#7896),#1785,.T.);
#7896 = FACE_BOUND('',#7897,.T.);
#7897 = EDGE_LOOP('',(#7898,#7921,#7942,#7943));
#7898 = ORIENTED_EDGE('',*,*,#7899,.T.);
#7899 = EDGE_CURVE('',#1742,#7900,#7902,.T.);
#7900 = VERTEX_POINT('',#7901);
#7901 = CARTESIAN_POINT('',(10.30400390625,55.6919921875,1.4));
#7902 = SURFACE_CURVE('',#7903,(#7907,#7914),.PCURVE_S1.);
#7903 = LINE('',#7904,#7905);
#7904 = CARTESIAN_POINT('',(10.30400390625,55.6919921875,1.));
#7905 = VECTOR('',#7906,1.);
#7906 = DIRECTION('',(0.,0.,1.));
#7907 = PCURVE('',#1785,#7908);
#7908 = DEFINITIONAL_REPRESENTATION('',(#7909),#7913);
#7909 = LINE('',#7910,#7911);
#7910 = CARTESIAN_POINT('',(0.,0.));
#7911 = VECTOR('',#7912,1.);
#7912 = DIRECTION('',(0.,-1.));
#7913 = ( GEOMETRIC_REPRESENTATION_CONTEXT(2) 
PARAMETRIC_REPRESENTATION_CONTEXT() REPRESENTATION_CONTEXT('2D SPACE',''
  ) );
#7914 = PCURVE('',#1757,#7915);
#7915 = DEFINITIONAL_REPRESENTATION('',(#7916),#7920);
#7916 = LINE('',#7917,#7918);
#7917 = CARTESIAN_POINT('',(3.88201171875,0.));
#7918 = VECTOR('',#7919,1.);
#7919 = DIRECTION('',(0.,-1.));
#7920 = ( GEOMETRIC_REPRESENTATION_CONTEXT(2) 
PARAMETRIC_REPRESENTATION_CONTEXT() REPRESENTATION_CONTEXT('2D SPACE',''
  ) );
#7921 = ORIENTED_EDGE('',*,*,#7922,.T.);
#7922 = EDGE_CURVE('',#7900,#7851,#7923,.T.);
#7923 = SURFACE_CURVE('',#7924,(#7928,#7935),.PCURVE_S1.);
#7924 = LINE('',#7925,#7926);
#7925 = CARTESIAN_POINT('',(10.30400390625,55.6919921875,1.4));
#7926 = VECTOR('',#7927,1.);
#7927 = DIRECTION('',(1.,0.,0.));
#7928 = PCURVE('',#1785,#7929);
#7929 = DEFINITIONAL_REPRESENTATION('',(#7930),#7934);
#7930 = LINE('',#7931,#7932);
#7931 = CARTESIAN_POINT('',(0.,-0.4));
#7932 = VECTOR('',#7933,1.);
#7933 = DIRECTION('',(1.,0.));
#7934 = ( GEOMETRIC_REPRESENTATION_CONTEXT(2) 
PARAMETRIC_REPRESENTATION_CONTEXT() REPRESENTATION_CONTEXT('2D SPACE',''
  ) );
#7935 = PCURVE('',#7764,#7936);
#7936 = DEFINITIONAL_REPRESENTATION('',(#7937),#7941);
#7937 = LINE('',#7938,#7939);
#7938 = CARTESIAN_POINT('',(1.0380078125,0.4919921875));
#7939 = VECTOR('',#7940,1.);
#7940 = DIRECTION('',(1.,0.));
#7941 = ( GEOMETRIC_REPRESENTATION_CONTEXT(2) 
PARAMETRIC_REPRESENTATION_CONTEXT() REPRESENTATION_CONTEXT('2D SPACE',''
  ) );
#7942 = ORIENTED_EDGE('',*,*,#7850,.F.);
#7943 = ORIENTED_EDGE('',*,*,#1769,.F.);
#7944 = ADVANCED_FACE('',(#7945),#1757,.T.);
#7945 = FACE_BOUND('',#7946,.T.);
#7946 = EDGE_LOOP('',(#7947,#7970,#7991,#7992));
#7947 = ORIENTED_EDGE('',*,*,#7948,.T.);
#7948 = EDGE_CURVE('',#1714,#7949,#7951,.T.);
#7949 = VERTEX_POINT('',#7950);
#7950 = CARTESIAN_POINT('',(10.30400390625,59.57400390625,1.4));
#7951 = SURFACE_CURVE('',#7952,(#7956,#7963),.PCURVE_S1.);
#7952 = LINE('',#7953,#7954);
#7953 = CARTESIAN_POINT('',(10.30400390625,59.57400390625,1.));
#7954 = VECTOR('',#7955,1.);
#7955 = DIRECTION('',(0.,0.,1.));
#7956 = PCURVE('',#1757,#7957);
#7957 = DEFINITIONAL_REPRESENTATION('',(#7958),#7962);
#7958 = LINE('',#7959,#7960);
#7959 = CARTESIAN_POINT('',(0.,0.));
#7960 = VECTOR('',#7961,1.);
#7961 = DIRECTION('',(0.,-1.));
#7962 = ( GEOMETRIC_REPRESENTATION_CONTEXT(2) 
PARAMETRIC_REPRESENTATION_CONTEXT() REPRESENTATION_CONTEXT('2D SPACE',''
  ) );
#7963 = PCURVE('',#1729,#7964);
#7964 = DEFINITIONAL_REPRESENTATION('',(#7965),#7969);
#7965 = LINE('',#7966,#7967);
#7966 = CARTESIAN_POINT('',(0.5580078125,0.));
#7967 = VECTOR('',#7968,1.);
#7968 = DIRECTION('',(0.,-1.));
#7969 = ( GEOMETRIC_REPRESENTATION_CONTEXT(2) 
PARAMETRIC_REPRESENTATION_CONTEXT() REPRESENTATION_CONTEXT('2D SPACE',''
  ) );
#7970 = ORIENTED_EDGE('',*,*,#7971,.T.);
#7971 = EDGE_CURVE('',#7949,#7900,#7972,.T.);
#7972 = SURFACE_CURVE('',#7973,(#7977,#7984),.PCURVE_S1.);
#7973 = LINE('',#7974,#7975);
#7974 = CARTESIAN_POINT('',(10.30400390625,59.57400390625,1.4));
#7975 = VECTOR('',#7976,1.);
#7976 = DIRECTION('',(0.,-1.,0.));
#7977 = PCURVE('',#1757,#7978);
#7978 = DEFINITIONAL_REPRESENTATION('',(#7979),#7983);
#7979 = LINE('',#7980,#7981);
#7980 = CARTESIAN_POINT('',(0.,-0.4));
#7981 = VECTOR('',#7982,1.);
#7982 = DIRECTION('',(1.,0.));
#7983 = ( GEOMETRIC_REPRESENTATION_CONTEXT(2) 
PARAMETRIC_REPRESENTATION_CONTEXT() REPRESENTATION_CONTEXT('2D SPACE',''
  ) );
#7984 = PCURVE('',#7764,#7985);
#7985 = DEFINITIONAL_REPRESENTATION('',(#7986),#7990);
#7986 = LINE('',#7987,#7988);
#7987 = CARTESIAN_POINT('',(1.0380078125,4.37400390625));
#7988 = VECTOR('',#7989,1.);
#7989 = DIRECTION('',(0.,-1.));
#7990 = ( GEOMETRIC_REPRESENTATION_CONTEXT(2) 
PARAMETRIC_REPRESENTATION_CONTEXT() REPRESENTATION_CONTEXT('2D SPACE',''
  ) );
#7991 = ORIENTED_EDGE('',*,*,#7899,.F.);
#7992 = ORIENTED_EDGE('',*,*,#1741,.F.);
#7993 = ADVANCED_FACE('',(#7994),#1729,.T.);
#7994 = FACE_BOUND('',#7995,.T.);
#7995 = EDGE_LOOP('',(#7996,#7997,#8018,#8019));
#7996 = ORIENTED_EDGE('',*,*,#7776,.T.);
#7997 = ORIENTED_EDGE('',*,*,#7998,.T.);
#7998 = EDGE_CURVE('',#7749,#7949,#7999,.T.);
#7999 = SURFACE_CURVE('',#8000,(#8004,#8011),.PCURVE_S1.);
#8000 = LINE('',#8001,#8002);
#8001 = CARTESIAN_POINT('',(9.74599609375,59.57400390625,1.4));
#8002 = VECTOR('',#8003,1.);
#8003 = DIRECTION('',(1.,0.,0.));
#8004 = PCURVE('',#1729,#8005);
#8005 = DEFINITIONAL_REPRESENTATION('',(#8006),#8010);
#8006 = LINE('',#8007,#8008);
#8007 = CARTESIAN_POINT('',(0.,-0.4));
#8008 = VECTOR('',#8009,1.);
#8009 = DIRECTION('',(1.,0.));
#8010 = ( GEOMETRIC_REPRESENTATION_CONTEXT(2) 
PARAMETRIC_REPRESENTATION_CONTEXT() REPRESENTATION_CONTEXT('2D SPACE',''
  ) );
#8011 = PCURVE('',#7764,#8012);
#8012 = DEFINITIONAL_REPRESENTATION('',(#8013),#8017);
#8013 = LINE('',#8014,#8015);
#8014 = CARTESIAN_POINT('',(0.48,4.37400390625));
#8015 = VECTOR('',#8016,1.);
#8016 = DIRECTION('',(1.,0.));
#8017 = ( GEOMETRIC_REPRESENTATION_CONTEXT(2) 
PARAMETRIC_REPRESENTATION_CONTEXT() REPRESENTATION_CONTEXT('2D SPACE',''
  ) );
#8018 = ORIENTED_EDGE('',*,*,#7948,.F.);
#8019 = ORIENTED_EDGE('',*,*,#1713,.F.);
#8020 = ADVANCED_FACE('',(#8021),#1871,.T.);
#8021 = FACE_BOUND('',#8022,.T.);
#8022 = EDGE_LOOP('',(#8023,#8046,#8074,#8095));
#8023 = ORIENTED_EDGE('',*,*,#8024,.T.);
#8024 = EDGE_CURVE('',#1854,#8025,#8027,.T.);
#8025 = VERTEX_POINT('',#8026);
#8026 = CARTESIAN_POINT('',(15.65,59.57400390625,1.4));
#8027 = SURFACE_CURVE('',#8028,(#8032,#8039),.PCURVE_S1.);
#8028 = LINE('',#8029,#8030);
#8029 = CARTESIAN_POINT('',(15.65,59.57400390625,1.));
#8030 = VECTOR('',#8031,1.);
#8031 = DIRECTION('',(0.,0.,1.));
#8032 = PCURVE('',#1871,#8033);
#8033 = DEFINITIONAL_REPRESENTATION('',(#8034),#8038);
#8034 = LINE('',#8035,#8036);
#8035 = CARTESIAN_POINT('',(0.,0.));
#8036 = VECTOR('',#8037,1.);
#8037 = DIRECTION('',(0.,-1.));
#8038 = ( GEOMETRIC_REPRESENTATION_CONTEXT(2) 
PARAMETRIC_REPRESENTATION_CONTEXT() REPRESENTATION_CONTEXT('2D SPACE',''
  ) );
#8039 = PCURVE('',#2037,#8040);
#8040 = DEFINITIONAL_REPRESENTATION('',(#8041),#8045);
#8041 = LINE('',#8042,#8043);
#8042 = CARTESIAN_POINT('',(3.895358241333,0.));
#8043 = VECTOR('',#8044,1.);
#8044 = DIRECTION('',(0.,-1.));
#8045 = ( GEOMETRIC_REPRESENTATION_CONTEXT(2) 
PARAMETRIC_REPRESENTATION_CONTEXT() REPRESENTATION_CONTEXT('2D SPACE',''
  ) );
#8046 = ORIENTED_EDGE('',*,*,#8047,.T.);
#8047 = EDGE_CURVE('',#8025,#8048,#8050,.T.);
#8048 = VERTEX_POINT('',#8049);
#8049 = CARTESIAN_POINT('',(16.24400390625,59.57400390625,1.4));
#8050 = SURFACE_CURVE('',#8051,(#8055,#8062),.PCURVE_S1.);
#8051 = LINE('',#8052,#8053);
#8052 = CARTESIAN_POINT('',(15.65,59.57400390625,1.4));
#8053 = VECTOR('',#8054,1.);
#8054 = DIRECTION('',(1.,0.,0.));
#8055 = PCURVE('',#1871,#8056);
#8056 = DEFINITIONAL_REPRESENTATION('',(#8057),#8061);
#8057 = LINE('',#8058,#8059);
#8058 = CARTESIAN_POINT('',(0.,-0.4));
#8059 = VECTOR('',#8060,1.);
#8060 = DIRECTION('',(1.,0.));
#8061 = ( GEOMETRIC_REPRESENTATION_CONTEXT(2) 
PARAMETRIC_REPRESENTATION_CONTEXT() REPRESENTATION_CONTEXT('2D SPACE',''
  ) );
#8062 = PCURVE('',#8063,#8068);
#8063 = PLANE('',#8064);
#8064 = AXIS2_PLACEMENT_3D('',#8065,#8066,#8067);
#8065 = CARTESIAN_POINT('',(12.46400390625,55.2,1.4));
#8066 = DIRECTION('',(0.,0.,1.));
#8067 = DIRECTION('',(1.,0.,0.));
#8068 = DEFINITIONAL_REPRESENTATION('',(#8069),#8073);
#8069 = LINE('',#8070,#8071);
#8070 = CARTESIAN_POINT('',(3.18599609375,4.37400390625));
#8071 = VECTOR('',#8072,1.);
#8072 = DIRECTION('',(1.,0.));
#8073 = ( GEOMETRIC_REPRESENTATION_CONTEXT(2) 
PARAMETRIC_REPRESENTATION_CONTEXT() REPRESENTATION_CONTEXT('2D SPACE',''
  ) );
#8074 = ORIENTED_EDGE('',*,*,#8075,.F.);
#8075 = EDGE_CURVE('',#1856,#8048,#8076,.T.);
#8076 = SURFACE_CURVE('',#8077,(#8081,#8088),.PCURVE_S1.);
#8077 = LINE('',#8078,#8079);
#8078 = CARTESIAN_POINT('',(16.24400390625,59.57400390625,1.));
#8079 = VECTOR('',#8080,1.);
#8080 = DIRECTION('',(0.,0.,1.));
#8081 = PCURVE('',#1871,#8082);
#8082 = DEFINITIONAL_REPRESENTATION('',(#8083),#8087);
#8083 = LINE('',#8084,#8085);
#8084 = CARTESIAN_POINT('',(0.59400390625,0.));
#8085 = VECTOR('',#8086,1.);
#8086 = DIRECTION('',(0.,-1.));
#8087 = ( GEOMETRIC_REPRESENTATION_CONTEXT(2) 
PARAMETRIC_REPRESENTATION_CONTEXT() REPRESENTATION_CONTEXT('2D SPACE',''
  ) );
#8088 = PCURVE('',#1899,#8089);
#8089 = DEFINITIONAL_REPRESENTATION('',(#8090),#8094);
#8090 = LINE('',#8091,#8092);
#8091 = CARTESIAN_POINT('',(0.,0.));
#8092 = VECTOR('',#8093,1.);
#8093 = DIRECTION('',(0.,-1.));
#8094 = ( GEOMETRIC_REPRESENTATION_CONTEXT(2) 
PARAMETRIC_REPRESENTATION_CONTEXT() REPRESENTATION_CONTEXT('2D SPACE',''
  ) );
#8095 = ORIENTED_EDGE('',*,*,#1853,.F.);
#8096 = ADVANCED_FACE('',(#8097),#2037,.T.);
#8097 = FACE_BOUND('',#8098,.T.);
#8098 = EDGE_LOOP('',(#8099,#8122,#8143,#8144));
#8099 = ORIENTED_EDGE('',*,*,#8100,.T.);
#8100 = EDGE_CURVE('',#1996,#8101,#8103,.T.);
#8101 = VERTEX_POINT('',#8102);
#8102 = CARTESIAN_POINT('',(14.4380078125,55.8719921875,1.4));
#8103 = SURFACE_CURVE('',#8104,(#8108,#8115),.PCURVE_S1.);
#8104 = LINE('',#8105,#8106);
#8105 = CARTESIAN_POINT('',(14.4380078125,55.8719921875,1.));
#8106 = VECTOR('',#8107,1.);
#8107 = DIRECTION('',(0.,0.,1.));
#8108 = PCURVE('',#2037,#8109);
#8109 = DEFINITIONAL_REPRESENTATION('',(#8110),#8114);
#8110 = LINE('',#8111,#8112);
#8111 = CARTESIAN_POINT('',(0.,0.));
#8112 = VECTOR('',#8113,1.);
#8113 = DIRECTION('',(0.,-1.));
#8114 = ( GEOMETRIC_REPRESENTATION_CONTEXT(2) 
PARAMETRIC_REPRESENTATION_CONTEXT() REPRESENTATION_CONTEXT('2D SPACE',''
  ) );
#8115 = PCURVE('',#2011,#8116);
#8116 = DEFINITIONAL_REPRESENTATION('',(#8117),#8121);
#8117 = LINE('',#8118,#8119);
#8118 = CARTESIAN_POINT('',(3.918361493919,0.));
#8119 = VECTOR('',#8120,1.);
#8120 = DIRECTION('',(0.,-1.));
#8121 = ( GEOMETRIC_REPRESENTATION_CONTEXT(2) 
PARAMETRIC_REPRESENTATION_CONTEXT() REPRESENTATION_CONTEXT('2D SPACE',''
  ) );
#8122 = ORIENTED_EDGE('',*,*,#8123,.T.);
#8123 = EDGE_CURVE('',#8101,#8025,#8124,.T.);
#8124 = SURFACE_CURVE('',#8125,(#8129,#8136),.PCURVE_S1.);
#8125 = LINE('',#8126,#8127);
#8126 = CARTESIAN_POINT('',(14.4380078125,55.8719921875,1.4));
#8127 = VECTOR('',#8128,1.);
#8128 = DIRECTION('',(0.311137541764,0.950364893136,0.));
#8129 = PCURVE('',#2037,#8130);
#8130 = DEFINITIONAL_REPRESENTATION('',(#8131),#8135);
#8131 = LINE('',#8132,#8133);
#8132 = CARTESIAN_POINT('',(7.305440011697E-15,-0.4));
#8133 = VECTOR('',#8134,1.);
#8134 = DIRECTION('',(1.,0.));
#8135 = ( GEOMETRIC_REPRESENTATION_CONTEXT(2) 
PARAMETRIC_REPRESENTATION_CONTEXT() REPRESENTATION_CONTEXT('2D SPACE',''
  ) );
#8136 = PCURVE('',#8063,#8137);
#8137 = DEFINITIONAL_REPRESENTATION('',(#8138),#8142);
#8138 = LINE('',#8139,#8140);
#8139 = CARTESIAN_POINT('',(1.97400390625,0.6719921875));
#8140 = VECTOR('',#8141,1.);
#8141 = DIRECTION('',(0.311137541764,0.950364893136));
#8142 = ( GEOMETRIC_REPRESENTATION_CONTEXT(2) 
PARAMETRIC_REPRESENTATION_CONTEXT() REPRESENTATION_CONTEXT('2D SPACE',''
  ) );
#8143 = ORIENTED_EDGE('',*,*,#8024,.F.);
#8144 = ORIENTED_EDGE('',*,*,#2023,.F.);
#8145 = ADVANCED_FACE('',(#8146),#2011,.T.);
#8146 = FACE_BOUND('',#8147,.T.);
#8147 = EDGE_LOOP('',(#8148,#8171,#8192,#8193));
#8148 = ORIENTED_EDGE('',*,*,#8149,.T.);
#8149 = EDGE_CURVE('',#1968,#8150,#8152,.T.);
#8150 = VERTEX_POINT('',#8151);
#8151 = CARTESIAN_POINT('',(13.15400390625,59.57400390625,1.4));
#8152 = SURFACE_CURVE('',#8153,(#8157,#8164),.PCURVE_S1.);
#8153 = LINE('',#8154,#8155);
#8154 = CARTESIAN_POINT('',(13.15400390625,59.57400390625,1.));
#8155 = VECTOR('',#8156,1.);
#8156 = DIRECTION('',(0.,0.,1.));
#8157 = PCURVE('',#2011,#8158);
#8158 = DEFINITIONAL_REPRESENTATION('',(#8159),#8163);
#8159 = LINE('',#8160,#8161);
#8160 = CARTESIAN_POINT('',(0.,0.));
#8161 = VECTOR('',#8162,1.);
#8162 = DIRECTION('',(0.,-1.));
#8163 = ( GEOMETRIC_REPRESENTATION_CONTEXT(2) 
PARAMETRIC_REPRESENTATION_CONTEXT() REPRESENTATION_CONTEXT('2D SPACE',''
  ) );
#8164 = PCURVE('',#1983,#8165);
#8165 = DEFINITIONAL_REPRESENTATION('',(#8166),#8170);
#8166 = LINE('',#8167,#8168);
#8167 = CARTESIAN_POINT('',(0.6,0.));
#8168 = VECTOR('',#8169,1.);
#8169 = DIRECTION('',(0.,-1.));
#8170 = ( GEOMETRIC_REPRESENTATION_CONTEXT(2) 
PARAMETRIC_REPRESENTATION_CONTEXT() REPRESENTATION_CONTEXT('2D SPACE',''
  ) );
#8171 = ORIENTED_EDGE('',*,*,#8172,.T.);
#8172 = EDGE_CURVE('',#8150,#8101,#8173,.T.);
#8173 = SURFACE_CURVE('',#8174,(#8178,#8185),.PCURVE_S1.);
#8174 = LINE('',#8175,#8176);
#8175 = CARTESIAN_POINT('',(13.15400390625,59.57400390625,1.4));
#8176 = VECTOR('',#8177,1.);
#8177 = DIRECTION('',(0.32768898639,-0.944785651986,0.));
#8178 = PCURVE('',#2011,#8179);
#8179 = DEFINITIONAL_REPRESENTATION('',(#8180),#8184);
#8180 = LINE('',#8181,#8182);
#8181 = CARTESIAN_POINT('',(0.,-0.4));
#8182 = VECTOR('',#8183,1.);
#8183 = DIRECTION('',(1.,0.));
#8184 = ( GEOMETRIC_REPRESENTATION_CONTEXT(2) 
PARAMETRIC_REPRESENTATION_CONTEXT() REPRESENTATION_CONTEXT('2D SPACE',''
  ) );
#8185 = PCURVE('',#8063,#8186);
#8186 = DEFINITIONAL_REPRESENTATION('',(#8187),#8191);
#8187 = LINE('',#8188,#8189);
#8188 = CARTESIAN_POINT('',(0.69,4.37400390625));
#8189 = VECTOR('',#8190,1.);
#8190 = DIRECTION('',(0.32768898639,-0.944785651986));
#8191 = ( GEOMETRIC_REPRESENTATION_CONTEXT(2) 
PARAMETRIC_REPRESENTATION_CONTEXT() REPRESENTATION_CONTEXT('2D SPACE',''
  ) );
#8192 = ORIENTED_EDGE('',*,*,#8100,.F.);
#8193 = ORIENTED_EDGE('',*,*,#1995,.F.);
#8194 = ADVANCED_FACE('',(#8195),#1983,.T.);
#8195 = FACE_BOUND('',#8196,.T.);
#8196 = EDGE_LOOP('',(#8197,#8220,#8241,#8242));
#8197 = ORIENTED_EDGE('',*,*,#8198,.T.);
#8198 = EDGE_CURVE('',#1940,#8199,#8201,.T.);
#8199 = VERTEX_POINT('',#8200);
#8200 = CARTESIAN_POINT('',(12.55400390625,59.57400390625,1.4));
#8201 = SURFACE_CURVE('',#8202,(#8206,#8213),.PCURVE_S1.);
#8202 = LINE('',#8203,#8204);
#8203 = CARTESIAN_POINT('',(12.55400390625,59.57400390625,1.));
#8204 = VECTOR('',#8205,1.);
#8205 = DIRECTION('',(0.,0.,1.));
#8206 = PCURVE('',#1983,#8207);
#8207 = DEFINITIONAL_REPRESENTATION('',(#8208),#8212);
#8208 = LINE('',#8209,#8210);
#8209 = CARTESIAN_POINT('',(0.,0.));
#8210 = VECTOR('',#8211,1.);
#8211 = DIRECTION('',(0.,-1.));
#8212 = ( GEOMETRIC_REPRESENTATION_CONTEXT(2) 
PARAMETRIC_REPRESENTATION_CONTEXT() REPRESENTATION_CONTEXT('2D SPACE',''
  ) );
#8213 = PCURVE('',#1955,#8214);
#8214 = DEFINITIONAL_REPRESENTATION('',(#8215),#8219);
#8215 = LINE('',#8216,#8217);
#8216 = CARTESIAN_POINT('',(4.647910241114,0.));
#8217 = VECTOR('',#8218,1.);
#8218 = DIRECTION('',(0.,-1.));
#8219 = ( GEOMETRIC_REPRESENTATION_CONTEXT(2) 
PARAMETRIC_REPRESENTATION_CONTEXT() REPRESENTATION_CONTEXT('2D SPACE',''
  ) );
#8220 = ORIENTED_EDGE('',*,*,#8221,.T.);
#8221 = EDGE_CURVE('',#8199,#8150,#8222,.T.);
#8222 = SURFACE_CURVE('',#8223,(#8227,#8234),.PCURVE_S1.);
#8223 = LINE('',#8224,#8225);
#8224 = CARTESIAN_POINT('',(12.55400390625,59.57400390625,1.4));
#8225 = VECTOR('',#8226,1.);
#8226 = DIRECTION('',(1.,0.,0.));
#8227 = PCURVE('',#1983,#8228);
#8228 = DEFINITIONAL_REPRESENTATION('',(#8229),#8233);
#8229 = LINE('',#8230,#8231);
#8230 = CARTESIAN_POINT('',(0.,-0.4));
#8231 = VECTOR('',#8232,1.);
#8232 = DIRECTION('',(1.,0.));
#8233 = ( GEOMETRIC_REPRESENTATION_CONTEXT(2) 
PARAMETRIC_REPRESENTATION_CONTEXT() REPRESENTATION_CONTEXT('2D SPACE',''
  ) );
#8234 = PCURVE('',#8063,#8235);
#8235 = DEFINITIONAL_REPRESENTATION('',(#8236),#8240);
#8236 = LINE('',#8237,#8238);
#8237 = CARTESIAN_POINT('',(9.E-02,4.37400390625));
#8238 = VECTOR('',#8239,1.);
#8239 = DIRECTION('',(1.,0.));
#8240 = ( GEOMETRIC_REPRESENTATION_CONTEXT(2) 
PARAMETRIC_REPRESENTATION_CONTEXT() REPRESENTATION_CONTEXT('2D SPACE',''
  ) );
#8241 = ORIENTED_EDGE('',*,*,#8149,.F.);
#8242 = ORIENTED_EDGE('',*,*,#1967,.F.);
#8243 = ADVANCED_FACE('',(#8244),#1955,.T.);
#8244 = FACE_BOUND('',#8245,.T.);
#8245 = EDGE_LOOP('',(#8246,#8269,#8290,#8291));
#8246 = ORIENTED_EDGE('',*,*,#8247,.T.);
#8247 = EDGE_CURVE('',#1912,#8248,#8250,.T.);
#8248 = VERTEX_POINT('',#8249);
#8249 = CARTESIAN_POINT('',(14.12599609375,55.2,1.4));
#8250 = SURFACE_CURVE('',#8251,(#8255,#8262),.PCURVE_S1.);
#8251 = LINE('',#8252,#8253);
#8252 = CARTESIAN_POINT('',(14.12599609375,55.2,1.));
#8253 = VECTOR('',#8254,1.);
#8254 = DIRECTION('',(0.,0.,1.));
#8255 = PCURVE('',#1955,#8256);
#8256 = DEFINITIONAL_REPRESENTATION('',(#8257),#8261);
#8257 = LINE('',#8258,#8259);
#8258 = CARTESIAN_POINT('',(0.,0.));
#8259 = VECTOR('',#8260,1.);
#8260 = DIRECTION('',(0.,-1.));
#8261 = ( GEOMETRIC_REPRESENTATION_CONTEXT(2) 
PARAMETRIC_REPRESENTATION_CONTEXT() REPRESENTATION_CONTEXT('2D SPACE',''
  ) );
#8262 = PCURVE('',#1927,#8263);
#8263 = DEFINITIONAL_REPRESENTATION('',(#8264),#8268);
#8264 = LINE('',#8265,#8266);
#8265 = CARTESIAN_POINT('',(0.6,0.));
#8266 = VECTOR('',#8267,1.);
#8267 = DIRECTION('',(0.,-1.));
#8268 = ( GEOMETRIC_REPRESENTATION_CONTEXT(2) 
PARAMETRIC_REPRESENTATION_CONTEXT() REPRESENTATION_CONTEXT('2D SPACE',''
  ) );
#8269 = ORIENTED_EDGE('',*,*,#8270,.T.);
#8270 = EDGE_CURVE('',#8248,#8199,#8271,.T.);
#8271 = SURFACE_CURVE('',#8272,(#8276,#8283),.PCURVE_S1.);
#8272 = LINE('',#8273,#8274);
#8273 = CARTESIAN_POINT('',(14.12599609375,55.2,1.4));
#8274 = VECTOR('',#8275,1.);
#8275 = DIRECTION('',(-0.338214833323,0.941068927614,0.));
#8276 = PCURVE('',#1955,#8277);
#8277 = DEFINITIONAL_REPRESENTATION('',(#8278),#8282);
#8278 = LINE('',#8279,#8280);
#8279 = CARTESIAN_POINT('',(0.,-0.4));
#8280 = VECTOR('',#8281,1.);
#8281 = DIRECTION('',(1.,0.));
#8282 = ( GEOMETRIC_REPRESENTATION_CONTEXT(2) 
PARAMETRIC_REPRESENTATION_CONTEXT() REPRESENTATION_CONTEXT('2D SPACE',''
  ) );
#8283 = PCURVE('',#8063,#8284);
#8284 = DEFINITIONAL_REPRESENTATION('',(#8285),#8289);
#8285 = LINE('',#8286,#8287);
#8286 = CARTESIAN_POINT('',(1.6619921875,0.));
#8287 = VECTOR('',#8288,1.);
#8288 = DIRECTION('',(-0.338214833323,0.941068927614));
#8289 = ( GEOMETRIC_REPRESENTATION_CONTEXT(2) 
PARAMETRIC_REPRESENTATION_CONTEXT() REPRESENTATION_CONTEXT('2D SPACE',''
  ) );
#8290 = ORIENTED_EDGE('',*,*,#8198,.F.);
#8291 = ORIENTED_EDGE('',*,*,#1939,.F.);
#8292 = ADVANCED_FACE('',(#8293),#1927,.T.);
#8293 = FACE_BOUND('',#8294,.T.);
#8294 = EDGE_LOOP('',(#8295,#8318,#8339,#8340));
#8295 = ORIENTED_EDGE('',*,*,#8296,.T.);
#8296 = EDGE_CURVE('',#1884,#8297,#8299,.T.);
#8297 = VERTEX_POINT('',#8298);
#8298 = CARTESIAN_POINT('',(14.72599609375,55.2,1.4));
#8299 = SURFACE_CURVE('',#8300,(#8304,#8311),.PCURVE_S1.);
#8300 = LINE('',#8301,#8302);
#8301 = CARTESIAN_POINT('',(14.72599609375,55.2,1.));
#8302 = VECTOR('',#8303,1.);
#8303 = DIRECTION('',(0.,0.,1.));
#8304 = PCURVE('',#1927,#8305);
#8305 = DEFINITIONAL_REPRESENTATION('',(#8306),#8310);
#8306 = LINE('',#8307,#8308);
#8307 = CARTESIAN_POINT('',(0.,-0.));
#8308 = VECTOR('',#8309,1.);
#8309 = DIRECTION('',(0.,-1.));
#8310 = ( GEOMETRIC_REPRESENTATION_CONTEXT(2) 
PARAMETRIC_REPRESENTATION_CONTEXT() REPRESENTATION_CONTEXT('2D SPACE',''
  ) );
#8311 = PCURVE('',#1899,#8312);
#8312 = DEFINITIONAL_REPRESENTATION('',(#8313),#8317);
#8313 = LINE('',#8314,#8315);
#8314 = CARTESIAN_POINT('',(4.629930657224,-0.));
#8315 = VECTOR('',#8316,1.);
#8316 = DIRECTION('',(0.,-1.));
#8317 = ( GEOMETRIC_REPRESENTATION_CONTEXT(2) 
PARAMETRIC_REPRESENTATION_CONTEXT() REPRESENTATION_CONTEXT('2D SPACE',''
  ) );
#8318 = ORIENTED_EDGE('',*,*,#8319,.T.);
#8319 = EDGE_CURVE('',#8297,#8248,#8320,.T.);
#8320 = SURFACE_CURVE('',#8321,(#8325,#8332),.PCURVE_S1.);
#8321 = LINE('',#8322,#8323);
#8322 = CARTESIAN_POINT('',(14.72599609375,55.2,1.4));
#8323 = VECTOR('',#8324,1.);
#8324 = DIRECTION('',(-1.,0.,0.));
#8325 = PCURVE('',#1927,#8326);
#8326 = DEFINITIONAL_REPRESENTATION('',(#8327),#8331);
#8327 = LINE('',#8328,#8329);
#8328 = CARTESIAN_POINT('',(0.,-0.4));
#8329 = VECTOR('',#8330,1.);
#8330 = DIRECTION('',(1.,0.));
#8331 = ( GEOMETRIC_REPRESENTATION_CONTEXT(2) 
PARAMETRIC_REPRESENTATION_CONTEXT() REPRESENTATION_CONTEXT('2D SPACE',''
  ) );
#8332 = PCURVE('',#8063,#8333);
#8333 = DEFINITIONAL_REPRESENTATION('',(#8334),#8338);
#8334 = LINE('',#8335,#8336);
#8335 = CARTESIAN_POINT('',(2.2619921875,0.));
#8336 = VECTOR('',#8337,1.);
#8337 = DIRECTION('',(-1.,0.));
#8338 = ( GEOMETRIC_REPRESENTATION_CONTEXT(2) 
PARAMETRIC_REPRESENTATION_CONTEXT() REPRESENTATION_CONTEXT('2D SPACE',''
  ) );
#8339 = ORIENTED_EDGE('',*,*,#8247,.F.);
#8340 = ORIENTED_EDGE('',*,*,#1911,.F.);
#8341 = ADVANCED_FACE('',(#8342),#1899,.T.);
#8342 = FACE_BOUND('',#8343,.T.);
#8343 = EDGE_LOOP('',(#8344,#8345,#8366,#8367));
#8344 = ORIENTED_EDGE('',*,*,#8075,.T.);
#8345 = ORIENTED_EDGE('',*,*,#8346,.T.);
#8346 = EDGE_CURVE('',#8048,#8297,#8347,.T.);
#8347 = SURFACE_CURVE('',#8348,(#8352,#8359),.PCURVE_S1.);
#8348 = LINE('',#8349,#8350);
#8349 = CARTESIAN_POINT('',(16.24400390625,59.57400390625,1.4));
#8350 = VECTOR('',#8351,1.);
#8351 = DIRECTION('',(-0.327868368856,-0.944723415982,0.));
#8352 = PCURVE('',#1899,#8353);
#8353 = DEFINITIONAL_REPRESENTATION('',(#8354),#8358);
#8354 = LINE('',#8355,#8356);
#8355 = CARTESIAN_POINT('',(0.,-0.4));
#8356 = VECTOR('',#8357,1.);
#8357 = DIRECTION('',(1.,-0.));
#8358 = ( GEOMETRIC_REPRESENTATION_CONTEXT(2) 
PARAMETRIC_REPRESENTATION_CONTEXT() REPRESENTATION_CONTEXT('2D SPACE',''
  ) );
#8359 = PCURVE('',#8063,#8360);
#8360 = DEFINITIONAL_REPRESENTATION('',(#8361),#8365);
#8361 = LINE('',#8362,#8363);
#8362 = CARTESIAN_POINT('',(3.78,4.37400390625));
#8363 = VECTOR('',#8364,1.);
#8364 = DIRECTION('',(-0.327868368856,-0.944723415982));
#8365 = ( GEOMETRIC_REPRESENTATION_CONTEXT(2) 
PARAMETRIC_REPRESENTATION_CONTEXT() REPRESENTATION_CONTEXT('2D SPACE',''
  ) );
#8366 = ORIENTED_EDGE('',*,*,#8296,.F.);
#8367 = ORIENTED_EDGE('',*,*,#1883,.F.);
#8368 = ADVANCED_FACE('',(#8369),#2069,.T.);
#8369 = FACE_BOUND('',#8370,.T.);
#8370 = EDGE_LOOP('',(#8371,#8394,#8422,#8443));
#8371 = ORIENTED_EDGE('',*,*,#8372,.T.);
#8372 = EDGE_CURVE('',#2052,#8373,#8375,.T.);
#8373 = VERTEX_POINT('',#8374);
#8374 = CARTESIAN_POINT('',(18.41599609375,55.2,1.4));
#8375 = SURFACE_CURVE('',#8376,(#8380,#8387),.PCURVE_S1.);
#8376 = LINE('',#8377,#8378);
#8377 = CARTESIAN_POINT('',(18.41599609375,55.2,1.));
#8378 = VECTOR('',#8379,1.);
#8379 = DIRECTION('',(0.,0.,1.));
#8380 = PCURVE('',#2069,#8381);
#8381 = DEFINITIONAL_REPRESENTATION('',(#8382),#8386);
#8382 = LINE('',#8383,#8384);
#8383 = CARTESIAN_POINT('',(0.,-0.));
#8384 = VECTOR('',#8385,1.);
#8385 = DIRECTION('',(0.,-1.));
#8386 = ( GEOMETRIC_REPRESENTATION_CONTEXT(2) 
PARAMETRIC_REPRESENTATION_CONTEXT() REPRESENTATION_CONTEXT('2D SPACE',''
  ) );
#8387 = PCURVE('',#2267,#8388);
#8388 = DEFINITIONAL_REPRESENTATION('',(#8389),#8393);
#8389 = LINE('',#8390,#8391);
#8390 = CARTESIAN_POINT('',(4.25400390625,0.));
#8391 = VECTOR('',#8392,1.);
#8392 = DIRECTION('',(0.,-1.));
#8393 = ( GEOMETRIC_REPRESENTATION_CONTEXT(2) 
PARAMETRIC_REPRESENTATION_CONTEXT() REPRESENTATION_CONTEXT('2D SPACE',''
  ) );
#8394 = ORIENTED_EDGE('',*,*,#8395,.T.);
#8395 = EDGE_CURVE('',#8373,#8396,#8398,.T.);
#8396 = VERTEX_POINT('',#8397);
#8397 = CARTESIAN_POINT('',(17.8880078125,55.2,1.4));
#8398 = SURFACE_CURVE('',#8399,(#8403,#8410),.PCURVE_S1.);
#8399 = LINE('',#8400,#8401);
#8400 = CARTESIAN_POINT('',(18.41599609375,55.2,1.4));
#8401 = VECTOR('',#8402,1.);
#8402 = DIRECTION('',(-1.,0.,0.));
#8403 = PCURVE('',#2069,#8404);
#8404 = DEFINITIONAL_REPRESENTATION('',(#8405),#8409);
#8405 = LINE('',#8406,#8407);
#8406 = CARTESIAN_POINT('',(3.552713678801E-15,-0.4));
#8407 = VECTOR('',#8408,1.);
#8408 = DIRECTION('',(1.,0.));
#8409 = ( GEOMETRIC_REPRESENTATION_CONTEXT(2) 
PARAMETRIC_REPRESENTATION_CONTEXT() REPRESENTATION_CONTEXT('2D SPACE',''
  ) );
#8410 = PCURVE('',#8411,#8416);
#8411 = PLANE('',#8412);
#8412 = AXIS2_PLACEMENT_3D('',#8413,#8414,#8415);
#8413 = CARTESIAN_POINT('',(16.33400390625,55.2,1.4));
#8414 = DIRECTION('',(0.,0.,1.));
#8415 = DIRECTION('',(1.,0.,0.));
#8416 = DEFINITIONAL_REPRESENTATION('',(#8417),#8421);
#8417 = LINE('',#8418,#8419);
#8418 = CARTESIAN_POINT('',(2.0819921875,0.));
#8419 = VECTOR('',#8420,1.);
#8420 = DIRECTION('',(-1.,0.));
#8421 = ( GEOMETRIC_REPRESENTATION_CONTEXT(2) 
PARAMETRIC_REPRESENTATION_CONTEXT() REPRESENTATION_CONTEXT('2D SPACE',''
  ) );
#8422 = ORIENTED_EDGE('',*,*,#8423,.F.);
#8423 = EDGE_CURVE('',#2054,#8396,#8424,.T.);
#8424 = SURFACE_CURVE('',#8425,(#8429,#8436),.PCURVE_S1.);
#8425 = LINE('',#8426,#8427);
#8426 = CARTESIAN_POINT('',(17.8880078125,55.2,1.));
#8427 = VECTOR('',#8428,1.);
#8428 = DIRECTION('',(0.,0.,1.));
#8429 = PCURVE('',#2069,#8430);
#8430 = DEFINITIONAL_REPRESENTATION('',(#8431),#8435);
#8431 = LINE('',#8432,#8433);
#8432 = CARTESIAN_POINT('',(0.52798828125,0.));
#8433 = VECTOR('',#8434,1.);
#8434 = DIRECTION('',(0.,-1.));
#8435 = ( GEOMETRIC_REPRESENTATION_CONTEXT(2) 
PARAMETRIC_REPRESENTATION_CONTEXT() REPRESENTATION_CONTEXT('2D SPACE',''
  ) );
#8436 = PCURVE('',#2097,#8437);
#8437 = DEFINITIONAL_REPRESENTATION('',(#8438),#8442);
#8438 = LINE('',#8439,#8440);
#8439 = CARTESIAN_POINT('',(0.,0.));
#8440 = VECTOR('',#8441,1.);
#8441 = DIRECTION('',(0.,-1.));
#8442 = ( GEOMETRIC_REPRESENTATION_CONTEXT(2) 
PARAMETRIC_REPRESENTATION_CONTEXT() REPRESENTATION_CONTEXT('2D SPACE',''
  ) );
#8443 = ORIENTED_EDGE('',*,*,#2051,.F.);
#8444 = ADVANCED_FACE('',(#8445),#2267,.T.);
#8445 = FACE_BOUND('',#8446,.T.);
#8446 = EDGE_LOOP('',(#8447,#8470,#8491,#8492));
#8447 = ORIENTED_EDGE('',*,*,#8448,.T.);
#8448 = EDGE_CURVE('',#2226,#8449,#8451,.T.);
#8449 = VERTEX_POINT('',#8450);
#8450 = CARTESIAN_POINT('',(18.41599609375,59.45400390625,1.4));
#8451 = SURFACE_CURVE('',#8452,(#8456,#8463),.PCURVE_S1.);
#8452 = LINE('',#8453,#8454);
#8453 = CARTESIAN_POINT('',(18.41599609375,59.45400390625,1.));
#8454 = VECTOR('',#8455,1.);
#8455 = DIRECTION('',(0.,0.,1.));
#8456 = PCURVE('',#2267,#8457);
#8457 = DEFINITIONAL_REPRESENTATION('',(#8458),#8462);
#8458 = LINE('',#8459,#8460);
#8459 = CARTESIAN_POINT('',(0.,0.));
#8460 = VECTOR('',#8461,1.);
#8461 = DIRECTION('',(0.,-1.));
#8462 = ( GEOMETRIC_REPRESENTATION_CONTEXT(2) 
PARAMETRIC_REPRESENTATION_CONTEXT() REPRESENTATION_CONTEXT('2D SPACE',''
  ) );
#8463 = PCURVE('',#2241,#8464);
#8464 = DEFINITIONAL_REPRESENTATION('',(#8465),#8469);
#8465 = LINE('',#8466,#8467);
#8466 = CARTESIAN_POINT('',(0.34798828125,0.));
#8467 = VECTOR('',#8468,1.);
#8468 = DIRECTION('',(0.,-1.));
#8469 = ( GEOMETRIC_REPRESENTATION_CONTEXT(2) 
PARAMETRIC_REPRESENTATION_CONTEXT() REPRESENTATION_CONTEXT('2D SPACE',''
  ) );
#8470 = ORIENTED_EDGE('',*,*,#8471,.T.);
#8471 = EDGE_CURVE('',#8449,#8373,#8472,.T.);
#8472 = SURFACE_CURVE('',#8473,(#8477,#8484),.PCURVE_S1.);
#8473 = LINE('',#8474,#8475);
#8474 = CARTESIAN_POINT('',(18.41599609375,59.45400390625,1.4));
#8475 = VECTOR('',#8476,1.);
#8476 = DIRECTION('',(0.,-1.,0.));
#8477 = PCURVE('',#2267,#8478);
#8478 = DEFINITIONAL_REPRESENTATION('',(#8479),#8483);
#8479 = LINE('',#8480,#8481);
#8480 = CARTESIAN_POINT('',(-7.105427357601E-15,-0.4));
#8481 = VECTOR('',#8482,1.);
#8482 = DIRECTION('',(1.,0.));
#8483 = ( GEOMETRIC_REPRESENTATION_CONTEXT(2) 
PARAMETRIC_REPRESENTATION_CONTEXT() REPRESENTATION_CONTEXT('2D SPACE',''
  ) );
#8484 = PCURVE('',#8411,#8485);
#8485 = DEFINITIONAL_REPRESENTATION('',(#8486),#8490);
#8486 = LINE('',#8487,#8488);
#8487 = CARTESIAN_POINT('',(2.0819921875,4.25400390625));
#8488 = VECTOR('',#8489,1.);
#8489 = DIRECTION('',(0.,-1.));
#8490 = ( GEOMETRIC_REPRESENTATION_CONTEXT(2) 
PARAMETRIC_REPRESENTATION_CONTEXT() REPRESENTATION_CONTEXT('2D SPACE',''
  ) );
#8491 = ORIENTED_EDGE('',*,*,#8372,.F.);
#8492 = ORIENTED_EDGE('',*,*,#2253,.F.);
#8493 = ADVANCED_FACE('',(#8494),#2241,.T.);
#8494 = FACE_BOUND('',#8495,.T.);
#8495 = EDGE_LOOP('',(#8496,#8519,#8540,#8541));
#8496 = ORIENTED_EDGE('',*,*,#8497,.T.);
#8497 = EDGE_CURVE('',#2196,#8498,#8500,.T.);
#8498 = VERTEX_POINT('',#8499);
#8499 = CARTESIAN_POINT('',(18.0680078125,59.45400390625,1.4));
#8500 = SURFACE_CURVE('',#8501,(#8505,#8512),.PCURVE_S1.);
#8501 = LINE('',#8502,#8503);
#8502 = CARTESIAN_POINT('',(18.0680078125,59.45400390625,1.));
#8503 = VECTOR('',#8504,1.);
#8504 = DIRECTION('',(0.,0.,1.));
#8505 = PCURVE('',#2241,#8506);
#8506 = DEFINITIONAL_REPRESENTATION('',(#8507),#8511);
#8507 = LINE('',#8508,#8509);
#8508 = CARTESIAN_POINT('',(0.,0.));
#8509 = VECTOR('',#8510,1.);
#8510 = DIRECTION('',(0.,-1.));
#8511 = ( GEOMETRIC_REPRESENTATION_CONTEXT(2) 
PARAMETRIC_REPRESENTATION_CONTEXT() REPRESENTATION_CONTEXT('2D SPACE',''
  ) );
#8512 = PCURVE('',#2211,#8513);
#8513 = DEFINITIONAL_REPRESENTATION('',(#8514),#8518);
#8514 = LINE('',#8515,#8516);
#8515 = CARTESIAN_POINT('',(1.,0.));
#8516 = VECTOR('',#8517,1.);
#8517 = DIRECTION('',(0.,-1.));
#8518 = ( GEOMETRIC_REPRESENTATION_CONTEXT(2) 
PARAMETRIC_REPRESENTATION_CONTEXT() REPRESENTATION_CONTEXT('2D SPACE',''
  ) );
#8519 = ORIENTED_EDGE('',*,*,#8520,.T.);
#8520 = EDGE_CURVE('',#8498,#8449,#8521,.T.);
#8521 = SURFACE_CURVE('',#8522,(#8526,#8533),.PCURVE_S1.);
#8522 = LINE('',#8523,#8524);
#8523 = CARTESIAN_POINT('',(18.0680078125,59.45400390625,1.4));
#8524 = VECTOR('',#8525,1.);
#8525 = DIRECTION('',(1.,0.,0.));
#8526 = PCURVE('',#2241,#8527);
#8527 = DEFINITIONAL_REPRESENTATION('',(#8528),#8532);
#8528 = LINE('',#8529,#8530);
#8529 = CARTESIAN_POINT('',(3.552713678801E-15,-0.4));
#8530 = VECTOR('',#8531,1.);
#8531 = DIRECTION('',(1.,0.));
#8532 = ( GEOMETRIC_REPRESENTATION_CONTEXT(2) 
PARAMETRIC_REPRESENTATION_CONTEXT() REPRESENTATION_CONTEXT('2D SPACE',''
  ) );
#8533 = PCURVE('',#8411,#8534);
#8534 = DEFINITIONAL_REPRESENTATION('',(#8535),#8539);
#8535 = LINE('',#8536,#8537);
#8536 = CARTESIAN_POINT('',(1.73400390625,4.25400390625));
#8537 = VECTOR('',#8538,1.);
#8538 = DIRECTION('',(1.,0.));
#8539 = ( GEOMETRIC_REPRESENTATION_CONTEXT(2) 
PARAMETRIC_REPRESENTATION_CONTEXT() REPRESENTATION_CONTEXT('2D SPACE',''
  ) );
#8540 = ORIENTED_EDGE('',*,*,#8448,.F.);
#8541 = ORIENTED_EDGE('',*,*,#2225,.F.);
#8542 = ADVANCED_FACE('',(#8543),#2211,.T.);
#8543 = FACE_BOUND('',#8544,.T.);
#8544 = EDGE_LOOP('',(#8545,#8568,#8589,#8590));
#8545 = ORIENTED_EDGE('',*,*,#8546,.T.);
#8546 = EDGE_CURVE('',#2166,#8547,#8549,.T.);
#8547 = VERTEX_POINT('',#8548);
#8548 = CARTESIAN_POINT('',(17.74400390625,58.823994140625,1.4));
#8549 = SURFACE_CURVE('',#8550,(#8554,#8561),.PCURVE_S1.);
#8550 = LINE('',#8551,#8552);
#8551 = CARTESIAN_POINT('',(17.74400390625,58.823994140625,1.));
#8552 = VECTOR('',#8553,1.);
#8553 = DIRECTION('',(0.,0.,1.));
#8554 = PCURVE('',#2211,#8555);
#8555 = DEFINITIONAL_REPRESENTATION('',(#8556),#8560);
#8556 = LINE('',#8557,#8558);
#8557 = CARTESIAN_POINT('',(0.,0.));
#8558 = VECTOR('',#8559,1.);
#8559 = DIRECTION('',(0.,-1.));
#8560 = ( GEOMETRIC_REPRESENTATION_CONTEXT(2) 
PARAMETRIC_REPRESENTATION_CONTEXT() REPRESENTATION_CONTEXT('2D SPACE',''
  ) );
#8561 = PCURVE('',#2181,#8562);
#8562 = DEFINITIONAL_REPRESENTATION('',(#8563),#8567);
#8563 = LINE('',#8564,#8565);
#8564 = CARTESIAN_POINT('',(1.,0.));
#8565 = VECTOR('',#8566,1.);
#8566 = DIRECTION('',(0.,-1.));
#8567 = ( GEOMETRIC_REPRESENTATION_CONTEXT(2) 
PARAMETRIC_REPRESENTATION_CONTEXT() REPRESENTATION_CONTEXT('2D SPACE',''
  ) );
#8568 = ORIENTED_EDGE('',*,*,#8569,.T.);
#8569 = EDGE_CURVE('',#8547,#8498,#8570,.T.);
#8570 = SURFACE_CURVE('',#8571,(#8575,#8582),.PCURVE_S1.);
#8571 = B_SPLINE_CURVE_WITH_KNOTS('',2,(#8572,#8573,#8574),
  .UNSPECIFIED.,.F.,.F.,(3,3),(0.,1.),.PIECEWISE_BEZIER_KNOTS.);
#8572 = CARTESIAN_POINT('',(17.74400390625,58.823994140625,1.4));
#8573 = CARTESIAN_POINT('',(17.93,58.9619921875,1.4));
#8574 = CARTESIAN_POINT('',(18.0680078125,59.45400390625,1.4));
#8575 = PCURVE('',#2211,#8576);
#8576 = DEFINITIONAL_REPRESENTATION('',(#8577),#8581);
#8577 = LINE('',#8578,#8579);
#8578 = CARTESIAN_POINT('',(0.,-0.4));
#8579 = VECTOR('',#8580,1.);
#8580 = DIRECTION('',(1.,0.));
#8581 = ( GEOMETRIC_REPRESENTATION_CONTEXT(2) 
PARAMETRIC_REPRESENTATION_CONTEXT() REPRESENTATION_CONTEXT('2D SPACE',''
  ) );
#8582 = PCURVE('',#8411,#8583);
#8583 = DEFINITIONAL_REPRESENTATION('',(#8584),#8588);
#8584 = B_SPLINE_CURVE_WITH_KNOTS('',2,(#8585,#8586,#8587),
  .UNSPECIFIED.,.F.,.F.,(3,3),(0.,1.),.PIECEWISE_BEZIER_KNOTS.);
#8585 = CARTESIAN_POINT('',(1.41,3.623994140625));
#8586 = CARTESIAN_POINT('',(1.59599609375,3.7619921875));
#8587 = CARTESIAN_POINT('',(1.73400390625,4.25400390625));
#8588 = ( GEOMETRIC_REPRESENTATION_CONTEXT(2) 
PARAMETRIC_REPRESENTATION_CONTEXT() REPRESENTATION_CONTEXT('2D SPACE',''
  ) );
#8589 = ORIENTED_EDGE('',*,*,#8497,.F.);
#8590 = ORIENTED_EDGE('',*,*,#2195,.F.);
#8591 = ADVANCED_FACE('',(#8592),#2181,.T.);
#8592 = FACE_BOUND('',#8593,.T.);
#8593 = EDGE_LOOP('',(#8594,#8617,#8638,#8639));
#8594 = ORIENTED_EDGE('',*,*,#8595,.T.);
#8595 = EDGE_CURVE('',#2138,#8596,#8598,.T.);
#8596 = VERTEX_POINT('',#8597);
#8597 = CARTESIAN_POINT('',(16.94599609375,58.6080078125,1.4));
#8598 = SURFACE_CURVE('',#8599,(#8603,#8610),.PCURVE_S1.);
#8599 = LINE('',#8600,#8601);
#8600 = CARTESIAN_POINT('',(16.94599609375,58.6080078125,1.));
#8601 = VECTOR('',#8602,1.);
#8602 = DIRECTION('',(0.,0.,1.));
#8603 = PCURVE('',#2181,#8604);
#8604 = DEFINITIONAL_REPRESENTATION('',(#8605),#8609);
#8605 = LINE('',#8606,#8607);
#8606 = CARTESIAN_POINT('',(0.,0.));
#8607 = VECTOR('',#8608,1.);
#8608 = DIRECTION('',(0.,-1.));
#8609 = ( GEOMETRIC_REPRESENTATION_CONTEXT(2) 
PARAMETRIC_REPRESENTATION_CONTEXT() REPRESENTATION_CONTEXT('2D SPACE',''
  ) );
#8610 = PCURVE('',#2153,#8611);
#8611 = DEFINITIONAL_REPRESENTATION('',(#8612),#8616);
#8612 = LINE('',#8613,#8614);
#8613 = CARTESIAN_POINT('',(0.3780078125,0.));
#8614 = VECTOR('',#8615,1.);
#8615 = DIRECTION('',(0.,-1.));
#8616 = ( GEOMETRIC_REPRESENTATION_CONTEXT(2) 
PARAMETRIC_REPRESENTATION_CONTEXT() REPRESENTATION_CONTEXT('2D SPACE',''
  ) );
#8617 = ORIENTED_EDGE('',*,*,#8618,.T.);
#8618 = EDGE_CURVE('',#8596,#8547,#8619,.T.);
#8619 = SURFACE_CURVE('',#8620,(#8624,#8631),.PCURVE_S1.);
#8620 = B_SPLINE_CURVE_WITH_KNOTS('',2,(#8621,#8622,#8623),
  .UNSPECIFIED.,.F.,.F.,(3,3),(0.,1.),.PIECEWISE_BEZIER_KNOTS.);
#8621 = CARTESIAN_POINT('',(16.94599609375,58.6080078125,1.4));
#8622 = CARTESIAN_POINT('',(17.5580078125,58.68599609375,1.4));
#8623 = CARTESIAN_POINT('',(17.74400390625,58.823994140625,1.4));
#8624 = PCURVE('',#2181,#8625);
#8625 = DEFINITIONAL_REPRESENTATION('',(#8626),#8630);
#8626 = LINE('',#8627,#8628);
#8627 = CARTESIAN_POINT('',(0.,-0.4));
#8628 = VECTOR('',#8629,1.);
#8629 = DIRECTION('',(1.,0.));
#8630 = ( GEOMETRIC_REPRESENTATION_CONTEXT(2) 
PARAMETRIC_REPRESENTATION_CONTEXT() REPRESENTATION_CONTEXT('2D SPACE',''
  ) );
#8631 = PCURVE('',#8411,#8632);
#8632 = DEFINITIONAL_REPRESENTATION('',(#8633),#8637);
#8633 = B_SPLINE_CURVE_WITH_KNOTS('',2,(#8634,#8635,#8636),
  .UNSPECIFIED.,.F.,.F.,(3,3),(0.,1.),.PIECEWISE_BEZIER_KNOTS.);
#8634 = CARTESIAN_POINT('',(0.6119921875,3.4080078125));
#8635 = CARTESIAN_POINT('',(1.22400390625,3.48599609375));
#8636 = CARTESIAN_POINT('',(1.41,3.623994140625));
#8637 = ( GEOMETRIC_REPRESENTATION_CONTEXT(2) 
PARAMETRIC_REPRESENTATION_CONTEXT() REPRESENTATION_CONTEXT('2D SPACE',''
  ) );
#8638 = ORIENTED_EDGE('',*,*,#8546,.F.);
#8639 = ORIENTED_EDGE('',*,*,#2165,.F.);
#8640 = ADVANCED_FACE('',(#8641),#2153,.T.);
#8641 = FACE_BOUND('',#8642,.T.);
#8642 = EDGE_LOOP('',(#8643,#8666,#8687,#8688));
#8643 = ORIENTED_EDGE('',*,*,#8644,.T.);
#8644 = EDGE_CURVE('',#2110,#8645,#8647,.T.);
#8645 = VERTEX_POINT('',#8646);
#8646 = CARTESIAN_POINT('',(16.94599609375,58.23,1.4));
#8647 = SURFACE_CURVE('',#8648,(#8652,#8659),.PCURVE_S1.);
#8648 = LINE('',#8649,#8650);
#8649 = CARTESIAN_POINT('',(16.94599609375,58.23,1.));
#8650 = VECTOR('',#8651,1.);
#8651 = DIRECTION('',(0.,0.,1.));
#8652 = PCURVE('',#2153,#8653);
#8653 = DEFINITIONAL_REPRESENTATION('',(#8654),#8658);
#8654 = LINE('',#8655,#8656);
#8655 = CARTESIAN_POINT('',(0.,0.));
#8656 = VECTOR('',#8657,1.);
#8657 = DIRECTION('',(0.,-1.));
#8658 = ( GEOMETRIC_REPRESENTATION_CONTEXT(2) 
PARAMETRIC_REPRESENTATION_CONTEXT() REPRESENTATION_CONTEXT('2D SPACE',''
  ) );
#8659 = PCURVE('',#2125,#8660);
#8660 = DEFINITIONAL_REPRESENTATION('',(#8661),#8665);
#8661 = LINE('',#8662,#8663);
#8662 = CARTESIAN_POINT('',(0.94201171875,0.));
#8663 = VECTOR('',#8664,1.);
#8664 = DIRECTION('',(0.,-1.));
#8665 = ( GEOMETRIC_REPRESENTATION_CONTEXT(2) 
PARAMETRIC_REPRESENTATION_CONTEXT() REPRESENTATION_CONTEXT('2D SPACE',''
  ) );
#8666 = ORIENTED_EDGE('',*,*,#8667,.T.);
#8667 = EDGE_CURVE('',#8645,#8596,#8668,.T.);
#8668 = SURFACE_CURVE('',#8669,(#8673,#8680),.PCURVE_S1.);
#8669 = LINE('',#8670,#8671);
#8670 = CARTESIAN_POINT('',(16.94599609375,58.23,1.4));
#8671 = VECTOR('',#8672,1.);
#8672 = DIRECTION('',(0.,1.,0.));
#8673 = PCURVE('',#2153,#8674);
#8674 = DEFINITIONAL_REPRESENTATION('',(#8675),#8679);
#8675 = LINE('',#8676,#8677);
#8676 = CARTESIAN_POINT('',(0.,-0.4));
#8677 = VECTOR('',#8678,1.);
#8678 = DIRECTION('',(1.,0.));
#8679 = ( GEOMETRIC_REPRESENTATION_CONTEXT(2) 
PARAMETRIC_REPRESENTATION_CONTEXT() REPRESENTATION_CONTEXT('2D SPACE',''
  ) );
#8680 = PCURVE('',#8411,#8681);
#8681 = DEFINITIONAL_REPRESENTATION('',(#8682),#8686);
#8682 = LINE('',#8683,#8684);
#8683 = CARTESIAN_POINT('',(0.6119921875,3.03));
#8684 = VECTOR('',#8685,1.);
#8685 = DIRECTION('',(0.,1.));
#8686 = ( GEOMETRIC_REPRESENTATION_CONTEXT(2) 
PARAMETRIC_REPRESENTATION_CONTEXT() REPRESENTATION_CONTEXT('2D SPACE',''
  ) );
#8687 = ORIENTED_EDGE('',*,*,#8595,.F.);
#8688 = ORIENTED_EDGE('',*,*,#2137,.F.);
#8689 = ADVANCED_FACE('',(#8690),#2125,.T.);
#8690 = FACE_BOUND('',#8691,.T.);
#8691 = EDGE_LOOP('',(#8692,#8715,#8736,#8737));
#8692 = ORIENTED_EDGE('',*,*,#8693,.T.);
#8693 = EDGE_CURVE('',#2082,#8694,#8696,.T.);
#8694 = VERTEX_POINT('',#8695);
#8695 = CARTESIAN_POINT('',(17.8880078125,58.23,1.4));
#8696 = SURFACE_CURVE('',#8697,(#8701,#8708),.PCURVE_S1.);
#8697 = LINE('',#8698,#8699);
#8698 = CARTESIAN_POINT('',(17.8880078125,58.23,1.));
#8699 = VECTOR('',#8700,1.);
#8700 = DIRECTION('',(0.,0.,1.));
#8701 = PCURVE('',#2125,#8702);
#8702 = DEFINITIONAL_REPRESENTATION('',(#8703),#8707);
#8703 = LINE('',#8704,#8705);
#8704 = CARTESIAN_POINT('',(0.,-0.));
#8705 = VECTOR('',#8706,1.);
#8706 = DIRECTION('',(0.,-1.));
#8707 = ( GEOMETRIC_REPRESENTATION_CONTEXT(2) 
PARAMETRIC_REPRESENTATION_CONTEXT() REPRESENTATION_CONTEXT('2D SPACE',''
  ) );
#8708 = PCURVE('',#2097,#8709);
#8709 = DEFINITIONAL_REPRESENTATION('',(#8710),#8714);
#8710 = LINE('',#8711,#8712);
#8711 = CARTESIAN_POINT('',(3.03,0.));
#8712 = VECTOR('',#8713,1.);
#8713 = DIRECTION('',(0.,-1.));
#8714 = ( GEOMETRIC_REPRESENTATION_CONTEXT(2) 
PARAMETRIC_REPRESENTATION_CONTEXT() REPRESENTATION_CONTEXT('2D SPACE',''
  ) );
#8715 = ORIENTED_EDGE('',*,*,#8716,.T.);
#8716 = EDGE_CURVE('',#8694,#8645,#8717,.T.);
#8717 = SURFACE_CURVE('',#8718,(#8722,#8729),.PCURVE_S1.);
#8718 = LINE('',#8719,#8720);
#8719 = CARTESIAN_POINT('',(17.8880078125,58.23,1.4));
#8720 = VECTOR('',#8721,1.);
#8721 = DIRECTION('',(-1.,0.,0.));
#8722 = PCURVE('',#2125,#8723);
#8723 = DEFINITIONAL_REPRESENTATION('',(#8724),#8728);
#8724 = LINE('',#8725,#8726);
#8725 = CARTESIAN_POINT('',(0.,-0.4));
#8726 = VECTOR('',#8727,1.);
#8727 = DIRECTION('',(1.,0.));
#8728 = ( GEOMETRIC_REPRESENTATION_CONTEXT(2) 
PARAMETRIC_REPRESENTATION_CONTEXT() REPRESENTATION_CONTEXT('2D SPACE',''
  ) );
#8729 = PCURVE('',#8411,#8730);
#8730 = DEFINITIONAL_REPRESENTATION('',(#8731),#8735);
#8731 = LINE('',#8732,#8733);
#8732 = CARTESIAN_POINT('',(1.55400390625,3.03));
#8733 = VECTOR('',#8734,1.);
#8734 = DIRECTION('',(-1.,0.));
#8735 = ( GEOMETRIC_REPRESENTATION_CONTEXT(2) 
PARAMETRIC_REPRESENTATION_CONTEXT() REPRESENTATION_CONTEXT('2D SPACE',''
  ) );
#8736 = ORIENTED_EDGE('',*,*,#8644,.F.);
#8737 = ORIENTED_EDGE('',*,*,#2109,.F.);
#8738 = ADVANCED_FACE('',(#8739),#2097,.T.);
#8739 = FACE_BOUND('',#8740,.T.);
#8740 = EDGE_LOOP('',(#8741,#8742,#8763,#8764));
#8741 = ORIENTED_EDGE('',*,*,#8423,.T.);
#8742 = ORIENTED_EDGE('',*,*,#8743,.T.);
#8743 = EDGE_CURVE('',#8396,#8694,#8744,.T.);
#8744 = SURFACE_CURVE('',#8745,(#8749,#8756),.PCURVE_S1.);
#8745 = LINE('',#8746,#8747);
#8746 = CARTESIAN_POINT('',(17.8880078125,55.2,1.4));
#8747 = VECTOR('',#8748,1.);
#8748 = DIRECTION('',(0.,1.,0.));
#8749 = PCURVE('',#2097,#8750);
#8750 = DEFINITIONAL_REPRESENTATION('',(#8751),#8755);
#8751 = LINE('',#8752,#8753);
#8752 = CARTESIAN_POINT('',(0.,-0.4));
#8753 = VECTOR('',#8754,1.);
#8754 = DIRECTION('',(1.,0.));
#8755 = ( GEOMETRIC_REPRESENTATION_CONTEXT(2) 
PARAMETRIC_REPRESENTATION_CONTEXT() REPRESENTATION_CONTEXT('2D SPACE',''
  ) );
#8756 = PCURVE('',#8411,#8757);
#8757 = DEFINITIONAL_REPRESENTATION('',(#8758),#8762);
#8758 = LINE('',#8759,#8760);
#8759 = CARTESIAN_POINT('',(1.55400390625,0.));
#8760 = VECTOR('',#8761,1.);
#8761 = DIRECTION('',(0.,1.));
#8762 = ( GEOMETRIC_REPRESENTATION_CONTEXT(2) 
PARAMETRIC_REPRESENTATION_CONTEXT() REPRESENTATION_CONTEXT('2D SPACE',''
  ) );
#8763 = ORIENTED_EDGE('',*,*,#8693,.F.);
#8764 = ORIENTED_EDGE('',*,*,#2081,.F.);
#8765 = ADVANCED_FACE('',(#8766),#2299,.T.);
#8766 = FACE_BOUND('',#8767,.T.);
#8767 = EDGE_LOOP('',(#8768,#8791,#8819,#8840));
#8768 = ORIENTED_EDGE('',*,*,#8769,.T.);
#8769 = EDGE_CURVE('',#2282,#8770,#8772,.T.);
#8770 = VERTEX_POINT('',#8771);
#8771 = CARTESIAN_POINT('',(20.282001953125,55.622998046875,1.4));
#8772 = SURFACE_CURVE('',#8773,(#8777,#8784),.PCURVE_S1.);
#8773 = LINE('',#8774,#8775);
#8774 = CARTESIAN_POINT('',(20.282001953125,55.622998046875,1.));
#8775 = VECTOR('',#8776,1.);
#8776 = DIRECTION('',(0.,0.,1.));
#8777 = PCURVE('',#2299,#8778);
#8778 = DEFINITIONAL_REPRESENTATION('',(#8779),#8783);
#8779 = LINE('',#8780,#8781);
#8780 = CARTESIAN_POINT('',(0.,0.));
#8781 = VECTOR('',#8782,1.);
#8782 = DIRECTION('',(0.,-1.));
#8783 = ( GEOMETRIC_REPRESENTATION_CONTEXT(2) 
PARAMETRIC_REPRESENTATION_CONTEXT() REPRESENTATION_CONTEXT('2D SPACE',''
  ) );
#8784 = PCURVE('',#2567,#8785);
#8785 = DEFINITIONAL_REPRESENTATION('',(#8786),#8790);
#8786 = LINE('',#8787,#8788);
#8787 = CARTESIAN_POINT('',(1.,0.));
#8788 = VECTOR('',#8789,1.);
#8789 = DIRECTION('',(0.,-1.));
#8790 = ( GEOMETRIC_REPRESENTATION_CONTEXT(2) 
PARAMETRIC_REPRESENTATION_CONTEXT() REPRESENTATION_CONTEXT('2D SPACE',''
  ) );
#8791 = ORIENTED_EDGE('',*,*,#8792,.T.);
#8792 = EDGE_CURVE('',#8770,#8793,#8795,.T.);
#8793 = VERTEX_POINT('',#8794);
#8794 = CARTESIAN_POINT('',(19.9280078125,57.2580078125,1.4));
#8795 = SURFACE_CURVE('',#8796,(#8800,#8807),.PCURVE_S1.);
#8796 = B_SPLINE_CURVE_WITH_KNOTS('',2,(#8797,#8798,#8799),
  .UNSPECIFIED.,.F.,.F.,(3,3),(0.,1.),.PIECEWISE_BEZIER_KNOTS.);
#8797 = CARTESIAN_POINT('',(20.282001953125,55.622998046875,1.4));
#8798 = CARTESIAN_POINT('',(19.9280078125,56.18400390625,1.4));
#8799 = CARTESIAN_POINT('',(19.9280078125,57.2580078125,1.4));
#8800 = PCURVE('',#2299,#8801);
#8801 = DEFINITIONAL_REPRESENTATION('',(#8802),#8806);
#8802 = LINE('',#8803,#8804);
#8803 = CARTESIAN_POINT('',(0.,-0.4));
#8804 = VECTOR('',#8805,1.);
#8805 = DIRECTION('',(1.,0.));
#8806 = ( GEOMETRIC_REPRESENTATION_CONTEXT(2) 
PARAMETRIC_REPRESENTATION_CONTEXT() REPRESENTATION_CONTEXT('2D SPACE',''
  ) );
#8807 = PCURVE('',#8808,#8813);
#8808 = PLANE('',#8809);
#8809 = AXIS2_PLACEMENT_3D('',#8810,#8811,#8812);
#8810 = CARTESIAN_POINT('',(19.67,55.2,1.4));
#8811 = DIRECTION('',(0.,0.,1.));
#8812 = DIRECTION('',(1.,0.,0.));
#8813 = DEFINITIONAL_REPRESENTATION('',(#8814),#8818);
#8814 = B_SPLINE_CURVE_WITH_KNOTS('',2,(#8815,#8816,#8817),
  .UNSPECIFIED.,.F.,.F.,(3,3),(0.,1.),.PIECEWISE_BEZIER_KNOTS.);
#8815 = CARTESIAN_POINT('',(0.612001953125,0.422998046875));
#8816 = CARTESIAN_POINT('',(0.2580078125,0.98400390625));
#8817 = CARTESIAN_POINT('',(0.2580078125,2.0580078125));
#8818 = ( GEOMETRIC_REPRESENTATION_CONTEXT(2) 
PARAMETRIC_REPRESENTATION_CONTEXT() REPRESENTATION_CONTEXT('2D SPACE',''
  ) );
#8819 = ORIENTED_EDGE('',*,*,#8820,.F.);
#8820 = EDGE_CURVE('',#2284,#8793,#8821,.T.);
#8821 = SURFACE_CURVE('',#8822,(#8826,#8833),.PCURVE_S1.);
#8822 = LINE('',#8823,#8824);
#8823 = CARTESIAN_POINT('',(19.9280078125,57.2580078125,1.));
#8824 = VECTOR('',#8825,1.);
#8825 = DIRECTION('',(0.,0.,1.));
#8826 = PCURVE('',#2299,#8827);
#8827 = DEFINITIONAL_REPRESENTATION('',(#8828),#8832);
#8828 = LINE('',#8829,#8830);
#8829 = CARTESIAN_POINT('',(1.,0.));
#8830 = VECTOR('',#8831,1.);
#8831 = DIRECTION('',(0.,-1.));
#8832 = ( GEOMETRIC_REPRESENTATION_CONTEXT(2) 
PARAMETRIC_REPRESENTATION_CONTEXT() REPRESENTATION_CONTEXT('2D SPACE',''
  ) );
#8833 = PCURVE('',#2329,#8834);
#8834 = DEFINITIONAL_REPRESENTATION('',(#8835),#8839);
#8835 = LINE('',#8836,#8837);
#8836 = CARTESIAN_POINT('',(0.,0.));
#8837 = VECTOR('',#8838,1.);
#8838 = DIRECTION('',(0.,-1.));
#8839 = ( GEOMETRIC_REPRESENTATION_CONTEXT(2) 
PARAMETRIC_REPRESENTATION_CONTEXT() REPRESENTATION_CONTEXT('2D SPACE',''
  ) );
#8840 = ORIENTED_EDGE('',*,*,#2281,.F.);
#8841 = ADVANCED_FACE('',(#8842),#2567,.T.);
#8842 = FACE_BOUND('',#8843,.T.);
#8843 = EDGE_LOOP('',(#8844,#8867,#8888,#8889));
#8844 = ORIENTED_EDGE('',*,*,#8845,.T.);
#8845 = EDGE_CURVE('',#2524,#8846,#8848,.T.);
#8846 = VERTEX_POINT('',#8847);
#8847 = CARTESIAN_POINT('',(21.32,55.0619921875,1.4));
#8848 = SURFACE_CURVE('',#8849,(#8853,#8860),.PCURVE_S1.);
#8849 = LINE('',#8850,#8851);
#8850 = CARTESIAN_POINT('',(21.32,55.0619921875,1.));
#8851 = VECTOR('',#8852,1.);
#8852 = DIRECTION('',(0.,0.,1.));
#8853 = PCURVE('',#2567,#8854);
#8854 = DEFINITIONAL_REPRESENTATION('',(#8855),#8859);
#8855 = LINE('',#8856,#8857);
#8856 = CARTESIAN_POINT('',(0.,0.));
#8857 = VECTOR('',#8858,1.);
#8858 = DIRECTION('',(0.,-1.));
#8859 = ( GEOMETRIC_REPRESENTATION_CONTEXT(2) 
PARAMETRIC_REPRESENTATION_CONTEXT() REPRESENTATION_CONTEXT('2D SPACE',''
  ) );
#8860 = PCURVE('',#2539,#8861);
#8861 = DEFINITIONAL_REPRESENTATION('',(#8862),#8866);
#8862 = LINE('',#8863,#8864);
#8863 = CARTESIAN_POINT('',(1.,0.));
#8864 = VECTOR('',#8865,1.);
#8865 = DIRECTION('',(0.,-1.));
#8866 = ( GEOMETRIC_REPRESENTATION_CONTEXT(2) 
PARAMETRIC_REPRESENTATION_CONTEXT() REPRESENTATION_CONTEXT('2D SPACE',''
  ) );
#8867 = ORIENTED_EDGE('',*,*,#8868,.T.);
#8868 = EDGE_CURVE('',#8846,#8770,#8869,.T.);
#8869 = SURFACE_CURVE('',#8870,(#8874,#8881),.PCURVE_S1.);
#8870 = B_SPLINE_CURVE_WITH_KNOTS('',2,(#8871,#8872,#8873),
  .UNSPECIFIED.,.F.,.F.,(3,3),(0.,1.),.PIECEWISE_BEZIER_KNOTS.);
#8871 = CARTESIAN_POINT('',(21.32,55.0619921875,1.4));
#8872 = CARTESIAN_POINT('',(20.63599609375,55.0619921875,1.4));
#8873 = CARTESIAN_POINT('',(20.282001953125,55.622998046875,1.4));
#8874 = PCURVE('',#2567,#8875);
#8875 = DEFINITIONAL_REPRESENTATION('',(#8876),#8880);
#8876 = LINE('',#8877,#8878);
#8877 = CARTESIAN_POINT('',(0.,-0.4));
#8878 = VECTOR('',#8879,1.);
#8879 = DIRECTION('',(1.,0.));
#8880 = ( GEOMETRIC_REPRESENTATION_CONTEXT(2) 
PARAMETRIC_REPRESENTATION_CONTEXT() REPRESENTATION_CONTEXT('2D SPACE',''
  ) );
#8881 = PCURVE('',#8808,#8882);
#8882 = DEFINITIONAL_REPRESENTATION('',(#8883),#8887);
#8883 = B_SPLINE_CURVE_WITH_KNOTS('',2,(#8884,#8885,#8886),
  .UNSPECIFIED.,.F.,.F.,(3,3),(0.,1.),.PIECEWISE_BEZIER_KNOTS.);
#8884 = CARTESIAN_POINT('',(1.65,-0.1380078125));
#8885 = CARTESIAN_POINT('',(0.96599609375,-0.1380078125));
#8886 = CARTESIAN_POINT('',(0.612001953125,0.422998046875));
#8887 = ( GEOMETRIC_REPRESENTATION_CONTEXT(2) 
PARAMETRIC_REPRESENTATION_CONTEXT() REPRESENTATION_CONTEXT('2D SPACE',''
  ) );
#8888 = ORIENTED_EDGE('',*,*,#8769,.F.);
#8889 = ORIENTED_EDGE('',*,*,#2553,.F.);
#8890 = ADVANCED_FACE('',(#8891),#2539,.T.);
#8891 = FACE_BOUND('',#8892,.T.);
#8892 = EDGE_LOOP('',(#8893,#8916,#8937,#8938));
#8893 = ORIENTED_EDGE('',*,*,#8894,.T.);
#8894 = EDGE_CURVE('',#2494,#8895,#8897,.T.);
#8895 = VERTEX_POINT('',#8896);
#8896 = CARTESIAN_POINT('',(22.355,55.6169921875,1.4));
#8897 = SURFACE_CURVE('',#8898,(#8902,#8909),.PCURVE_S1.);
#8898 = LINE('',#8899,#8900);
#8899 = CARTESIAN_POINT('',(22.355,55.6169921875,1.));
#8900 = VECTOR('',#8901,1.);
#8901 = DIRECTION('',(0.,0.,1.));
#8902 = PCURVE('',#2539,#8903);
#8903 = DEFINITIONAL_REPRESENTATION('',(#8904),#8908);
#8904 = LINE('',#8905,#8906);
#8905 = CARTESIAN_POINT('',(0.,0.));
#8906 = VECTOR('',#8907,1.);
#8907 = DIRECTION('',(0.,-1.));
#8908 = ( GEOMETRIC_REPRESENTATION_CONTEXT(2) 
PARAMETRIC_REPRESENTATION_CONTEXT() REPRESENTATION_CONTEXT('2D SPACE',''
  ) );
#8909 = PCURVE('',#2509,#8910);
#8910 = DEFINITIONAL_REPRESENTATION('',(#8911),#8915);
#8911 = LINE('',#8912,#8913);
#8912 = CARTESIAN_POINT('',(1.,0.));
#8913 = VECTOR('',#8914,1.);
#8914 = DIRECTION('',(0.,-1.));
#8915 = ( GEOMETRIC_REPRESENTATION_CONTEXT(2) 
PARAMETRIC_REPRESENTATION_CONTEXT() REPRESENTATION_CONTEXT('2D SPACE',''
  ) );
#8916 = ORIENTED_EDGE('',*,*,#8917,.T.);
#8917 = EDGE_CURVE('',#8895,#8846,#8918,.T.);
#8918 = SURFACE_CURVE('',#8919,(#8923,#8930),.PCURVE_S1.);
#8919 = B_SPLINE_CURVE_WITH_KNOTS('',2,(#8920,#8921,#8922),
  .UNSPECIFIED.,.F.,.F.,(3,3),(0.,1.),.PIECEWISE_BEZIER_KNOTS.);
#8920 = CARTESIAN_POINT('',(22.355,55.6169921875,1.4));
#8921 = CARTESIAN_POINT('',(21.9980078125,55.0619921875,1.4));
#8922 = CARTESIAN_POINT('',(21.32,55.0619921875,1.4));
#8923 = PCURVE('',#2539,#8924);
#8924 = DEFINITIONAL_REPRESENTATION('',(#8925),#8929);
#8925 = LINE('',#8926,#8927);
#8926 = CARTESIAN_POINT('',(0.,-0.4));
#8927 = VECTOR('',#8928,1.);
#8928 = DIRECTION('',(1.,0.));
#8929 = ( GEOMETRIC_REPRESENTATION_CONTEXT(2) 
PARAMETRIC_REPRESENTATION_CONTEXT() REPRESENTATION_CONTEXT('2D SPACE',''
  ) );
#8930 = PCURVE('',#8808,#8931);
#8931 = DEFINITIONAL_REPRESENTATION('',(#8932),#8936);
#8932 = B_SPLINE_CURVE_WITH_KNOTS('',2,(#8933,#8934,#8935),
  .UNSPECIFIED.,.F.,.F.,(3,3),(0.,1.),.PIECEWISE_BEZIER_KNOTS.);
#8933 = CARTESIAN_POINT('',(2.685,0.4169921875));
#8934 = CARTESIAN_POINT('',(2.3280078125,-0.1380078125));
#8935 = CARTESIAN_POINT('',(1.65,-0.1380078125));
#8936 = ( GEOMETRIC_REPRESENTATION_CONTEXT(2) 
PARAMETRIC_REPRESENTATION_CONTEXT() REPRESENTATION_CONTEXT('2D SPACE',''
  ) );
#8937 = ORIENTED_EDGE('',*,*,#8845,.F.);
#8938 = ORIENTED_EDGE('',*,*,#2523,.F.);
#8939 = ADVANCED_FACE('',(#8940),#2509,.T.);
#8940 = FACE_BOUND('',#8941,.T.);
#8941 = EDGE_LOOP('',(#8942,#8965,#8986,#8987));
#8942 = ORIENTED_EDGE('',*,*,#8943,.T.);
#8943 = EDGE_CURVE('',#2464,#8944,#8946,.T.);
#8944 = VERTEX_POINT('',#8945);
#8945 = CARTESIAN_POINT('',(22.7119921875,57.2219921875,1.4));
#8946 = SURFACE_CURVE('',#8947,(#8951,#8958),.PCURVE_S1.);
#8947 = LINE('',#8948,#8949);
#8948 = CARTESIAN_POINT('',(22.7119921875,57.2219921875,1.));
#8949 = VECTOR('',#8950,1.);
#8950 = DIRECTION('',(0.,0.,1.));
#8951 = PCURVE('',#2509,#8952);
#8952 = DEFINITIONAL_REPRESENTATION('',(#8953),#8957);
#8953 = LINE('',#8954,#8955);
#8954 = CARTESIAN_POINT('',(0.,0.));
#8955 = VECTOR('',#8956,1.);
#8956 = DIRECTION('',(0.,-1.));
#8957 = ( GEOMETRIC_REPRESENTATION_CONTEXT(2) 
PARAMETRIC_REPRESENTATION_CONTEXT() REPRESENTATION_CONTEXT('2D SPACE',''
  ) );
#8958 = PCURVE('',#2479,#8959);
#8959 = DEFINITIONAL_REPRESENTATION('',(#8960),#8964);
#8960 = LINE('',#8961,#8962);
#8961 = CARTESIAN_POINT('',(1.,0.));
#8962 = VECTOR('',#8963,1.);
#8963 = DIRECTION('',(0.,-1.));
#8964 = ( GEOMETRIC_REPRESENTATION_CONTEXT(2) 
PARAMETRIC_REPRESENTATION_CONTEXT() REPRESENTATION_CONTEXT('2D SPACE',''
  ) );
#8965 = ORIENTED_EDGE('',*,*,#8966,.T.);
#8966 = EDGE_CURVE('',#8944,#8895,#8967,.T.);
#8967 = SURFACE_CURVE('',#8968,(#8972,#8979),.PCURVE_S1.);
#8968 = B_SPLINE_CURVE_WITH_KNOTS('',2,(#8969,#8970,#8971),
  .UNSPECIFIED.,.F.,.F.,(3,3),(0.,1.),.PIECEWISE_BEZIER_KNOTS.);
#8969 = CARTESIAN_POINT('',(22.7119921875,57.2219921875,1.4));
#8970 = CARTESIAN_POINT('',(22.7119921875,56.1719921875,1.4));
#8971 = CARTESIAN_POINT('',(22.355,55.6169921875,1.4));
#8972 = PCURVE('',#2509,#8973);
#8973 = DEFINITIONAL_REPRESENTATION('',(#8974),#8978);
#8974 = LINE('',#8975,#8976);
#8975 = CARTESIAN_POINT('',(0.,-0.4));
#8976 = VECTOR('',#8977,1.);
#8977 = DIRECTION('',(1.,0.));
#8978 = ( GEOMETRIC_REPRESENTATION_CONTEXT(2) 
PARAMETRIC_REPRESENTATION_CONTEXT() REPRESENTATION_CONTEXT('2D SPACE',''
  ) );
#8979 = PCURVE('',#8808,#8980);
#8980 = DEFINITIONAL_REPRESENTATION('',(#8981),#8985);
#8981 = B_SPLINE_CURVE_WITH_KNOTS('',2,(#8982,#8983,#8984),
  .UNSPECIFIED.,.F.,.F.,(3,3),(0.,1.),.PIECEWISE_BEZIER_KNOTS.);
#8982 = CARTESIAN_POINT('',(3.0419921875,2.0219921875));
#8983 = CARTESIAN_POINT('',(3.0419921875,0.9719921875));
#8984 = CARTESIAN_POINT('',(2.685,0.4169921875));
#8985 = ( GEOMETRIC_REPRESENTATION_CONTEXT(2) 
PARAMETRIC_REPRESENTATION_CONTEXT() REPRESENTATION_CONTEXT('2D SPACE',''
  ) );
#8986 = ORIENTED_EDGE('',*,*,#8894,.F.);
#8987 = ORIENTED_EDGE('',*,*,#2493,.F.);
#8988 = ADVANCED_FACE('',(#8989),#2479,.T.);
#8989 = FACE_BOUND('',#8990,.T.);
#8990 = EDGE_LOOP('',(#8991,#9014,#9035,#9036));
#8991 = ORIENTED_EDGE('',*,*,#8992,.T.);
#8992 = EDGE_CURVE('',#2434,#8993,#8995,.T.);
#8993 = VERTEX_POINT('',#8994);
#8994 = CARTESIAN_POINT('',(21.32,59.45400390625,1.4));
#8995 = SURFACE_CURVE('',#8996,(#9000,#9007),.PCURVE_S1.);
#8996 = LINE('',#8997,#8998);
#8997 = CARTESIAN_POINT('',(21.32,59.45400390625,1.));
#8998 = VECTOR('',#8999,1.);
#8999 = DIRECTION('',(0.,0.,1.));
#9000 = PCURVE('',#2479,#9001);
#9001 = DEFINITIONAL_REPRESENTATION('',(#9002),#9006);
#9002 = LINE('',#9003,#9004);
#9003 = CARTESIAN_POINT('',(0.,0.));
#9004 = VECTOR('',#9005,1.);
#9005 = DIRECTION('',(0.,-1.));
#9006 = ( GEOMETRIC_REPRESENTATION_CONTEXT(2) 
PARAMETRIC_REPRESENTATION_CONTEXT() REPRESENTATION_CONTEXT('2D SPACE',''
  ) );
#9007 = PCURVE('',#2449,#9008);
#9008 = DEFINITIONAL_REPRESENTATION('',(#9009),#9013);
#9009 = LINE('',#9010,#9011);
#9010 = CARTESIAN_POINT('',(1.,0.));
#9011 = VECTOR('',#9012,1.);
#9012 = DIRECTION('',(0.,-1.));
#9013 = ( GEOMETRIC_REPRESENTATION_CONTEXT(2) 
PARAMETRIC_REPRESENTATION_CONTEXT() REPRESENTATION_CONTEXT('2D SPACE',''
  ) );
#9014 = ORIENTED_EDGE('',*,*,#9015,.T.);
#9015 = EDGE_CURVE('',#8993,#8944,#9016,.T.);
#9016 = SURFACE_CURVE('',#9017,(#9021,#9028),.PCURVE_S1.);
#9017 = B_SPLINE_CURVE_WITH_KNOTS('',2,(#9018,#9019,#9020),
  .UNSPECIFIED.,.F.,.F.,(3,3),(0.,1.),.PIECEWISE_BEZIER_KNOTS.);
#9018 = CARTESIAN_POINT('',(21.32,59.45400390625,1.4));
#9019 = CARTESIAN_POINT('',(22.7119921875,59.45400390625,1.4));
#9020 = CARTESIAN_POINT('',(22.7119921875,57.2219921875,1.4));
#9021 = PCURVE('',#2479,#9022);
#9022 = DEFINITIONAL_REPRESENTATION('',(#9023),#9027);
#9023 = LINE('',#9024,#9025);
#9024 = CARTESIAN_POINT('',(0.,-0.4));
#9025 = VECTOR('',#9026,1.);
#9026 = DIRECTION('',(1.,0.));
#9027 = ( GEOMETRIC_REPRESENTATION_CONTEXT(2) 
PARAMETRIC_REPRESENTATION_CONTEXT() REPRESENTATION_CONTEXT('2D SPACE',''
  ) );
#9028 = PCURVE('',#8808,#9029);
#9029 = DEFINITIONAL_REPRESENTATION('',(#9030),#9034);
#9030 = B_SPLINE_CURVE_WITH_KNOTS('',2,(#9031,#9032,#9033),
  .UNSPECIFIED.,.F.,.F.,(3,3),(0.,1.),.PIECEWISE_BEZIER_KNOTS.);
#9031 = CARTESIAN_POINT('',(1.65,4.25400390625));
#9032 = CARTESIAN_POINT('',(3.0419921875,4.25400390625));
#9033 = CARTESIAN_POINT('',(3.0419921875,2.0219921875));
#9034 = ( GEOMETRIC_REPRESENTATION_CONTEXT(2) 
PARAMETRIC_REPRESENTATION_CONTEXT() REPRESENTATION_CONTEXT('2D SPACE',''
  ) );
#9035 = ORIENTED_EDGE('',*,*,#8943,.F.);
#9036 = ORIENTED_EDGE('',*,*,#2463,.F.);
#9037 = ADVANCED_FACE('',(#9038),#2449,.T.);
#9038 = FACE_BOUND('',#9039,.T.);
#9039 = EDGE_LOOP('',(#9040,#9063,#9084,#9085));
#9040 = ORIENTED_EDGE('',*,*,#9041,.T.);
#9041 = EDGE_CURVE('',#2404,#9042,#9044,.T.);
#9042 = VERTEX_POINT('',#9043);
#9043 = CARTESIAN_POINT('',(20.945,59.406005859375,1.4));
#9044 = SURFACE_CURVE('',#9045,(#9049,#9056),.PCURVE_S1.);
#9045 = LINE('',#9046,#9047);
#9046 = CARTESIAN_POINT('',(20.945,59.406005859375,1.));
#9047 = VECTOR('',#9048,1.);
#9048 = DIRECTION('',(0.,0.,1.));
#9049 = PCURVE('',#2449,#9050);
#9050 = DEFINITIONAL_REPRESENTATION('',(#9051),#9055);
#9051 = LINE('',#9052,#9053);
#9052 = CARTESIAN_POINT('',(0.,0.));
#9053 = VECTOR('',#9054,1.);
#9054 = DIRECTION('',(0.,-1.));
#9055 = ( GEOMETRIC_REPRESENTATION_CONTEXT(2) 
PARAMETRIC_REPRESENTATION_CONTEXT() REPRESENTATION_CONTEXT('2D SPACE',''
  ) );
#9056 = PCURVE('',#2419,#9057);
#9057 = DEFINITIONAL_REPRESENTATION('',(#9058),#9062);
#9058 = LINE('',#9059,#9060);
#9059 = CARTESIAN_POINT('',(1.,0.));
#9060 = VECTOR('',#9061,1.);
#9061 = DIRECTION('',(0.,-1.));
#9062 = ( GEOMETRIC_REPRESENTATION_CONTEXT(2) 
PARAMETRIC_REPRESENTATION_CONTEXT() REPRESENTATION_CONTEXT('2D SPACE',''
  ) );
#9063 = ORIENTED_EDGE('',*,*,#9064,.T.);
#9064 = EDGE_CURVE('',#9042,#8993,#9065,.T.);
#9065 = SURFACE_CURVE('',#9066,(#9070,#9077),.PCURVE_S1.);
#9066 = B_SPLINE_CURVE_WITH_KNOTS('',2,(#9067,#9068,#9069),
  .UNSPECIFIED.,.F.,.F.,(3,3),(0.,1.),.PIECEWISE_BEZIER_KNOTS.);
#9067 = CARTESIAN_POINT('',(20.945,59.406005859375,1.4));
#9068 = CARTESIAN_POINT('',(21.1219921875,59.45400390625,1.4));
#9069 = CARTESIAN_POINT('',(21.32,59.45400390625,1.4));
#9070 = PCURVE('',#2449,#9071);
#9071 = DEFINITIONAL_REPRESENTATION('',(#9072),#9076);
#9072 = LINE('',#9073,#9074);
#9073 = CARTESIAN_POINT('',(0.,-0.4));
#9074 = VECTOR('',#9075,1.);
#9075 = DIRECTION('',(1.,0.));
#9076 = ( GEOMETRIC_REPRESENTATION_CONTEXT(2) 
PARAMETRIC_REPRESENTATION_CONTEXT() REPRESENTATION_CONTEXT('2D SPACE',''
  ) );
#9077 = PCURVE('',#8808,#9078);
#9078 = DEFINITIONAL_REPRESENTATION('',(#9079),#9083);
#9079 = B_SPLINE_CURVE_WITH_KNOTS('',2,(#9080,#9081,#9082),
  .UNSPECIFIED.,.F.,.F.,(3,3),(0.,1.),.PIECEWISE_BEZIER_KNOTS.);
#9080 = CARTESIAN_POINT('',(1.275,4.206005859375));
#9081 = CARTESIAN_POINT('',(1.4519921875,4.25400390625));
#9082 = CARTESIAN_POINT('',(1.65,4.25400390625));
#9083 = ( GEOMETRIC_REPRESENTATION_CONTEXT(2) 
PARAMETRIC_REPRESENTATION_CONTEXT() REPRESENTATION_CONTEXT('2D SPACE',''
  ) );
#9084 = ORIENTED_EDGE('',*,*,#8992,.F.);
#9085 = ORIENTED_EDGE('',*,*,#2433,.F.);
#9086 = ADVANCED_FACE('',(#9087),#2419,.T.);
#9087 = FACE_BOUND('',#9088,.T.);
#9088 = EDGE_LOOP('',(#9089,#9112,#9133,#9134));
#9089 = ORIENTED_EDGE('',*,*,#9090,.T.);
#9090 = EDGE_CURVE('',#2374,#9091,#9093,.T.);
#9091 = VERTEX_POINT('',#9092);
#9092 = CARTESIAN_POINT('',(20.576005859375,59.21400390625,1.4));
#9093 = SURFACE_CURVE('',#9094,(#9098,#9105),.PCURVE_S1.);
#9094 = LINE('',#9095,#9096);
#9095 = CARTESIAN_POINT('',(20.576005859375,59.21400390625,1.));
#9096 = VECTOR('',#9097,1.);
#9097 = DIRECTION('',(0.,0.,1.));
#9098 = PCURVE('',#2419,#9099);
#9099 = DEFINITIONAL_REPRESENTATION('',(#9100),#9104);
#9100 = LINE('',#9101,#9102);
#9101 = CARTESIAN_POINT('',(0.,0.));
#9102 = VECTOR('',#9103,1.);
#9103 = DIRECTION('',(0.,-1.));
#9104 = ( GEOMETRIC_REPRESENTATION_CONTEXT(2) 
PARAMETRIC_REPRESENTATION_CONTEXT() REPRESENTATION_CONTEXT('2D SPACE',''
  ) );
#9105 = PCURVE('',#2389,#9106);
#9106 = DEFINITIONAL_REPRESENTATION('',(#9107),#9111);
#9107 = LINE('',#9108,#9109);
#9108 = CARTESIAN_POINT('',(1.,0.));
#9109 = VECTOR('',#9110,1.);
#9110 = DIRECTION('',(0.,-1.));
#9111 = ( GEOMETRIC_REPRESENTATION_CONTEXT(2) 
PARAMETRIC_REPRESENTATION_CONTEXT() REPRESENTATION_CONTEXT('2D SPACE',''
  ) );
#9112 = ORIENTED_EDGE('',*,*,#9113,.T.);
#9113 = EDGE_CURVE('',#9091,#9042,#9114,.T.);
#9114 = SURFACE_CURVE('',#9115,(#9119,#9126),.PCURVE_S1.);
#9115 = B_SPLINE_CURVE_WITH_KNOTS('',2,(#9116,#9117,#9118),
  .UNSPECIFIED.,.F.,.F.,(3,3),(0.,1.),.PIECEWISE_BEZIER_KNOTS.);
#9116 = CARTESIAN_POINT('',(20.576005859375,59.21400390625,1.4));
#9117 = CARTESIAN_POINT('',(20.7680078125,59.3580078125,1.4));
#9118 = CARTESIAN_POINT('',(20.945,59.406005859375,1.4));
#9119 = PCURVE('',#2419,#9120);
#9120 = DEFINITIONAL_REPRESENTATION('',(#9121),#9125);
#9121 = LINE('',#9122,#9123);
#9122 = CARTESIAN_POINT('',(0.,-0.4));
#9123 = VECTOR('',#9124,1.);
#9124 = DIRECTION('',(1.,0.));
#9125 = ( GEOMETRIC_REPRESENTATION_CONTEXT(2) 
PARAMETRIC_REPRESENTATION_CONTEXT() REPRESENTATION_CONTEXT('2D SPACE',''
  ) );
#9126 = PCURVE('',#8808,#9127);
#9127 = DEFINITIONAL_REPRESENTATION('',(#9128),#9132);
#9128 = B_SPLINE_CURVE_WITH_KNOTS('',2,(#9129,#9130,#9131),
  .UNSPECIFIED.,.F.,.F.,(3,3),(0.,1.),.PIECEWISE_BEZIER_KNOTS.);
#9129 = CARTESIAN_POINT('',(0.906005859375,4.01400390625));
#9130 = CARTESIAN_POINT('',(1.0980078125,4.1580078125));
#9131 = CARTESIAN_POINT('',(1.275,4.206005859375));
#9132 = ( GEOMETRIC_REPRESENTATION_CONTEXT(2) 
PARAMETRIC_REPRESENTATION_CONTEXT() REPRESENTATION_CONTEXT('2D SPACE',''
  ) );
#9133 = ORIENTED_EDGE('',*,*,#9041,.F.);
#9134 = ORIENTED_EDGE('',*,*,#2403,.F.);
#9135 = ADVANCED_FACE('',(#9136),#2389,.T.);
#9136 = FACE_BOUND('',#9137,.T.);
#9137 = EDGE_LOOP('',(#9138,#9161,#9182,#9183));
#9138 = ORIENTED_EDGE('',*,*,#9139,.T.);
#9139 = EDGE_CURVE('',#2344,#9140,#9142,.T.);
#9140 = VERTEX_POINT('',#9141);
#9141 = CARTESIAN_POINT('',(20.246005859375,58.83900390625,1.4));
#9142 = SURFACE_CURVE('',#9143,(#9147,#9154),.PCURVE_S1.);
#9143 = LINE('',#9144,#9145);
#9144 = CARTESIAN_POINT('',(20.246005859375,58.83900390625,1.));
#9145 = VECTOR('',#9146,1.);
#9146 = DIRECTION('',(0.,0.,1.));
#9147 = PCURVE('',#2389,#9148);
#9148 = DEFINITIONAL_REPRESENTATION('',(#9149),#9153);
#9149 = LINE('',#9150,#9151);
#9150 = CARTESIAN_POINT('',(0.,0.));
#9151 = VECTOR('',#9152,1.);
#9152 = DIRECTION('',(0.,-1.));
#9153 = ( GEOMETRIC_REPRESENTATION_CONTEXT(2) 
PARAMETRIC_REPRESENTATION_CONTEXT() REPRESENTATION_CONTEXT('2D SPACE',''
  ) );
#9154 = PCURVE('',#2359,#9155);
#9155 = DEFINITIONAL_REPRESENTATION('',(#9156),#9160);
#9156 = LINE('',#9157,#9158);
#9157 = CARTESIAN_POINT('',(1.,0.));
#9158 = VECTOR('',#9159,1.);
#9159 = DIRECTION('',(0.,-1.));
#9160 = ( GEOMETRIC_REPRESENTATION_CONTEXT(2) 
PARAMETRIC_REPRESENTATION_CONTEXT() REPRESENTATION_CONTEXT('2D SPACE',''
  ) );
#9161 = ORIENTED_EDGE('',*,*,#9162,.T.);
#9162 = EDGE_CURVE('',#9140,#9091,#9163,.T.);
#9163 = SURFACE_CURVE('',#9164,(#9168,#9175),.PCURVE_S1.);
#9164 = B_SPLINE_CURVE_WITH_KNOTS('',2,(#9165,#9166,#9167),
  .UNSPECIFIED.,.F.,.F.,(3,3),(0.,1.),.PIECEWISE_BEZIER_KNOTS.);
#9165 = CARTESIAN_POINT('',(20.246005859375,58.83900390625,1.4));
#9166 = CARTESIAN_POINT('',(20.38400390625,59.07,1.4));
#9167 = CARTESIAN_POINT('',(20.576005859375,59.21400390625,1.4));
#9168 = PCURVE('',#2389,#9169);
#9169 = DEFINITIONAL_REPRESENTATION('',(#9170),#9174);
#9170 = LINE('',#9171,#9172);
#9171 = CARTESIAN_POINT('',(0.,-0.4));
#9172 = VECTOR('',#9173,1.);
#9173 = DIRECTION('',(1.,0.));
#9174 = ( GEOMETRIC_REPRESENTATION_CONTEXT(2) 
PARAMETRIC_REPRESENTATION_CONTEXT() REPRESENTATION_CONTEXT('2D SPACE',''
  ) );
#9175 = PCURVE('',#8808,#9176);
#9176 = DEFINITIONAL_REPRESENTATION('',(#9177),#9181);
#9177 = B_SPLINE_CURVE_WITH_KNOTS('',2,(#9178,#9179,#9180),
  .UNSPECIFIED.,.F.,.F.,(3,3),(0.,1.),.PIECEWISE_BEZIER_KNOTS.);
#9178 = CARTESIAN_POINT('',(0.576005859375,3.63900390625));
#9179 = CARTESIAN_POINT('',(0.71400390625,3.87));
#9180 = CARTESIAN_POINT('',(0.906005859375,4.01400390625));
#9181 = ( GEOMETRIC_REPRESENTATION_CONTEXT(2) 
PARAMETRIC_REPRESENTATION_CONTEXT() REPRESENTATION_CONTEXT('2D SPACE',''
  ) );
#9182 = ORIENTED_EDGE('',*,*,#9090,.F.);
#9183 = ORIENTED_EDGE('',*,*,#2373,.F.);
#9184 = ADVANCED_FACE('',(#9185),#2359,.T.);
#9185 = FACE_BOUND('',#9186,.T.);
#9186 = EDGE_LOOP('',(#9187,#9210,#9231,#9232));
#9187 = ORIENTED_EDGE('',*,*,#9188,.T.);
#9188 = EDGE_CURVE('',#2314,#9189,#9191,.T.);
#9189 = VERTEX_POINT('',#9190);
#9190 = CARTESIAN_POINT('',(20.0180078125,58.2,1.4));
#9191 = SURFACE_CURVE('',#9192,(#9196,#9203),.PCURVE_S1.);
#9192 = LINE('',#9193,#9194);
#9193 = CARTESIAN_POINT('',(20.0180078125,58.2,1.));
#9194 = VECTOR('',#9195,1.);
#9195 = DIRECTION('',(0.,0.,1.));
#9196 = PCURVE('',#2359,#9197);
#9197 = DEFINITIONAL_REPRESENTATION('',(#9198),#9202);
#9198 = LINE('',#9199,#9200);
#9199 = CARTESIAN_POINT('',(0.,0.));
#9200 = VECTOR('',#9201,1.);
#9201 = DIRECTION('',(0.,-1.));
#9202 = ( GEOMETRIC_REPRESENTATION_CONTEXT(2) 
PARAMETRIC_REPRESENTATION_CONTEXT() REPRESENTATION_CONTEXT('2D SPACE',''
  ) );
#9203 = PCURVE('',#2329,#9204);
#9204 = DEFINITIONAL_REPRESENTATION('',(#9205),#9209);
#9205 = LINE('',#9206,#9207);
#9206 = CARTESIAN_POINT('',(1.,0.));
#9207 = VECTOR('',#9208,1.);
#9208 = DIRECTION('',(0.,-1.));
#9209 = ( GEOMETRIC_REPRESENTATION_CONTEXT(2) 
PARAMETRIC_REPRESENTATION_CONTEXT() REPRESENTATION_CONTEXT('2D SPACE',''
  ) );
#9210 = ORIENTED_EDGE('',*,*,#9211,.T.);
#9211 = EDGE_CURVE('',#9189,#9140,#9212,.T.);
#9212 = SURFACE_CURVE('',#9213,(#9217,#9224),.PCURVE_S1.);
#9213 = B_SPLINE_CURVE_WITH_KNOTS('',2,(#9214,#9215,#9216),
  .UNSPECIFIED.,.F.,.F.,(3,3),(0.,1.),.PIECEWISE_BEZIER_KNOTS.);
#9214 = CARTESIAN_POINT('',(20.0180078125,58.2,1.4));
#9215 = CARTESIAN_POINT('',(20.1080078125,58.6080078125,1.4));
#9216 = CARTESIAN_POINT('',(20.246005859375,58.83900390625,1.4));
#9217 = PCURVE('',#2359,#9218);
#9218 = DEFINITIONAL_REPRESENTATION('',(#9219),#9223);
#9219 = LINE('',#9220,#9221);
#9220 = CARTESIAN_POINT('',(0.,-0.4));
#9221 = VECTOR('',#9222,1.);
#9222 = DIRECTION('',(1.,0.));
#9223 = ( GEOMETRIC_REPRESENTATION_CONTEXT(2) 
PARAMETRIC_REPRESENTATION_CONTEXT() REPRESENTATION_CONTEXT('2D SPACE',''
  ) );
#9224 = PCURVE('',#8808,#9225);
#9225 = DEFINITIONAL_REPRESENTATION('',(#9226),#9230);
#9226 = B_SPLINE_CURVE_WITH_KNOTS('',2,(#9227,#9228,#9229),
  .UNSPECIFIED.,.F.,.F.,(3,3),(0.,1.),.PIECEWISE_BEZIER_KNOTS.);
#9227 = CARTESIAN_POINT('',(0.3480078125,3.));
#9228 = CARTESIAN_POINT('',(0.4380078125,3.4080078125));
#9229 = CARTESIAN_POINT('',(0.576005859375,3.63900390625));
#9230 = ( GEOMETRIC_REPRESENTATION_CONTEXT(2) 
PARAMETRIC_REPRESENTATION_CONTEXT() REPRESENTATION_CONTEXT('2D SPACE',''
  ) );
#9231 = ORIENTED_EDGE('',*,*,#9139,.F.);
#9232 = ORIENTED_EDGE('',*,*,#2343,.F.);
#9233 = ADVANCED_FACE('',(#9234),#2329,.T.);
#9234 = FACE_BOUND('',#9235,.T.);
#9235 = EDGE_LOOP('',(#9236,#9237,#9258,#9259));
#9236 = ORIENTED_EDGE('',*,*,#8820,.T.);
#9237 = ORIENTED_EDGE('',*,*,#9238,.T.);
#9238 = EDGE_CURVE('',#8793,#9189,#9239,.T.);
#9239 = SURFACE_CURVE('',#9240,(#9244,#9251),.PCURVE_S1.);
#9240 = B_SPLINE_CURVE_WITH_KNOTS('',2,(#9241,#9242,#9243),
  .UNSPECIFIED.,.F.,.F.,(3,3),(0.,1.),.PIECEWISE_BEZIER_KNOTS.);
#9241 = CARTESIAN_POINT('',(19.9280078125,57.2580078125,1.4));
#9242 = CARTESIAN_POINT('',(19.9280078125,57.7919921875,1.4));
#9243 = CARTESIAN_POINT('',(20.0180078125,58.2,1.4));
#9244 = PCURVE('',#2329,#9245);
#9245 = DEFINITIONAL_REPRESENTATION('',(#9246),#9250);
#9246 = LINE('',#9247,#9248);
#9247 = CARTESIAN_POINT('',(0.,-0.4));
#9248 = VECTOR('',#9249,1.);
#9249 = DIRECTION('',(1.,0.));
#9250 = ( GEOMETRIC_REPRESENTATION_CONTEXT(2) 
PARAMETRIC_REPRESENTATION_CONTEXT() REPRESENTATION_CONTEXT('2D SPACE',''
  ) );
#9251 = PCURVE('',#8808,#9252);
#9252 = DEFINITIONAL_REPRESENTATION('',(#9253),#9257);
#9253 = B_SPLINE_CURVE_WITH_KNOTS('',2,(#9254,#9255,#9256),
  .UNSPECIFIED.,.F.,.F.,(3,3),(0.,1.),.PIECEWISE_BEZIER_KNOTS.);
#9254 = CARTESIAN_POINT('',(0.2580078125,2.0580078125));
#9255 = CARTESIAN_POINT('',(0.2580078125,2.5919921875));
#9256 = CARTESIAN_POINT('',(0.3480078125,3.));
#9257 = ( GEOMETRIC_REPRESENTATION_CONTEXT(2) 
PARAMETRIC_REPRESENTATION_CONTEXT() REPRESENTATION_CONTEXT('2D SPACE',''
  ) );
#9258 = ORIENTED_EDGE('',*,*,#9188,.F.);
#9259 = ORIENTED_EDGE('',*,*,#2313,.F.);
#9260 = ADVANCED_FACE('',(#9261),#2601,.F.);
#9261 = FACE_BOUND('',#9262,.F.);
#9262 = EDGE_LOOP('',(#9263,#9286,#9287,#9310));
#9263 = ORIENTED_EDGE('',*,*,#9264,.F.);
#9264 = EDGE_CURVE('',#2586,#9265,#9267,.T.);
#9265 = VERTEX_POINT('',#9266);
#9266 = CARTESIAN_POINT('',(46.5,51.,3.7));
#9267 = SURFACE_CURVE('',#9268,(#9272,#9279),.PCURVE_S1.);
#9268 = LINE('',#9269,#9270);
#9269 = CARTESIAN_POINT('',(46.5,51.,1.));
#9270 = VECTOR('',#9271,1.);
#9271 = DIRECTION('',(0.,0.,1.));
#9272 = PCURVE('',#2601,#9273);
#9273 = DEFINITIONAL_REPRESENTATION('',(#9274),#9278);
#9274 = LINE('',#9275,#9276);
#9275 = CARTESIAN_POINT('',(0.,20.));
#9276 = VECTOR('',#9277,1.);
#9277 = DIRECTION('',(1.,0.));
#9278 = ( GEOMETRIC_REPRESENTATION_CONTEXT(2) 
PARAMETRIC_REPRESENTATION_CONTEXT() REPRESENTATION_CONTEXT('2D SPACE',''
  ) );
#9279 = PCURVE('',#2740,#9280);
#9280 = DEFINITIONAL_REPRESENTATION('',(#9281),#9285);
#9281 = LINE('',#9282,#9283);
#9282 = CARTESIAN_POINT('',(0.,0.));
#9283 = VECTOR('',#9284,1.);
#9284 = DIRECTION('',(1.,0.));
#9285 = ( GEOMETRIC_REPRESENTATION_CONTEXT(2) 
PARAMETRIC_REPRESENTATION_CONTEXT() REPRESENTATION_CONTEXT('2D SPACE',''
  ) );
#9286 = ORIENTED_EDGE('',*,*,#2583,.F.);
#9287 = ORIENTED_EDGE('',*,*,#9288,.T.);
#9288 = EDGE_CURVE('',#2584,#9289,#9291,.T.);
#9289 = VERTEX_POINT('',#9290);
#9290 = CARTESIAN_POINT('',(26.5,51.,3.7));
#9291 = SURFACE_CURVE('',#9292,(#9296,#9303),.PCURVE_S1.);
#9292 = LINE('',#9293,#9294);
#9293 = CARTESIAN_POINT('',(26.5,51.,1.));
#9294 = VECTOR('',#9295,1.);
#9295 = DIRECTION('',(0.,0.,1.));
#9296 = PCURVE('',#2601,#9297);
#9297 = DEFINITIONAL_REPRESENTATION('',(#9298),#9302);
#9298 = LINE('',#9299,#9300);
#9299 = CARTESIAN_POINT('',(0.,0.));
#9300 = VECTOR('',#9301,1.);
#9301 = DIRECTION('',(1.,0.));
#9302 = ( GEOMETRIC_REPRESENTATION_CONTEXT(2) 
PARAMETRIC_REPRESENTATION_CONTEXT() REPRESENTATION_CONTEXT('2D SPACE',''
  ) );
#9303 = PCURVE('',#2629,#9304);
#9304 = DEFINITIONAL_REPRESENTATION('',(#9305),#9309);
#9305 = LINE('',#9306,#9307);
#9306 = CARTESIAN_POINT('',(0.,0.));
#9307 = VECTOR('',#9308,1.);
#9308 = DIRECTION('',(1.,0.));
#9309 = ( GEOMETRIC_REPRESENTATION_CONTEXT(2) 
PARAMETRIC_REPRESENTATION_CONTEXT() REPRESENTATION_CONTEXT('2D SPACE',''
  ) );
#9310 = ORIENTED_EDGE('',*,*,#9311,.T.);
#9311 = EDGE_CURVE('',#9289,#9265,#9312,.T.);
#9312 = SURFACE_CURVE('',#9313,(#9317,#9324),.PCURVE_S1.);
#9313 = LINE('',#9314,#9315);
#9314 = CARTESIAN_POINT('',(26.5,51.,3.7));
#9315 = VECTOR('',#9316,1.);
#9316 = DIRECTION('',(1.,0.,0.));
#9317 = PCURVE('',#2601,#9318);
#9318 = DEFINITIONAL_REPRESENTATION('',(#9319),#9323);
#9319 = LINE('',#9320,#9321);
#9320 = CARTESIAN_POINT('',(2.7,0.));
#9321 = VECTOR('',#9322,1.);
#9322 = DIRECTION('',(0.,1.));
#9323 = ( GEOMETRIC_REPRESENTATION_CONTEXT(2) 
PARAMETRIC_REPRESENTATION_CONTEXT() REPRESENTATION_CONTEXT('2D SPACE',''
  ) );
#9324 = PCURVE('',#9325,#9330);
#9325 = CYLINDRICAL_SURFACE('',#9326,1.);
#9326 = AXIS2_PLACEMENT_3D('',#9327,#9328,#9329);
#9327 = CARTESIAN_POINT('',(26.5,52.,3.7));
#9328 = DIRECTION('',(1.,0.,0.));
#9329 = DIRECTION('',(0.,-1.,0.));
#9330 = DEFINITIONAL_REPRESENTATION('',(#9331),#9335);
#9331 = LINE('',#9332,#9333);
#9332 = CARTESIAN_POINT('',(-0.,0.));
#9333 = VECTOR('',#9334,1.);
#9334 = DIRECTION('',(-0.,1.));
#9335 = ( GEOMETRIC_REPRESENTATION_CONTEXT(2) 
PARAMETRIC_REPRESENTATION_CONTEXT() REPRESENTATION_CONTEXT('2D SPACE',''
  ) );
#9336 = ADVANCED_FACE('',(#9337),#2740,.T.);
#9337 = FACE_BOUND('',#9338,.T.);
#9338 = EDGE_LOOP('',(#9339,#9367,#9368,#9369));
#9339 = ORIENTED_EDGE('',*,*,#9340,.F.);
#9340 = EDGE_CURVE('',#9265,#9341,#9343,.T.);
#9341 = VERTEX_POINT('',#9342);
#9342 = CARTESIAN_POINT('',(46.5,54.7,3.7));
#9343 = SURFACE_CURVE('',#9344,(#9348,#9355),.PCURVE_S1.);
#9344 = LINE('',#9345,#9346);
#9345 = CARTESIAN_POINT('',(46.5,51.,3.7));
#9346 = VECTOR('',#9347,1.);
#9347 = DIRECTION('',(0.,1.,0.));
#9348 = PCURVE('',#2740,#9349);
#9349 = DEFINITIONAL_REPRESENTATION('',(#9350),#9354);
#9350 = LINE('',#9351,#9352);
#9351 = CARTESIAN_POINT('',(2.7,0.));
#9352 = VECTOR('',#9353,1.);
#9353 = DIRECTION('',(0.,-1.));
#9354 = ( GEOMETRIC_REPRESENTATION_CONTEXT(2) 
PARAMETRIC_REPRESENTATION_CONTEXT() REPRESENTATION_CONTEXT('2D SPACE',''
  ) );
#9355 = PCURVE('',#9356,#9361);
#9356 = CYLINDRICAL_SURFACE('',#9357,1.);
#9357 = AXIS2_PLACEMENT_3D('',#9358,#9359,#9360);
#9358 = CARTESIAN_POINT('',(45.5,51.,3.7));
#9359 = DIRECTION('',(0.,1.,0.));
#9360 = DIRECTION('',(1.,0.,-0.));
#9361 = DEFINITIONAL_REPRESENTATION('',(#9362),#9366);
#9362 = LINE('',#9363,#9364);
#9363 = CARTESIAN_POINT('',(-0.,0.));
#9364 = VECTOR('',#9365,1.);
#9365 = DIRECTION('',(-0.,1.));
#9366 = ( GEOMETRIC_REPRESENTATION_CONTEXT(2) 
PARAMETRIC_REPRESENTATION_CONTEXT() REPRESENTATION_CONTEXT('2D SPACE',''
  ) );
#9367 = ORIENTED_EDGE('',*,*,#9264,.F.);
#9368 = ORIENTED_EDGE('',*,*,#2726,.T.);
#9369 = ORIENTED_EDGE('',*,*,#9370,.T.);
#9370 = EDGE_CURVE('',#2699,#9341,#9371,.T.);
#9371 = SURFACE_CURVE('',#9372,(#9376,#9383),.PCURVE_S1.);
#9372 = LINE('',#9373,#9374);
#9373 = CARTESIAN_POINT('',(46.5,54.7,-15.3000002));
#9374 = VECTOR('',#9375,1.);
#9375 = DIRECTION('',(0.,0.,1.));
#9376 = PCURVE('',#2740,#9377);
#9377 = DEFINITIONAL_REPRESENTATION('',(#9378),#9382);
#9378 = LINE('',#9379,#9380);
#9379 = CARTESIAN_POINT('',(-16.3000002,-3.7));
#9380 = VECTOR('',#9381,1.);
#9381 = DIRECTION('',(1.,0.));
#9382 = ( GEOMETRIC_REPRESENTATION_CONTEXT(2) 
PARAMETRIC_REPRESENTATION_CONTEXT() REPRESENTATION_CONTEXT('2D SPACE',''
  ) );
#9383 = PCURVE('',#2714,#9384);
#9384 = DEFINITIONAL_REPRESENTATION('',(#9385),#9389);
#9385 = LINE('',#9386,#9387);
#9386 = CARTESIAN_POINT('',(20.,0.));
#9387 = VECTOR('',#9388,1.);
#9388 = DIRECTION('',(0.,-1.));
#9389 = ( GEOMETRIC_REPRESENTATION_CONTEXT(2) 
PARAMETRIC_REPRESENTATION_CONTEXT() REPRESENTATION_CONTEXT('2D SPACE',''
  ) );
#9390 = ADVANCED_FACE('',(#9391),#2629,.F.);
#9391 = FACE_BOUND('',#9392,.F.);
#9392 = EDGE_LOOP('',(#9393,#9421,#9422,#9423));
#9393 = ORIENTED_EDGE('',*,*,#9394,.F.);
#9394 = EDGE_CURVE('',#9289,#9395,#9397,.T.);
#9395 = VERTEX_POINT('',#9396);
#9396 = CARTESIAN_POINT('',(26.5,54.7,3.7));
#9397 = SURFACE_CURVE('',#9398,(#9402,#9409),.PCURVE_S1.);
#9398 = LINE('',#9399,#9400);
#9399 = CARTESIAN_POINT('',(26.5,51.,3.7));
#9400 = VECTOR('',#9401,1.);
#9401 = DIRECTION('',(0.,1.,0.));
#9402 = PCURVE('',#2629,#9403);
#9403 = DEFINITIONAL_REPRESENTATION('',(#9404),#9408);
#9404 = LINE('',#9405,#9406);
#9405 = CARTESIAN_POINT('',(2.7,0.));
#9406 = VECTOR('',#9407,1.);
#9407 = DIRECTION('',(0.,-1.));
#9408 = ( GEOMETRIC_REPRESENTATION_CONTEXT(2) 
PARAMETRIC_REPRESENTATION_CONTEXT() REPRESENTATION_CONTEXT('2D SPACE',''
  ) );
#9409 = PCURVE('',#9410,#9415);
#9410 = CYLINDRICAL_SURFACE('',#9411,1.);
#9411 = AXIS2_PLACEMENT_3D('',#9412,#9413,#9414);
#9412 = CARTESIAN_POINT('',(27.5,51.,3.7));
#9413 = DIRECTION('',(0.,1.,0.));
#9414 = DIRECTION('',(-1.,0.,0.));
#9415 = DEFINITIONAL_REPRESENTATION('',(#9416),#9420);
#9416 = LINE('',#9417,#9418);
#9417 = CARTESIAN_POINT('',(0.,0.));
#9418 = VECTOR('',#9419,1.);
#9419 = DIRECTION('',(0.,1.));
#9420 = ( GEOMETRIC_REPRESENTATION_CONTEXT(2) 
PARAMETRIC_REPRESENTATION_CONTEXT() REPRESENTATION_CONTEXT('2D SPACE',''
  ) );
#9421 = ORIENTED_EDGE('',*,*,#9288,.F.);
#9422 = ORIENTED_EDGE('',*,*,#2613,.T.);
#9423 = ORIENTED_EDGE('',*,*,#9424,.T.);
#9424 = EDGE_CURVE('',#2614,#9395,#9425,.T.);
#9425 = SURFACE_CURVE('',#9426,(#9430,#9437),.PCURVE_S1.);
#9426 = LINE('',#9427,#9428);
#9427 = CARTESIAN_POINT('',(26.5,54.7,-15.3000002));
#9428 = VECTOR('',#9429,1.);
#9429 = DIRECTION('',(0.,0.,1.));
#9430 = PCURVE('',#2629,#9431);
#9431 = DEFINITIONAL_REPRESENTATION('',(#9432),#9436);
#9432 = LINE('',#9433,#9434);
#9433 = CARTESIAN_POINT('',(-16.3000002,-3.7));
#9434 = VECTOR('',#9435,1.);
#9435 = DIRECTION('',(1.,0.));
#9436 = ( GEOMETRIC_REPRESENTATION_CONTEXT(2) 
PARAMETRIC_REPRESENTATION_CONTEXT() REPRESENTATION_CONTEXT('2D SPACE',''
  ) );
#9437 = PCURVE('',#2657,#9438);
#9438 = DEFINITIONAL_REPRESENTATION('',(#9439),#9443);
#9439 = LINE('',#9440,#9441);
#9440 = CARTESIAN_POINT('',(0.,0.));
#9441 = VECTOR('',#9442,1.);
#9442 = DIRECTION('',(0.,-1.));
#9443 = ( GEOMETRIC_REPRESENTATION_CONTEXT(2) 
PARAMETRIC_REPRESENTATION_CONTEXT() REPRESENTATION_CONTEXT('2D SPACE',''
  ) );
#9444 = ADVANCED_FACE('',(#9445),#2714,.T.);
#9445 = FACE_BOUND('',#9446,.T.);
#9446 = EDGE_LOOP('',(#9447,#9448,#9449,#9472,#9500));
#9447 = ORIENTED_EDGE('',*,*,#9370,.F.);
#9448 = ORIENTED_EDGE('',*,*,#2698,.T.);
#9449 = ORIENTED_EDGE('',*,*,#9450,.F.);
#9450 = EDGE_CURVE('',#9451,#2670,#9453,.T.);
#9451 = VERTEX_POINT('',#9452);
#9452 = CARTESIAN_POINT('',(39.649603149605,54.7,4.7));
#9453 = SURFACE_CURVE('',#9454,(#9458,#9465),.PCURVE_S1.);
#9454 = LINE('',#9455,#9456);
#9455 = CARTESIAN_POINT('',(39.649603149605,54.7,-17.1747892468));
#9456 = VECTOR('',#9457,1.);
#9457 = DIRECTION('',(-0.,-0.,-1.));
#9458 = PCURVE('',#2714,#9459);
#9459 = DEFINITIONAL_REPRESENTATION('',(#9460),#9464);
#9460 = LINE('',#9461,#9462);
#9461 = CARTESIAN_POINT('',(13.149603149605,1.874789046801));
#9462 = VECTOR('',#9463,1.);
#9463 = DIRECTION('',(0.,1.));
#9464 = ( GEOMETRIC_REPRESENTATION_CONTEXT(2) 
PARAMETRIC_REPRESENTATION_CONTEXT() REPRESENTATION_CONTEXT('2D SPACE',''
  ) );
#9465 = PCURVE('',#2686,#9466);
#9466 = DEFINITIONAL_REPRESENTATION('',(#9467),#9471);
#9467 = LINE('',#9468,#9469);
#9468 = CARTESIAN_POINT('',(-5.65244400354,0.));
#9469 = VECTOR('',#9470,1.);
#9470 = DIRECTION('',(-0.,1.));
#9471 = ( GEOMETRIC_REPRESENTATION_CONTEXT(2) 
PARAMETRIC_REPRESENTATION_CONTEXT() REPRESENTATION_CONTEXT('2D SPACE',''
  ) );
#9472 = ORIENTED_EDGE('',*,*,#9473,.F.);
#9473 = EDGE_CURVE('',#9474,#9451,#9476,.T.);
#9474 = VERTEX_POINT('',#9475);
#9475 = CARTESIAN_POINT('',(45.5,54.7,4.7));
#9476 = SURFACE_CURVE('',#9477,(#9481,#9488),.PCURVE_S1.);
#9477 = LINE('',#9478,#9479);
#9478 = CARTESIAN_POINT('',(26.5,54.7,4.7));
#9479 = VECTOR('',#9480,1.);
#9480 = DIRECTION('',(-1.,0.,0.));
#9481 = PCURVE('',#2714,#9482);
#9482 = DEFINITIONAL_REPRESENTATION('',(#9483),#9487);
#9483 = LINE('',#9484,#9485);
#9484 = CARTESIAN_POINT('',(0.,-20.0000002));
#9485 = VECTOR('',#9486,1.);
#9486 = DIRECTION('',(-1.,0.));
#9487 = ( GEOMETRIC_REPRESENTATION_CONTEXT(2) 
PARAMETRIC_REPRESENTATION_CONTEXT() REPRESENTATION_CONTEXT('2D SPACE',''
  ) );
#9488 = PCURVE('',#9489,#9494);
#9489 = PLANE('',#9490);
#9490 = AXIS2_PLACEMENT_3D('',#9491,#9492,#9493);
#9491 = CARTESIAN_POINT('',(26.5,51.,4.7));
#9492 = DIRECTION('',(0.,0.,1.));
#9493 = DIRECTION('',(1.,0.,0.));
#9494 = DEFINITIONAL_REPRESENTATION('',(#9495),#9499);
#9495 = LINE('',#9496,#9497);
#9496 = CARTESIAN_POINT('',(0.,3.7));
#9497 = VECTOR('',#9498,1.);
#9498 = DIRECTION('',(-1.,0.));
#9499 = ( GEOMETRIC_REPRESENTATION_CONTEXT(2) 
PARAMETRIC_REPRESENTATION_CONTEXT() REPRESENTATION_CONTEXT('2D SPACE',''
  ) );
#9500 = ORIENTED_EDGE('',*,*,#9501,.T.);
#9501 = EDGE_CURVE('',#9474,#9341,#9502,.T.);
#9502 = SURFACE_CURVE('',#9503,(#9508,#9515),.PCURVE_S1.);
#9503 = CIRCLE('',#9504,1.);
#9504 = AXIS2_PLACEMENT_3D('',#9505,#9506,#9507);
#9505 = CARTESIAN_POINT('',(45.5,54.7,3.7));
#9506 = DIRECTION('',(0.,1.,0.));
#9507 = DIRECTION('',(1.,0.,-0.));
#9508 = PCURVE('',#2714,#9509);
#9509 = DEFINITIONAL_REPRESENTATION('',(#9510),#9514);
#9510 = CIRCLE('',#9511,1.);
#9511 = AXIS2_PLACEMENT_2D('',#9512,#9513);
#9512 = CARTESIAN_POINT('',(19.,-19.0000002));
#9513 = DIRECTION('',(1.,0.));
#9514 = ( GEOMETRIC_REPRESENTATION_CONTEXT(2) 
PARAMETRIC_REPRESENTATION_CONTEXT() REPRESENTATION_CONTEXT('2D SPACE',''
  ) );
#9515 = PCURVE('',#9356,#9516);
#9516 = DEFINITIONAL_REPRESENTATION('',(#9517),#9521);
#9517 = LINE('',#9518,#9519);
#9518 = CARTESIAN_POINT('',(-6.28318530718,3.7));
#9519 = VECTOR('',#9520,1.);
#9520 = DIRECTION('',(1.,-0.));
#9521 = ( GEOMETRIC_REPRESENTATION_CONTEXT(2) 
PARAMETRIC_REPRESENTATION_CONTEXT() REPRESENTATION_CONTEXT('2D SPACE',''
  ) );
#9522 = ADVANCED_FACE('',(#9523),#2657,.T.);
#9523 = FACE_BOUND('',#9524,.T.);
#9524 = EDGE_LOOP('',(#9525,#9526,#9527,#9551,#9574));
#9525 = ORIENTED_EDGE('',*,*,#2641,.T.);
#9526 = ORIENTED_EDGE('',*,*,#9424,.T.);
#9527 = ORIENTED_EDGE('',*,*,#9528,.T.);
#9528 = EDGE_CURVE('',#9395,#9529,#9531,.T.);
#9529 = VERTEX_POINT('',#9530);
#9530 = CARTESIAN_POINT('',(27.5,54.7,4.7));
#9531 = SURFACE_CURVE('',#9532,(#9537,#9544),.PCURVE_S1.);
#9532 = CIRCLE('',#9533,1.);
#9533 = AXIS2_PLACEMENT_3D('',#9534,#9535,#9536);
#9534 = CARTESIAN_POINT('',(27.5,54.7,3.7));
#9535 = DIRECTION('',(0.,1.,0.));
#9536 = DIRECTION('',(-1.,0.,0.));
#9537 = PCURVE('',#2657,#9538);
#9538 = DEFINITIONAL_REPRESENTATION('',(#9539),#9543);
#9539 = CIRCLE('',#9540,1.);
#9540 = AXIS2_PLACEMENT_2D('',#9541,#9542);
#9541 = CARTESIAN_POINT('',(1.,-19.0000002));
#9542 = DIRECTION('',(-1.,0.));
#9543 = ( GEOMETRIC_REPRESENTATION_CONTEXT(2) 
PARAMETRIC_REPRESENTATION_CONTEXT() REPRESENTATION_CONTEXT('2D SPACE',''
  ) );
#9544 = PCURVE('',#9410,#9545);
#9545 = DEFINITIONAL_REPRESENTATION('',(#9546),#9550);
#9546 = LINE('',#9547,#9548);
#9547 = CARTESIAN_POINT('',(0.,3.7));
#9548 = VECTOR('',#9549,1.);
#9549 = DIRECTION('',(1.,0.));
#9550 = ( GEOMETRIC_REPRESENTATION_CONTEXT(2) 
PARAMETRIC_REPRESENTATION_CONTEXT() REPRESENTATION_CONTEXT('2D SPACE',''
  ) );
#9551 = ORIENTED_EDGE('',*,*,#9552,.F.);
#9552 = EDGE_CURVE('',#9553,#9529,#9555,.T.);
#9553 = VERTEX_POINT('',#9554);
#9554 = CARTESIAN_POINT('',(33.350396850395,54.7,4.7));
#9555 = SURFACE_CURVE('',#9556,(#9560,#9567),.PCURVE_S1.);
#9556 = LINE('',#9557,#9558);
#9557 = CARTESIAN_POINT('',(26.5,54.7,4.7));
#9558 = VECTOR('',#9559,1.);
#9559 = DIRECTION('',(-1.,0.,0.));
#9560 = PCURVE('',#2657,#9561);
#9561 = DEFINITIONAL_REPRESENTATION('',(#9562),#9566);
#9562 = LINE('',#9563,#9564);
#9563 = CARTESIAN_POINT('',(0.,-20.0000002));
#9564 = VECTOR('',#9565,1.);
#9565 = DIRECTION('',(-1.,0.));
#9566 = ( GEOMETRIC_REPRESENTATION_CONTEXT(2) 
PARAMETRIC_REPRESENTATION_CONTEXT() REPRESENTATION_CONTEXT('2D SPACE',''
  ) );
#9567 = PCURVE('',#9489,#9568);
#9568 = DEFINITIONAL_REPRESENTATION('',(#9569),#9573);
#9569 = LINE('',#9570,#9571);
#9570 = CARTESIAN_POINT('',(0.,3.7));
#9571 = VECTOR('',#9572,1.);
#9572 = DIRECTION('',(-1.,0.));
#9573 = ( GEOMETRIC_REPRESENTATION_CONTEXT(2) 
PARAMETRIC_REPRESENTATION_CONTEXT() REPRESENTATION_CONTEXT('2D SPACE',''
  ) );
#9574 = ORIENTED_EDGE('',*,*,#9575,.T.);
#9575 = EDGE_CURVE('',#9553,#2642,#9576,.T.);
#9576 = SURFACE_CURVE('',#9577,(#9581,#9588),.PCURVE_S1.);
#9577 = LINE('',#9578,#9579);
#9578 = CARTESIAN_POINT('',(33.350396850395,54.7,-17.1747892468));
#9579 = VECTOR('',#9580,1.);
#9580 = DIRECTION('',(-0.,-0.,-1.));
#9581 = PCURVE('',#2657,#9582);
#9582 = DEFINITIONAL_REPRESENTATION('',(#9583),#9587);
#9583 = LINE('',#9584,#9585);
#9584 = CARTESIAN_POINT('',(6.850396850395,1.874789046801));
#9585 = VECTOR('',#9586,1.);
#9586 = DIRECTION('',(0.,1.));
#9587 = ( GEOMETRIC_REPRESENTATION_CONTEXT(2) 
PARAMETRIC_REPRESENTATION_CONTEXT() REPRESENTATION_CONTEXT('2D SPACE',''
  ) );
#9588 = PCURVE('',#2686,#9589);
#9589 = DEFINITIONAL_REPRESENTATION('',(#9590),#9594);
#9590 = LINE('',#9591,#9592);
#9591 = CARTESIAN_POINT('',(-3.772333957229,0.));
#9592 = VECTOR('',#9593,1.);
#9593 = DIRECTION('',(-0.,1.));
#9594 = ( GEOMETRIC_REPRESENTATION_CONTEXT(2) 
PARAMETRIC_REPRESENTATION_CONTEXT() REPRESENTATION_CONTEXT('2D SPACE',''
  ) );
#9595 = ADVANCED_FACE('',(#9596),#2686,.F.);
#9596 = FACE_BOUND('',#9597,.T.);
#9597 = EDGE_LOOP('',(#9598,#9599,#9600,#9601));
#9598 = ORIENTED_EDGE('',*,*,#9450,.T.);
#9599 = ORIENTED_EDGE('',*,*,#2669,.F.);
#9600 = ORIENTED_EDGE('',*,*,#9575,.F.);
#9601 = ORIENTED_EDGE('',*,*,#9602,.F.);
#9602 = EDGE_CURVE('',#9451,#9553,#9603,.T.);
#9603 = SURFACE_CURVE('',#9604,(#9609,#9616),.PCURVE_S1.);
#9604 = CIRCLE('',#9605,3.9);
#9605 = AXIS2_PLACEMENT_3D('',#9606,#9607,#9608);
#9606 = CARTESIAN_POINT('',(36.5,57.,4.7));
#9607 = DIRECTION('',(0.,0.,-1.));
#9608 = DIRECTION('',(1.,0.,0.));
#9609 = PCURVE('',#2686,#9610);
#9610 = DEFINITIONAL_REPRESENTATION('',(#9611),#9615);
#9611 = LINE('',#9612,#9613);
#9612 = CARTESIAN_POINT('',(-6.28318530718,-21.8747892468));
#9613 = VECTOR('',#9614,1.);
#9614 = DIRECTION('',(1.,-0.));
#9615 = ( GEOMETRIC_REPRESENTATION_CONTEXT(2) 
PARAMETRIC_REPRESENTATION_CONTEXT() REPRESENTATION_CONTEXT('2D SPACE',''
  ) );
#9616 = PCURVE('',#9489,#9617);
#9617 = DEFINITIONAL_REPRESENTATION('',(#9618),#9626);
#9618 = ( BOUNDED_CURVE() B_SPLINE_CURVE(2,(#9619,#9620,#9621,#9622,
#9623,#9624,#9625),.UNSPECIFIED.,.T.,.F.) B_SPLINE_CURVE_WITH_KNOTS((1,2
    ,2,2,2,1),(-2.094395102393,0.,2.094395102393,4.188790204786,
6.28318530718,8.377580409573),.UNSPECIFIED.) CURVE() 
GEOMETRIC_REPRESENTATION_ITEM() RATIONAL_B_SPLINE_CURVE((1.,0.5,1.,0.5,
1.,0.5,1.)) REPRESENTATION_ITEM('') );
#9619 = CARTESIAN_POINT('',(13.9,6.));
#9620 = CARTESIAN_POINT('',(13.9,-0.754998149519));
#9621 = CARTESIAN_POINT('',(8.05,2.622500925241));
#9622 = CARTESIAN_POINT('',(2.2,6.));
#9623 = CARTESIAN_POINT('',(8.05,9.377499074759));
#9624 = CARTESIAN_POINT('',(13.9,12.754998149519));
#9625 = CARTESIAN_POINT('',(13.9,6.));
#9626 = ( GEOMETRIC_REPRESENTATION_CONTEXT(2) 
PARAMETRIC_REPRESENTATION_CONTEXT() REPRESENTATION_CONTEXT('2D SPACE',''
  ) );
#9627 = ADVANCED_FACE('',(#9628),#2775,.F.);
#9628 = FACE_BOUND('',#9629,.T.);
#9629 = EDGE_LOOP('',(#9630,#9631,#9652,#9653));
#9630 = ORIENTED_EDGE('',*,*,#5493,.F.);
#9631 = ORIENTED_EDGE('',*,*,#9632,.T.);
#9632 = EDGE_CURVE('',#5494,#2755,#9633,.T.);
#9633 = SEAM_CURVE('',#9634,(#9638,#9645),.PCURVE_S1.);
#9634 = LINE('',#9635,#9636);
#9635 = CARTESIAN_POINT('',(39.5,57.,-68.0000003));
#9636 = VECTOR('',#9637,1.);
#9637 = DIRECTION('',(0.,0.,1.));
#9638 = PCURVE('',#2775,#9639);
#9639 = DEFINITIONAL_REPRESENTATION('',(#9640),#9644);
#9640 = LINE('',#9641,#9642);
#9641 = CARTESIAN_POINT('',(-0.,0.));
#9642 = VECTOR('',#9643,1.);
#9643 = DIRECTION('',(-0.,-1.));
#9644 = ( GEOMETRIC_REPRESENTATION_CONTEXT(2) 
PARAMETRIC_REPRESENTATION_CONTEXT() REPRESENTATION_CONTEXT('2D SPACE',''
  ) );
#9645 = PCURVE('',#2775,#9646);
#9646 = DEFINITIONAL_REPRESENTATION('',(#9647),#9651);
#9647 = LINE('',#9648,#9649);
#9648 = CARTESIAN_POINT('',(-6.28318530718,0.));
#9649 = VECTOR('',#9650,1.);
#9650 = DIRECTION('',(-0.,-1.));
#9651 = ( GEOMETRIC_REPRESENTATION_CONTEXT(2) 
PARAMETRIC_REPRESENTATION_CONTEXT() REPRESENTATION_CONTEXT('2D SPACE',''
  ) );
#9652 = ORIENTED_EDGE('',*,*,#2754,.F.);
#9653 = ORIENTED_EDGE('',*,*,#9632,.F.);
#9654 = ADVANCED_FACE('',(#9655),#2807,.T.);
#9655 = FACE_BOUND('',#9656,.T.);
#9656 = EDGE_LOOP('',(#9657,#9680,#9708,#9729));
#9657 = ORIENTED_EDGE('',*,*,#9658,.T.);
#9658 = EDGE_CURVE('',#2790,#9659,#9661,.T.);
#9659 = VERTEX_POINT('',#9660);
#9660 = CARTESIAN_POINT('',(4.78099609375,63.738007507324,1.4));
#9661 = SURFACE_CURVE('',#9662,(#9666,#9673),.PCURVE_S1.);
#9662 = LINE('',#9663,#9664);
#9663 = CARTESIAN_POINT('',(4.78099609375,63.738007507324,1.));
#9664 = VECTOR('',#9665,1.);
#9665 = DIRECTION('',(0.,0.,1.));
#9666 = PCURVE('',#2807,#9667);
#9667 = DEFINITIONAL_REPRESENTATION('',(#9668),#9672);
#9668 = LINE('',#9669,#9670);
#9669 = CARTESIAN_POINT('',(0.,0.));
#9670 = VECTOR('',#9671,1.);
#9671 = DIRECTION('',(0.,-1.));
#9672 = ( GEOMETRIC_REPRESENTATION_CONTEXT(2) 
PARAMETRIC_REPRESENTATION_CONTEXT() REPRESENTATION_CONTEXT('2D SPACE',''
  ) );
#9673 = PCURVE('',#3543,#9674);
#9674 = DEFINITIONAL_REPRESENTATION('',(#9675),#9679);
#9675 = LINE('',#9676,#9677);
#9676 = CARTESIAN_POINT('',(0.486015625,0.));
#9677 = VECTOR('',#9678,1.);
#9678 = DIRECTION('',(0.,-1.));
#9679 = ( GEOMETRIC_REPRESENTATION_CONTEXT(2) 
PARAMETRIC_REPRESENTATION_CONTEXT() REPRESENTATION_CONTEXT('2D SPACE',''
  ) );
#9680 = ORIENTED_EDGE('',*,*,#9681,.T.);
#9681 = EDGE_CURVE('',#9659,#9682,#9684,.T.);
#9682 = VERTEX_POINT('',#9683);
#9683 = CARTESIAN_POINT('',(5.09900390625,66.054003601074,1.4));
#9684 = SURFACE_CURVE('',#9685,(#9689,#9696),.PCURVE_S1.);
#9685 = LINE('',#9686,#9687);
#9686 = CARTESIAN_POINT('',(4.78099609375,63.738007507324,1.4));
#9687 = VECTOR('',#9688,1.);
#9688 = DIRECTION('',(0.136032920634,0.990704317394,0.));
#9689 = PCURVE('',#2807,#9690);
#9690 = DEFINITIONAL_REPRESENTATION('',(#9691),#9695);
#9691 = LINE('',#9692,#9693);
#9692 = CARTESIAN_POINT('',(0.,-0.4));
#9693 = VECTOR('',#9694,1.);
#9694 = DIRECTION('',(1.,0.));
#9695 = ( GEOMETRIC_REPRESENTATION_CONTEXT(2) 
PARAMETRIC_REPRESENTATION_CONTEXT() REPRESENTATION_CONTEXT('2D SPACE',''
  ) );
#9696 = PCURVE('',#9697,#9702);
#9697 = PLANE('',#9698);
#9698 = AXIS2_PLACEMENT_3D('',#9699,#9700,#9701);
#9699 = CARTESIAN_POINT('',(4.43900390625,61.799999694824,1.4));
#9700 = DIRECTION('',(0.,0.,1.));
#9701 = DIRECTION('',(1.,0.,0.));
#9702 = DEFINITIONAL_REPRESENTATION('',(#9703),#9707);
#9703 = LINE('',#9704,#9705);
#9704 = CARTESIAN_POINT('',(0.3419921875,1.9380078125));
#9705 = VECTOR('',#9706,1.);
#9706 = DIRECTION('',(0.136032920634,0.990704317394));
#9707 = ( GEOMETRIC_REPRESENTATION_CONTEXT(2) 
PARAMETRIC_REPRESENTATION_CONTEXT() REPRESENTATION_CONTEXT('2D SPACE',''
  ) );
#9708 = ORIENTED_EDGE('',*,*,#9709,.F.);
#9709 = EDGE_CURVE('',#2792,#9682,#9710,.T.);
#9710 = SURFACE_CURVE('',#9711,(#9715,#9722),.PCURVE_S1.);
#9711 = LINE('',#9712,#9713);
#9712 = CARTESIAN_POINT('',(5.09900390625,66.054003601074,1.));
#9713 = VECTOR('',#9714,1.);
#9714 = DIRECTION('',(0.,0.,1.));
#9715 = PCURVE('',#2807,#9716);
#9716 = DEFINITIONAL_REPRESENTATION('',(#9717),#9721);
#9717 = LINE('',#9718,#9719);
#9718 = CARTESIAN_POINT('',(2.337726860665,0.));
#9719 = VECTOR('',#9720,1.);
#9720 = DIRECTION('',(0.,-1.));
#9721 = ( GEOMETRIC_REPRESENTATION_CONTEXT(2) 
PARAMETRIC_REPRESENTATION_CONTEXT() REPRESENTATION_CONTEXT('2D SPACE',''
  ) );
#9722 = PCURVE('',#2835,#9723);
#9723 = DEFINITIONAL_REPRESENTATION('',(#9724),#9728);
#9724 = LINE('',#9725,#9726);
#9725 = CARTESIAN_POINT('',(0.,0.));
#9726 = VECTOR('',#9727,1.);
#9727 = DIRECTION('',(0.,-1.));
#9728 = ( GEOMETRIC_REPRESENTATION_CONTEXT(2) 
PARAMETRIC_REPRESENTATION_CONTEXT() REPRESENTATION_CONTEXT('2D SPACE',''
  ) );
#9729 = ORIENTED_EDGE('',*,*,#2789,.F.);
#9730 = ADVANCED_FACE('',(#9731),#3543,.T.);
#9731 = FACE_BOUND('',#9732,.T.);
#9732 = EDGE_LOOP('',(#9733,#9756,#9777,#9778));
#9733 = ORIENTED_EDGE('',*,*,#9734,.T.);
#9734 = EDGE_CURVE('',#3500,#9735,#9737,.T.);
#9735 = VERTEX_POINT('',#9736);
#9736 = CARTESIAN_POINT('',(5.26701171875,63.738007507324,1.4));
#9737 = SURFACE_CURVE('',#9738,(#9742,#9749),.PCURVE_S1.);
#9738 = LINE('',#9739,#9740);
#9739 = CARTESIAN_POINT('',(5.26701171875,63.738007507324,1.));
#9740 = VECTOR('',#9741,1.);
#9741 = DIRECTION('',(0.,0.,1.));
#9742 = PCURVE('',#3543,#9743);
#9743 = DEFINITIONAL_REPRESENTATION('',(#9744),#9748);
#9744 = LINE('',#9745,#9746);
#9745 = CARTESIAN_POINT('',(0.,-0.));
#9746 = VECTOR('',#9747,1.);
#9747 = DIRECTION('',(0.,-1.));
#9748 = ( GEOMETRIC_REPRESENTATION_CONTEXT(2) 
PARAMETRIC_REPRESENTATION_CONTEXT() REPRESENTATION_CONTEXT('2D SPACE',''
  ) );
#9749 = PCURVE('',#3515,#9750);
#9750 = DEFINITIONAL_REPRESENTATION('',(#9751),#9755);
#9751 = LINE('',#9752,#9753);
#9752 = CARTESIAN_POINT('',(1.,0.));
#9753 = VECTOR('',#9754,1.);
#9754 = DIRECTION('',(0.,-1.));
#9755 = ( GEOMETRIC_REPRESENTATION_CONTEXT(2) 
PARAMETRIC_REPRESENTATION_CONTEXT() REPRESENTATION_CONTEXT('2D SPACE',''
  ) );
#9756 = ORIENTED_EDGE('',*,*,#9757,.T.);
#9757 = EDGE_CURVE('',#9735,#9659,#9758,.T.);
#9758 = SURFACE_CURVE('',#9759,(#9763,#9770),.PCURVE_S1.);
#9759 = LINE('',#9760,#9761);
#9760 = CARTESIAN_POINT('',(5.26701171875,63.738007507324,1.4));
#9761 = VECTOR('',#9762,1.);
#9762 = DIRECTION('',(-1.,0.,0.));
#9763 = PCURVE('',#3543,#9764);
#9764 = DEFINITIONAL_REPRESENTATION('',(#9765),#9769);
#9765 = LINE('',#9766,#9767);
#9766 = CARTESIAN_POINT('',(8.881784197001E-16,-0.4));
#9767 = VECTOR('',#9768,1.);
#9768 = DIRECTION('',(1.,0.));
#9769 = ( GEOMETRIC_REPRESENTATION_CONTEXT(2) 
PARAMETRIC_REPRESENTATION_CONTEXT() REPRESENTATION_CONTEXT('2D SPACE',''
  ) );
#9770 = PCURVE('',#9697,#9771);
#9771 = DEFINITIONAL_REPRESENTATION('',(#9772),#9776);
#9772 = LINE('',#9773,#9774);
#9773 = CARTESIAN_POINT('',(0.8280078125,1.9380078125));
#9774 = VECTOR('',#9775,1.);
#9775 = DIRECTION('',(-1.,0.));
#9776 = ( GEOMETRIC_REPRESENTATION_CONTEXT(2) 
PARAMETRIC_REPRESENTATION_CONTEXT() REPRESENTATION_CONTEXT('2D SPACE',''
  ) );
#9777 = ORIENTED_EDGE('',*,*,#9658,.F.);
#9778 = ORIENTED_EDGE('',*,*,#3529,.F.);
#9779 = ADVANCED_FACE('',(#9780),#3515,.T.);
#9780 = FACE_BOUND('',#9781,.T.);
#9781 = EDGE_LOOP('',(#9782,#9805,#9826,#9827));
#9782 = ORIENTED_EDGE('',*,*,#9783,.T.);
#9783 = EDGE_CURVE('',#3470,#9784,#9786,.T.);
#9784 = VERTEX_POINT('',#9785);
#9785 = CARTESIAN_POINT('',(5.627001953125,64.047001647949,1.4));
#9786 = SURFACE_CURVE('',#9787,(#9791,#9798),.PCURVE_S1.);
#9787 = LINE('',#9788,#9789);
#9788 = CARTESIAN_POINT('',(5.627001953125,64.047001647949,1.));
#9789 = VECTOR('',#9790,1.);
#9790 = DIRECTION('',(0.,0.,1.));
#9791 = PCURVE('',#3515,#9792);
#9792 = DEFINITIONAL_REPRESENTATION('',(#9793),#9797);
#9793 = LINE('',#9794,#9795);
#9794 = CARTESIAN_POINT('',(0.,0.));
#9795 = VECTOR('',#9796,1.);
#9796 = DIRECTION('',(0.,-1.));
#9797 = ( GEOMETRIC_REPRESENTATION_CONTEXT(2) 
PARAMETRIC_REPRESENTATION_CONTEXT() REPRESENTATION_CONTEXT('2D SPACE',''
  ) );
#9798 = PCURVE('',#3485,#9799);
#9799 = DEFINITIONAL_REPRESENTATION('',(#9800),#9804);
#9800 = LINE('',#9801,#9802);
#9801 = CARTESIAN_POINT('',(1.,0.));
#9802 = VECTOR('',#9803,1.);
#9803 = DIRECTION('',(0.,-1.));
#9804 = ( GEOMETRIC_REPRESENTATION_CONTEXT(2) 
PARAMETRIC_REPRESENTATION_CONTEXT() REPRESENTATION_CONTEXT('2D SPACE',''
  ) );
#9805 = ORIENTED_EDGE('',*,*,#9806,.T.);
#9806 = EDGE_CURVE('',#9784,#9735,#9807,.T.);
#9807 = SURFACE_CURVE('',#9808,(#9812,#9819),.PCURVE_S1.);
#9808 = B_SPLINE_CURVE_WITH_KNOTS('',2,(#9809,#9810,#9811),
  .UNSPECIFIED.,.F.,.F.,(3,3),(0.,1.),.PIECEWISE_BEZIER_KNOTS.);
#9809 = CARTESIAN_POINT('',(5.627001953125,64.047001647949,1.4));
#9810 = CARTESIAN_POINT('',(5.4530078125,63.959999694824,1.4));
#9811 = CARTESIAN_POINT('',(5.26701171875,63.738007507324,1.4));
#9812 = PCURVE('',#3515,#9813);
#9813 = DEFINITIONAL_REPRESENTATION('',(#9814),#9818);
#9814 = LINE('',#9815,#9816);
#9815 = CARTESIAN_POINT('',(0.,-0.4));
#9816 = VECTOR('',#9817,1.);
#9817 = DIRECTION('',(1.,0.));
#9818 = ( GEOMETRIC_REPRESENTATION_CONTEXT(2) 
PARAMETRIC_REPRESENTATION_CONTEXT() REPRESENTATION_CONTEXT('2D SPACE',''
  ) );
#9819 = PCURVE('',#9697,#9820);
#9820 = DEFINITIONAL_REPRESENTATION('',(#9821),#9825);
#9821 = B_SPLINE_CURVE_WITH_KNOTS('',2,(#9822,#9823,#9824),
  .UNSPECIFIED.,.F.,.F.,(3,3),(0.,1.),.PIECEWISE_BEZIER_KNOTS.);
#9822 = CARTESIAN_POINT('',(1.187998046875,2.247001953125));
#9823 = CARTESIAN_POINT('',(1.01400390625,2.16));
#9824 = CARTESIAN_POINT('',(0.8280078125,1.9380078125));
#9825 = ( GEOMETRIC_REPRESENTATION_CONTEXT(2) 
PARAMETRIC_REPRESENTATION_CONTEXT() REPRESENTATION_CONTEXT('2D SPACE',''
  ) );
#9826 = ORIENTED_EDGE('',*,*,#9734,.F.);
#9827 = ORIENTED_EDGE('',*,*,#3499,.F.);
#9828 = ADVANCED_FACE('',(#9829),#3485,.T.);
#9829 = FACE_BOUND('',#9830,.T.);
#9830 = EDGE_LOOP('',(#9831,#9854,#9875,#9876));
#9831 = ORIENTED_EDGE('',*,*,#9832,.T.);
#9832 = EDGE_CURVE('',#3440,#9833,#9835,.T.);
#9833 = VERTEX_POINT('',#9834);
#9834 = CARTESIAN_POINT('',(6.04701171875,64.134003601074,1.4));
#9835 = SURFACE_CURVE('',#9836,(#9840,#9847),.PCURVE_S1.);
#9836 = LINE('',#9837,#9838);
#9837 = CARTESIAN_POINT('',(6.04701171875,64.134003601074,1.));
#9838 = VECTOR('',#9839,1.);
#9839 = DIRECTION('',(0.,0.,1.));
#9840 = PCURVE('',#3485,#9841);
#9841 = DEFINITIONAL_REPRESENTATION('',(#9842),#9846);
#9842 = LINE('',#9843,#9844);
#9843 = CARTESIAN_POINT('',(0.,0.));
#9844 = VECTOR('',#9845,1.);
#9845 = DIRECTION('',(0.,-1.));
#9846 = ( GEOMETRIC_REPRESENTATION_CONTEXT(2) 
PARAMETRIC_REPRESENTATION_CONTEXT() REPRESENTATION_CONTEXT('2D SPACE',''
  ) );
#9847 = PCURVE('',#3455,#9848);
#9848 = DEFINITIONAL_REPRESENTATION('',(#9849),#9853);
#9849 = LINE('',#9850,#9851);
#9850 = CARTESIAN_POINT('',(1.,0.));
#9851 = VECTOR('',#9852,1.);
#9852 = DIRECTION('',(0.,-1.));
#9853 = ( GEOMETRIC_REPRESENTATION_CONTEXT(2) 
PARAMETRIC_REPRESENTATION_CONTEXT() REPRESENTATION_CONTEXT('2D SPACE',''
  ) );
#9854 = ORIENTED_EDGE('',*,*,#9855,.T.);
#9855 = EDGE_CURVE('',#9833,#9784,#9856,.T.);
#9856 = SURFACE_CURVE('',#9857,(#9861,#9868),.PCURVE_S1.);
#9857 = B_SPLINE_CURVE_WITH_KNOTS('',2,(#9858,#9859,#9860),
  .UNSPECIFIED.,.F.,.F.,(3,3),(0.,1.),.PIECEWISE_BEZIER_KNOTS.);
#9858 = CARTESIAN_POINT('',(6.04701171875,64.134003601074,1.4));
#9859 = CARTESIAN_POINT('',(5.80099609375,64.134003601074,1.4));
#9860 = CARTESIAN_POINT('',(5.627001953125,64.047001647949,1.4));
#9861 = PCURVE('',#3485,#9862);
#9862 = DEFINITIONAL_REPRESENTATION('',(#9863),#9867);
#9863 = LINE('',#9864,#9865);
#9864 = CARTESIAN_POINT('',(0.,-0.4));
#9865 = VECTOR('',#9866,1.);
#9866 = DIRECTION('',(1.,0.));
#9867 = ( GEOMETRIC_REPRESENTATION_CONTEXT(2) 
PARAMETRIC_REPRESENTATION_CONTEXT() REPRESENTATION_CONTEXT('2D SPACE',''
  ) );
#9868 = PCURVE('',#9697,#9869);
#9869 = DEFINITIONAL_REPRESENTATION('',(#9870),#9874);
#9870 = B_SPLINE_CURVE_WITH_KNOTS('',2,(#9871,#9872,#9873),
  .UNSPECIFIED.,.F.,.F.,(3,3),(0.,1.),.PIECEWISE_BEZIER_KNOTS.);
#9871 = CARTESIAN_POINT('',(1.6080078125,2.33400390625));
#9872 = CARTESIAN_POINT('',(1.3619921875,2.33400390625));
#9873 = CARTESIAN_POINT('',(1.187998046875,2.247001953125));
#9874 = ( GEOMETRIC_REPRESENTATION_CONTEXT(2) 
PARAMETRIC_REPRESENTATION_CONTEXT() REPRESENTATION_CONTEXT('2D SPACE',''
  ) );
#9875 = ORIENTED_EDGE('',*,*,#9783,.F.);
#9876 = ORIENTED_EDGE('',*,*,#3469,.F.);
#9877 = ADVANCED_FACE('',(#9878),#3455,.T.);
#9878 = FACE_BOUND('',#9879,.T.);
#9879 = EDGE_LOOP('',(#9880,#9903,#9924,#9925));
#9880 = ORIENTED_EDGE('',*,*,#9881,.T.);
#9881 = EDGE_CURVE('',#3410,#9882,#9884,.T.);
#9882 = VERTEX_POINT('',#9883);
#9883 = CARTESIAN_POINT('',(6.725009765625,63.861005554199,1.4));
#9884 = SURFACE_CURVE('',#9885,(#9889,#9896),.PCURVE_S1.);
#9885 = LINE('',#9886,#9887);
#9886 = CARTESIAN_POINT('',(6.725009765625,63.861005554199,1.));
#9887 = VECTOR('',#9888,1.);
#9888 = DIRECTION('',(0.,0.,1.));
#9889 = PCURVE('',#3455,#9890);
#9890 = DEFINITIONAL_REPRESENTATION('',(#9891),#9895);
#9891 = LINE('',#9892,#9893);
#9892 = CARTESIAN_POINT('',(0.,0.));
#9893 = VECTOR('',#9894,1.);
#9894 = DIRECTION('',(0.,-1.));
#9895 = ( GEOMETRIC_REPRESENTATION_CONTEXT(2) 
PARAMETRIC_REPRESENTATION_CONTEXT() REPRESENTATION_CONTEXT('2D SPACE',''
  ) );
#9896 = PCURVE('',#3425,#9897);
#9897 = DEFINITIONAL_REPRESENTATION('',(#9898),#9902);
#9898 = LINE('',#9899,#9900);
#9899 = CARTESIAN_POINT('',(1.,0.));
#9900 = VECTOR('',#9901,1.);
#9901 = DIRECTION('',(0.,-1.));
#9902 = ( GEOMETRIC_REPRESENTATION_CONTEXT(2) 
PARAMETRIC_REPRESENTATION_CONTEXT() REPRESENTATION_CONTEXT('2D SPACE',''
  ) );
#9903 = ORIENTED_EDGE('',*,*,#9904,.T.);
#9904 = EDGE_CURVE('',#9882,#9833,#9905,.T.);
#9905 = SURFACE_CURVE('',#9906,(#9910,#9917),.PCURVE_S1.);
#9906 = B_SPLINE_CURVE_WITH_KNOTS('',2,(#9907,#9908,#9909),
  .UNSPECIFIED.,.F.,.F.,(3,3),(0.,1.),.PIECEWISE_BEZIER_KNOTS.);
#9907 = CARTESIAN_POINT('',(6.725009765625,63.861005554199,1.4));
#9908 = CARTESIAN_POINT('',(6.4730078125,64.134003601074,1.4));
#9909 = CARTESIAN_POINT('',(6.04701171875,64.134003601074,1.4));
#9910 = PCURVE('',#3455,#9911);
#9911 = DEFINITIONAL_REPRESENTATION('',(#9912),#9916);
#9912 = LINE('',#9913,#9914);
#9913 = CARTESIAN_POINT('',(0.,-0.4));
#9914 = VECTOR('',#9915,1.);
#9915 = DIRECTION('',(1.,0.));
#9916 = ( GEOMETRIC_REPRESENTATION_CONTEXT(2) 
PARAMETRIC_REPRESENTATION_CONTEXT() REPRESENTATION_CONTEXT('2D SPACE',''
  ) );
#9917 = PCURVE('',#9697,#9918);
#9918 = DEFINITIONAL_REPRESENTATION('',(#9919),#9923);
#9919 = B_SPLINE_CURVE_WITH_KNOTS('',2,(#9920,#9921,#9922),
  .UNSPECIFIED.,.F.,.F.,(3,3),(0.,1.),.PIECEWISE_BEZIER_KNOTS.);
#9920 = CARTESIAN_POINT('',(2.286005859375,2.061005859375));
#9921 = CARTESIAN_POINT('',(2.03400390625,2.33400390625));
#9922 = CARTESIAN_POINT('',(1.6080078125,2.33400390625));
#9923 = ( GEOMETRIC_REPRESENTATION_CONTEXT(2) 
PARAMETRIC_REPRESENTATION_CONTEXT() REPRESENTATION_CONTEXT('2D SPACE',''
  ) );
#9924 = ORIENTED_EDGE('',*,*,#9832,.F.);
#9925 = ORIENTED_EDGE('',*,*,#3439,.F.);
#9926 = ADVANCED_FACE('',(#9927),#3425,.T.);
#9927 = FACE_BOUND('',#9928,.T.);
#9928 = EDGE_LOOP('',(#9929,#9952,#9973,#9974));
#9929 = ORIENTED_EDGE('',*,*,#9930,.T.);
#9930 = EDGE_CURVE('',#3380,#9931,#9933,.T.);
#9931 = VERTEX_POINT('',#9932);
#9932 = CARTESIAN_POINT('',(6.97701171875,63.114003601074,1.4));
#9933 = SURFACE_CURVE('',#9934,(#9938,#9945),.PCURVE_S1.);
#9934 = LINE('',#9935,#9936);
#9935 = CARTESIAN_POINT('',(6.97701171875,63.114003601074,1.));
#9936 = VECTOR('',#9937,1.);
#9937 = DIRECTION('',(0.,0.,1.));
#9938 = PCURVE('',#3425,#9939);
#9939 = DEFINITIONAL_REPRESENTATION('',(#9940),#9944);
#9940 = LINE('',#9941,#9942);
#9941 = CARTESIAN_POINT('',(0.,0.));
#9942 = VECTOR('',#9943,1.);
#9943 = DIRECTION('',(0.,-1.));
#9944 = ( GEOMETRIC_REPRESENTATION_CONTEXT(2) 
PARAMETRIC_REPRESENTATION_CONTEXT() REPRESENTATION_CONTEXT('2D SPACE',''
  ) );
#9945 = PCURVE('',#3395,#9946);
#9946 = DEFINITIONAL_REPRESENTATION('',(#9947),#9951);
#9947 = LINE('',#9948,#9949);
#9948 = CARTESIAN_POINT('',(1.,0.));
#9949 = VECTOR('',#9950,1.);
#9950 = DIRECTION('',(0.,-1.));
#9951 = ( GEOMETRIC_REPRESENTATION_CONTEXT(2) 
PARAMETRIC_REPRESENTATION_CONTEXT() REPRESENTATION_CONTEXT('2D SPACE',''
  ) );
#9952 = ORIENTED_EDGE('',*,*,#9953,.T.);
#9953 = EDGE_CURVE('',#9931,#9882,#9954,.T.);
#9954 = SURFACE_CURVE('',#9955,(#9959,#9966),.PCURVE_S1.);
#9955 = B_SPLINE_CURVE_WITH_KNOTS('',2,(#9956,#9957,#9958),
  .UNSPECIFIED.,.F.,.F.,(3,3),(0.,1.),.PIECEWISE_BEZIER_KNOTS.);
#9956 = CARTESIAN_POINT('',(6.97701171875,63.114003601074,1.4));
#9957 = CARTESIAN_POINT('',(6.97701171875,63.588007507324,1.4));
#9958 = CARTESIAN_POINT('',(6.725009765625,63.861005554199,1.4));
#9959 = PCURVE('',#3425,#9960);
#9960 = DEFINITIONAL_REPRESENTATION('',(#9961),#9965);
#9961 = LINE('',#9962,#9963);
#9962 = CARTESIAN_POINT('',(0.,-0.4));
#9963 = VECTOR('',#9964,1.);
#9964 = DIRECTION('',(1.,0.));
#9965 = ( GEOMETRIC_REPRESENTATION_CONTEXT(2) 
PARAMETRIC_REPRESENTATION_CONTEXT() REPRESENTATION_CONTEXT('2D SPACE',''
  ) );
#9966 = PCURVE('',#9697,#9967);
#9967 = DEFINITIONAL_REPRESENTATION('',(#9968),#9972);
#9968 = B_SPLINE_CURVE_WITH_KNOTS('',2,(#9969,#9970,#9971),
  .UNSPECIFIED.,.F.,.F.,(3,3),(0.,1.),.PIECEWISE_BEZIER_KNOTS.);
#9969 = CARTESIAN_POINT('',(2.5380078125,1.31400390625));
#9970 = CARTESIAN_POINT('',(2.5380078125,1.7880078125));
#9971 = CARTESIAN_POINT('',(2.286005859375,2.061005859375));
#9972 = ( GEOMETRIC_REPRESENTATION_CONTEXT(2) 
PARAMETRIC_REPRESENTATION_CONTEXT() REPRESENTATION_CONTEXT('2D SPACE',''
  ) );
#9973 = ORIENTED_EDGE('',*,*,#9881,.F.);
#9974 = ORIENTED_EDGE('',*,*,#3409,.F.);
#9975 = ADVANCED_FACE('',(#9976),#3395,.T.);
#9976 = FACE_BOUND('',#9977,.T.);
#9977 = EDGE_LOOP('',(#9978,#10001,#10022,#10023));
#9978 = ORIENTED_EDGE('',*,*,#9979,.T.);
#9979 = EDGE_CURVE('',#3350,#9980,#9982,.T.);
#9980 = VERTEX_POINT('',#9981);
#9981 = CARTESIAN_POINT('',(6.7280078125,62.394003601074,1.4));
#9982 = SURFACE_CURVE('',#9983,(#9987,#9994),.PCURVE_S1.);
#9983 = LINE('',#9984,#9985);
#9984 = CARTESIAN_POINT('',(6.7280078125,62.394003601074,1.));
#9985 = VECTOR('',#9986,1.);
#9986 = DIRECTION('',(0.,0.,1.));
#9987 = PCURVE('',#3395,#9988);
#9988 = DEFINITIONAL_REPRESENTATION('',(#9989),#9993);
#9989 = LINE('',#9990,#9991);
#9990 = CARTESIAN_POINT('',(0.,0.));
#9991 = VECTOR('',#9992,1.);
#9992 = DIRECTION('',(0.,-1.));
#9993 = ( GEOMETRIC_REPRESENTATION_CONTEXT(2) 
PARAMETRIC_REPRESENTATION_CONTEXT() REPRESENTATION_CONTEXT('2D SPACE',''
  ) );
#9994 = PCURVE('',#3365,#9995);
#9995 = DEFINITIONAL_REPRESENTATION('',(#9996),#10000);
#9996 = LINE('',#9997,#9998);
#9997 = CARTESIAN_POINT('',(1.,0.));
#9998 = VECTOR('',#9999,1.);
#9999 = DIRECTION('',(0.,-1.));
#10000 = ( GEOMETRIC_REPRESENTATION_CONTEXT(2) 
PARAMETRIC_REPRESENTATION_CONTEXT() REPRESENTATION_CONTEXT('2D SPACE',''
  ) );
#10001 = ORIENTED_EDGE('',*,*,#10002,.T.);
#10002 = EDGE_CURVE('',#9980,#9931,#10003,.T.);
#10003 = SURFACE_CURVE('',#10004,(#10008,#10015),.PCURVE_S1.);
#10004 = B_SPLINE_CURVE_WITH_KNOTS('',2,(#10005,#10006,#10007),
  .UNSPECIFIED.,.F.,.F.,(3,3),(0.,1.),.PIECEWISE_BEZIER_KNOTS.);
#10005 = CARTESIAN_POINT('',(6.7280078125,62.394003601074,1.4));
#10006 = CARTESIAN_POINT('',(6.97701171875,62.658007507324,1.4));
#10007 = CARTESIAN_POINT('',(6.97701171875,63.114003601074,1.4));
#10008 = PCURVE('',#3395,#10009);
#10009 = DEFINITIONAL_REPRESENTATION('',(#10010),#10014);
#10010 = LINE('',#10011,#10012);
#10011 = CARTESIAN_POINT('',(0.,-0.4));
#10012 = VECTOR('',#10013,1.);
#10013 = DIRECTION('',(1.,0.));
#10014 = ( GEOMETRIC_REPRESENTATION_CONTEXT(2) 
PARAMETRIC_REPRESENTATION_CONTEXT() REPRESENTATION_CONTEXT('2D SPACE',''
  ) );
#10015 = PCURVE('',#9697,#10016);
#10016 = DEFINITIONAL_REPRESENTATION('',(#10017),#10021);
#10017 = B_SPLINE_CURVE_WITH_KNOTS('',2,(#10018,#10019,#10020),
  .UNSPECIFIED.,.F.,.F.,(3,3),(0.,1.),.PIECEWISE_BEZIER_KNOTS.);
#10018 = CARTESIAN_POINT('',(2.28900390625,0.59400390625));
#10019 = CARTESIAN_POINT('',(2.5380078125,0.8580078125));
#10020 = CARTESIAN_POINT('',(2.5380078125,1.31400390625));
#10021 = ( GEOMETRIC_REPRESENTATION_CONTEXT(2) 
PARAMETRIC_REPRESENTATION_CONTEXT() REPRESENTATION_CONTEXT('2D SPACE',''
  ) );
#10022 = ORIENTED_EDGE('',*,*,#9930,.F.);
#10023 = ORIENTED_EDGE('',*,*,#3379,.F.);
#10024 = ADVANCED_FACE('',(#10025),#3365,.T.);
#10025 = FACE_BOUND('',#10026,.T.);
#10026 = EDGE_LOOP('',(#10027,#10050,#10071,#10072));
#10027 = ORIENTED_EDGE('',*,*,#10028,.T.);
#10028 = EDGE_CURVE('',#3320,#10029,#10031,.T.);
#10029 = VERTEX_POINT('',#10030);
#10030 = CARTESIAN_POINT('',(6.04701171875,62.129999694824,1.4));
#10031 = SURFACE_CURVE('',#10032,(#10036,#10043),.PCURVE_S1.);
#10032 = LINE('',#10033,#10034);
#10033 = CARTESIAN_POINT('',(6.04701171875,62.129999694824,1.));
#10034 = VECTOR('',#10035,1.);
#10035 = DIRECTION('',(0.,0.,1.));
#10036 = PCURVE('',#3365,#10037);
#10037 = DEFINITIONAL_REPRESENTATION('',(#10038),#10042);
#10038 = LINE('',#10039,#10040);
#10039 = CARTESIAN_POINT('',(0.,0.));
#10040 = VECTOR('',#10041,1.);
#10041 = DIRECTION('',(0.,-1.));
#10042 = ( GEOMETRIC_REPRESENTATION_CONTEXT(2) 
PARAMETRIC_REPRESENTATION_CONTEXT() REPRESENTATION_CONTEXT('2D SPACE',''
  ) );
#10043 = PCURVE('',#3335,#10044);
#10044 = DEFINITIONAL_REPRESENTATION('',(#10045),#10049);
#10045 = LINE('',#10046,#10047);
#10046 = CARTESIAN_POINT('',(1.,0.));
#10047 = VECTOR('',#10048,1.);
#10048 = DIRECTION('',(0.,-1.));
#10049 = ( GEOMETRIC_REPRESENTATION_CONTEXT(2) 
PARAMETRIC_REPRESENTATION_CONTEXT() REPRESENTATION_CONTEXT('2D SPACE',''
  ) );
#10050 = ORIENTED_EDGE('',*,*,#10051,.T.);
#10051 = EDGE_CURVE('',#10029,#9980,#10052,.T.);
#10052 = SURFACE_CURVE('',#10053,(#10057,#10064),.PCURVE_S1.);
#10053 = B_SPLINE_CURVE_WITH_KNOTS('',2,(#10054,#10055,#10056),
  .UNSPECIFIED.,.F.,.F.,(3,3),(0.,1.),.PIECEWISE_BEZIER_KNOTS.);
#10054 = CARTESIAN_POINT('',(6.04701171875,62.129999694824,1.4));
#10055 = CARTESIAN_POINT('',(6.47900390625,62.129999694824,1.4));
#10056 = CARTESIAN_POINT('',(6.7280078125,62.394003601074,1.4));
#10057 = PCURVE('',#3365,#10058);
#10058 = DEFINITIONAL_REPRESENTATION('',(#10059),#10063);
#10059 = LINE('',#10060,#10061);
#10060 = CARTESIAN_POINT('',(0.,-0.4));
#10061 = VECTOR('',#10062,1.);
#10062 = DIRECTION('',(1.,0.));
#10063 = ( GEOMETRIC_REPRESENTATION_CONTEXT(2) 
PARAMETRIC_REPRESENTATION_CONTEXT() REPRESENTATION_CONTEXT('2D SPACE',''
  ) );
#10064 = PCURVE('',#9697,#10065);
#10065 = DEFINITIONAL_REPRESENTATION('',(#10066),#10070);
#10066 = B_SPLINE_CURVE_WITH_KNOTS('',2,(#10067,#10068,#10069),
  .UNSPECIFIED.,.F.,.F.,(3,3),(0.,1.),.PIECEWISE_BEZIER_KNOTS.);
#10067 = CARTESIAN_POINT('',(1.6080078125,0.33));
#10068 = CARTESIAN_POINT('',(2.04,0.33));
#10069 = CARTESIAN_POINT('',(2.28900390625,0.59400390625));
#10070 = ( GEOMETRIC_REPRESENTATION_CONTEXT(2) 
PARAMETRIC_REPRESENTATION_CONTEXT() REPRESENTATION_CONTEXT('2D SPACE',''
  ) );
#10071 = ORIENTED_EDGE('',*,*,#9979,.F.);
#10072 = ORIENTED_EDGE('',*,*,#3349,.F.);
#10073 = ADVANCED_FACE('',(#10074),#3335,.T.);
#10074 = FACE_BOUND('',#10075,.T.);
#10075 = EDGE_LOOP('',(#10076,#10099,#10120,#10121));
#10076 = ORIENTED_EDGE('',*,*,#10077,.T.);
#10077 = EDGE_CURVE('',#3292,#10078,#10080,.T.);
#10078 = VERTEX_POINT('',#10079);
#10079 = CARTESIAN_POINT('',(5.17701171875,62.844003601074,1.4));
#10080 = SURFACE_CURVE('',#10081,(#10085,#10092),.PCURVE_S1.);
#10081 = LINE('',#10082,#10083);
#10082 = CARTESIAN_POINT('',(5.17701171875,62.844003601074,1.));
#10083 = VECTOR('',#10084,1.);
#10084 = DIRECTION('',(0.,0.,1.));
#10085 = PCURVE('',#3335,#10086);
#10086 = DEFINITIONAL_REPRESENTATION('',(#10087),#10091);
#10087 = LINE('',#10088,#10089);
#10088 = CARTESIAN_POINT('',(0.,0.));
#10089 = VECTOR('',#10090,1.);
#10090 = DIRECTION('',(0.,-1.));
#10091 = ( GEOMETRIC_REPRESENTATION_CONTEXT(2) 
PARAMETRIC_REPRESENTATION_CONTEXT() REPRESENTATION_CONTEXT('2D SPACE',''
  ) );
#10092 = PCURVE('',#3307,#10093);
#10093 = DEFINITIONAL_REPRESENTATION('',(#10094),#10098);
#10094 = LINE('',#10095,#10096);
#10095 = CARTESIAN_POINT('',(0.5280078125,0.));
#10096 = VECTOR('',#10097,1.);
#10097 = DIRECTION('',(0.,-1.));
#10098 = ( GEOMETRIC_REPRESENTATION_CONTEXT(2) 
PARAMETRIC_REPRESENTATION_CONTEXT() REPRESENTATION_CONTEXT('2D SPACE',''
  ) );
#10099 = ORIENTED_EDGE('',*,*,#10100,.T.);
#10100 = EDGE_CURVE('',#10078,#10029,#10101,.T.);
#10101 = SURFACE_CURVE('',#10102,(#10106,#10113),.PCURVE_S1.);
#10102 = B_SPLINE_CURVE_WITH_KNOTS('',2,(#10103,#10104,#10105),
  .UNSPECIFIED.,.F.,.F.,(3,3),(0.,1.),.PIECEWISE_BEZIER_KNOTS.);
#10103 = CARTESIAN_POINT('',(5.17701171875,62.844003601074,1.4));
#10104 = CARTESIAN_POINT('',(5.3630078125,62.129999694824,1.4));
#10105 = CARTESIAN_POINT('',(6.04701171875,62.129999694824,1.4));
#10106 = PCURVE('',#3335,#10107);
#10107 = DEFINITIONAL_REPRESENTATION('',(#10108),#10112);
#10108 = LINE('',#10109,#10110);
#10109 = CARTESIAN_POINT('',(0.,-0.4));
#10110 = VECTOR('',#10111,1.);
#10111 = DIRECTION('',(1.,0.));
#10112 = ( GEOMETRIC_REPRESENTATION_CONTEXT(2) 
PARAMETRIC_REPRESENTATION_CONTEXT() REPRESENTATION_CONTEXT('2D SPACE',''
  ) );
#10113 = PCURVE('',#9697,#10114);
#10114 = DEFINITIONAL_REPRESENTATION('',(#10115),#10119);
#10115 = B_SPLINE_CURVE_WITH_KNOTS('',2,(#10116,#10117,#10118),
  .UNSPECIFIED.,.F.,.F.,(3,3),(0.,1.),.PIECEWISE_BEZIER_KNOTS.);
#10116 = CARTESIAN_POINT('',(0.7380078125,1.04400390625));
#10117 = CARTESIAN_POINT('',(0.92400390625,0.33));
#10118 = CARTESIAN_POINT('',(1.6080078125,0.33));
#10119 = ( GEOMETRIC_REPRESENTATION_CONTEXT(2) 
PARAMETRIC_REPRESENTATION_CONTEXT() REPRESENTATION_CONTEXT('2D SPACE',''
  ) );
#10120 = ORIENTED_EDGE('',*,*,#10028,.F.);
#10121 = ORIENTED_EDGE('',*,*,#3319,.F.);
#10122 = ADVANCED_FACE('',(#10123),#3307,.T.);
#10123 = FACE_BOUND('',#10124,.T.);
#10124 = EDGE_LOOP('',(#10125,#10148,#10169,#10170));
#10125 = ORIENTED_EDGE('',*,*,#10126,.T.);
#10126 = EDGE_CURVE('',#3262,#10127,#10129,.T.);
#10127 = VERTEX_POINT('',#10128);
#10128 = CARTESIAN_POINT('',(4.64900390625,62.844003601074,1.4));
#10129 = SURFACE_CURVE('',#10130,(#10134,#10141),.PCURVE_S1.);
#10130 = LINE('',#10131,#10132);
#10131 = CARTESIAN_POINT('',(4.64900390625,62.844003601074,1.));
#10132 = VECTOR('',#10133,1.);
#10133 = DIRECTION('',(0.,0.,1.));
#10134 = PCURVE('',#3307,#10135);
#10135 = DEFINITIONAL_REPRESENTATION('',(#10136),#10140);
#10136 = LINE('',#10137,#10138);
#10137 = CARTESIAN_POINT('',(0.,0.));
#10138 = VECTOR('',#10139,1.);
#10139 = DIRECTION('',(0.,-1.));
#10140 = ( GEOMETRIC_REPRESENTATION_CONTEXT(2) 
PARAMETRIC_REPRESENTATION_CONTEXT() REPRESENTATION_CONTEXT('2D SPACE',''
  ) );
#10141 = PCURVE('',#3277,#10142);
#10142 = DEFINITIONAL_REPRESENTATION('',(#10143),#10147);
#10143 = LINE('',#10144,#10145);
#10144 = CARTESIAN_POINT('',(1.,0.));
#10145 = VECTOR('',#10146,1.);
#10146 = DIRECTION('',(0.,-1.));
#10147 = ( GEOMETRIC_REPRESENTATION_CONTEXT(2) 
PARAMETRIC_REPRESENTATION_CONTEXT() REPRESENTATION_CONTEXT('2D SPACE',''
  ) );
#10148 = ORIENTED_EDGE('',*,*,#10149,.T.);
#10149 = EDGE_CURVE('',#10127,#10078,#10150,.T.);
#10150 = SURFACE_CURVE('',#10151,(#10155,#10162),.PCURVE_S1.);
#10151 = LINE('',#10152,#10153);
#10152 = CARTESIAN_POINT('',(4.64900390625,62.844003601074,1.4));
#10153 = VECTOR('',#10154,1.);
#10154 = DIRECTION('',(1.,0.,0.));
#10155 = PCURVE('',#3307,#10156);
#10156 = DEFINITIONAL_REPRESENTATION('',(#10157),#10161);
#10157 = LINE('',#10158,#10159);
#10158 = CARTESIAN_POINT('',(0.,-0.4));
#10159 = VECTOR('',#10160,1.);
#10160 = DIRECTION('',(1.,0.));
#10161 = ( GEOMETRIC_REPRESENTATION_CONTEXT(2) 
PARAMETRIC_REPRESENTATION_CONTEXT() REPRESENTATION_CONTEXT('2D SPACE',''
  ) );
#10162 = PCURVE('',#9697,#10163);
#10163 = DEFINITIONAL_REPRESENTATION('',(#10164),#10168);
#10164 = LINE('',#10165,#10166);
#10165 = CARTESIAN_POINT('',(0.21,1.04400390625));
#10166 = VECTOR('',#10167,1.);
#10167 = DIRECTION('',(1.,0.));
#10168 = ( GEOMETRIC_REPRESENTATION_CONTEXT(2) 
PARAMETRIC_REPRESENTATION_CONTEXT() REPRESENTATION_CONTEXT('2D SPACE',''
  ) );
#10169 = ORIENTED_EDGE('',*,*,#10077,.F.);
#10170 = ORIENTED_EDGE('',*,*,#3291,.F.);
#10171 = ADVANCED_FACE('',(#10172),#3277,.T.);
#10172 = FACE_BOUND('',#10173,.T.);
#10173 = EDGE_LOOP('',(#10174,#10197,#10218,#10219));
#10174 = ORIENTED_EDGE('',*,*,#10175,.T.);
#10175 = EDGE_CURVE('',#3232,#10176,#10178,.T.);
#10176 = VERTEX_POINT('',#10177);
#10177 = CARTESIAN_POINT('',(4.67900390625,62.687997741699,1.4));
#10178 = SURFACE_CURVE('',#10179,(#10183,#10190),.PCURVE_S1.);
#10179 = LINE('',#10180,#10181);
#10180 = CARTESIAN_POINT('',(4.67900390625,62.687997741699,1.));
#10181 = VECTOR('',#10182,1.);
#10182 = DIRECTION('',(0.,0.,1.));
#10183 = PCURVE('',#3277,#10184);
#10184 = DEFINITIONAL_REPRESENTATION('',(#10185),#10189);
#10185 = LINE('',#10186,#10187);
#10186 = CARTESIAN_POINT('',(0.,0.));
#10187 = VECTOR('',#10188,1.);
#10188 = DIRECTION('',(0.,-1.));
#10189 = ( GEOMETRIC_REPRESENTATION_CONTEXT(2) 
PARAMETRIC_REPRESENTATION_CONTEXT() REPRESENTATION_CONTEXT('2D SPACE',''
  ) );
#10190 = PCURVE('',#3247,#10191);
#10191 = DEFINITIONAL_REPRESENTATION('',(#10192),#10196);
#10192 = LINE('',#10193,#10194);
#10193 = CARTESIAN_POINT('',(1.,0.));
#10194 = VECTOR('',#10195,1.);
#10195 = DIRECTION('',(0.,-1.));
#10196 = ( GEOMETRIC_REPRESENTATION_CONTEXT(2) 
PARAMETRIC_REPRESENTATION_CONTEXT() REPRESENTATION_CONTEXT('2D SPACE',''
  ) );
#10197 = ORIENTED_EDGE('',*,*,#10198,.T.);
#10198 = EDGE_CURVE('',#10176,#10127,#10199,.T.);
#10199 = SURFACE_CURVE('',#10200,(#10204,#10211),.PCURVE_S1.);
#10200 = B_SPLINE_CURVE_WITH_KNOTS('',2,(#10201,#10202,#10203),
  .UNSPECIFIED.,.F.,.F.,(3,3),(0.,1.),.PIECEWISE_BEZIER_KNOTS.);
#10201 = CARTESIAN_POINT('',(4.67900390625,62.687997741699,1.4));
#10202 = CARTESIAN_POINT('',(4.66701171875,62.741991882324,1.4));
#10203 = CARTESIAN_POINT('',(4.64900390625,62.844003601074,1.4));
#10204 = PCURVE('',#3277,#10205);
#10205 = DEFINITIONAL_REPRESENTATION('',(#10206),#10210);
#10206 = LINE('',#10207,#10208);
#10207 = CARTESIAN_POINT('',(0.,-0.4));
#10208 = VECTOR('',#10209,1.);
#10209 = DIRECTION('',(1.,0.));
#10210 = ( GEOMETRIC_REPRESENTATION_CONTEXT(2) 
PARAMETRIC_REPRESENTATION_CONTEXT() REPRESENTATION_CONTEXT('2D SPACE',''
  ) );
#10211 = PCURVE('',#9697,#10212);
#10212 = DEFINITIONAL_REPRESENTATION('',(#10213),#10217);
#10213 = B_SPLINE_CURVE_WITH_KNOTS('',2,(#10214,#10215,#10216),
  .UNSPECIFIED.,.F.,.F.,(3,3),(0.,1.),.PIECEWISE_BEZIER_KNOTS.);
#10214 = CARTESIAN_POINT('',(0.24,0.887998046875));
#10215 = CARTESIAN_POINT('',(0.2280078125,0.9419921875));
#10216 = CARTESIAN_POINT('',(0.21,1.04400390625));
#10217 = ( GEOMETRIC_REPRESENTATION_CONTEXT(2) 
PARAMETRIC_REPRESENTATION_CONTEXT() REPRESENTATION_CONTEXT('2D SPACE',''
  ) );
#10218 = ORIENTED_EDGE('',*,*,#10126,.F.);
#10219 = ORIENTED_EDGE('',*,*,#3261,.F.);
#10220 = ADVANCED_FACE('',(#10221),#3247,.T.);
#10221 = FACE_BOUND('',#10222,.T.);
#10222 = EDGE_LOOP('',(#10223,#10246,#10267,#10268));
#10223 = ORIENTED_EDGE('',*,*,#10224,.T.);
#10224 = EDGE_CURVE('',#3202,#10225,#10227,.T.);
#10225 = VERTEX_POINT('',#10226);
#10226 = CARTESIAN_POINT('',(4.742001953125,62.492997741699,1.4));
#10227 = SURFACE_CURVE('',#10228,(#10232,#10239),.PCURVE_S1.);
#10228 = LINE('',#10229,#10230);
#10229 = CARTESIAN_POINT('',(4.742001953125,62.492997741699,1.));
#10230 = VECTOR('',#10231,1.);
#10231 = DIRECTION('',(0.,0.,1.));
#10232 = PCURVE('',#3247,#10233);
#10233 = DEFINITIONAL_REPRESENTATION('',(#10234),#10238);
#10234 = LINE('',#10235,#10236);
#10235 = CARTESIAN_POINT('',(0.,0.));
#10236 = VECTOR('',#10237,1.);
#10237 = DIRECTION('',(0.,-1.));
#10238 = ( GEOMETRIC_REPRESENTATION_CONTEXT(2) 
PARAMETRIC_REPRESENTATION_CONTEXT() REPRESENTATION_CONTEXT('2D SPACE',''
  ) );
#10239 = PCURVE('',#3217,#10240);
#10240 = DEFINITIONAL_REPRESENTATION('',(#10241),#10245);
#10241 = LINE('',#10242,#10243);
#10242 = CARTESIAN_POINT('',(1.,0.));
#10243 = VECTOR('',#10244,1.);
#10244 = DIRECTION('',(0.,-1.));
#10245 = ( GEOMETRIC_REPRESENTATION_CONTEXT(2) 
PARAMETRIC_REPRESENTATION_CONTEXT() REPRESENTATION_CONTEXT('2D SPACE',''
  ) );
#10246 = ORIENTED_EDGE('',*,*,#10247,.T.);
#10247 = EDGE_CURVE('',#10225,#10176,#10248,.T.);
#10248 = SURFACE_CURVE('',#10249,(#10253,#10260),.PCURVE_S1.);
#10249 = B_SPLINE_CURVE_WITH_KNOTS('',2,(#10250,#10251,#10252),
  .UNSPECIFIED.,.F.,.F.,(3,3),(0.,1.),.PIECEWISE_BEZIER_KNOTS.);
#10250 = CARTESIAN_POINT('',(4.742001953125,62.492997741699,1.4));
#10251 = CARTESIAN_POINT('',(4.69099609375,62.634003601074,1.4));
#10252 = CARTESIAN_POINT('',(4.67900390625,62.687997741699,1.4));
#10253 = PCURVE('',#3247,#10254);
#10254 = DEFINITIONAL_REPRESENTATION('',(#10255),#10259);
#10255 = LINE('',#10256,#10257);
#10256 = CARTESIAN_POINT('',(0.,-0.4));
#10257 = VECTOR('',#10258,1.);
#10258 = DIRECTION('',(1.,0.));
#10259 = ( GEOMETRIC_REPRESENTATION_CONTEXT(2) 
PARAMETRIC_REPRESENTATION_CONTEXT() REPRESENTATION_CONTEXT('2D SPACE',''
  ) );
#10260 = PCURVE('',#9697,#10261);
#10261 = DEFINITIONAL_REPRESENTATION('',(#10262),#10266);
#10262 = B_SPLINE_CURVE_WITH_KNOTS('',2,(#10263,#10264,#10265),
  .UNSPECIFIED.,.F.,.F.,(3,3),(0.,1.),.PIECEWISE_BEZIER_KNOTS.);
#10263 = CARTESIAN_POINT('',(0.302998046875,0.692998046875));
#10264 = CARTESIAN_POINT('',(0.2519921875,0.83400390625));
#10265 = CARTESIAN_POINT('',(0.24,0.887998046875));
#10266 = ( GEOMETRIC_REPRESENTATION_CONTEXT(2) 
PARAMETRIC_REPRESENTATION_CONTEXT() REPRESENTATION_CONTEXT('2D SPACE',''
  ) );
#10267 = ORIENTED_EDGE('',*,*,#10175,.F.);
#10268 = ORIENTED_EDGE('',*,*,#3231,.F.);
#10269 = ADVANCED_FACE('',(#10270),#3217,.T.);
#10270 = FACE_BOUND('',#10271,.T.);
#10271 = EDGE_LOOP('',(#10272,#10295,#10316,#10317));
#10272 = ORIENTED_EDGE('',*,*,#10273,.T.);
#10273 = EDGE_CURVE('',#3172,#10274,#10276,.T.);
#10274 = VERTEX_POINT('',#10275);
#10275 = CARTESIAN_POINT('',(4.850009765625,62.258993835449,1.4));
#10276 = SURFACE_CURVE('',#10277,(#10281,#10288),.PCURVE_S1.);
#10277 = LINE('',#10278,#10279);
#10278 = CARTESIAN_POINT('',(4.850009765625,62.258993835449,1.));
#10279 = VECTOR('',#10280,1.);
#10280 = DIRECTION('',(0.,0.,1.));
#10281 = PCURVE('',#3217,#10282);
#10282 = DEFINITIONAL_REPRESENTATION('',(#10283),#10287);
#10283 = LINE('',#10284,#10285);
#10284 = CARTESIAN_POINT('',(0.,0.));
#10285 = VECTOR('',#10286,1.);
#10286 = DIRECTION('',(0.,-1.));
#10287 = ( GEOMETRIC_REPRESENTATION_CONTEXT(2) 
PARAMETRIC_REPRESENTATION_CONTEXT() REPRESENTATION_CONTEXT('2D SPACE',''
  ) );
#10288 = PCURVE('',#3187,#10289);
#10289 = DEFINITIONAL_REPRESENTATION('',(#10290),#10294);
#10290 = LINE('',#10291,#10292);
#10291 = CARTESIAN_POINT('',(1.,0.));
#10292 = VECTOR('',#10293,1.);
#10293 = DIRECTION('',(0.,-1.));
#10294 = ( GEOMETRIC_REPRESENTATION_CONTEXT(2) 
PARAMETRIC_REPRESENTATION_CONTEXT() REPRESENTATION_CONTEXT('2D SPACE',''
  ) );
#10295 = ORIENTED_EDGE('',*,*,#10296,.T.);
#10296 = EDGE_CURVE('',#10274,#10225,#10297,.T.);
#10297 = SURFACE_CURVE('',#10298,(#10302,#10309),.PCURVE_S1.);
#10298 = B_SPLINE_CURVE_WITH_KNOTS('',2,(#10299,#10300,#10301),
  .UNSPECIFIED.,.F.,.F.,(3,3),(0.,1.),.PIECEWISE_BEZIER_KNOTS.);
#10299 = CARTESIAN_POINT('',(4.850009765625,62.258993835449,1.4));
#10300 = CARTESIAN_POINT('',(4.7930078125,62.351991882324,1.4));
#10301 = CARTESIAN_POINT('',(4.742001953125,62.492997741699,1.4));
#10302 = PCURVE('',#3217,#10303);
#10303 = DEFINITIONAL_REPRESENTATION('',(#10304),#10308);
#10304 = LINE('',#10305,#10306);
#10305 = CARTESIAN_POINT('',(0.,-0.4));
#10306 = VECTOR('',#10307,1.);
#10307 = DIRECTION('',(1.,0.));
#10308 = ( GEOMETRIC_REPRESENTATION_CONTEXT(2) 
PARAMETRIC_REPRESENTATION_CONTEXT() REPRESENTATION_CONTEXT('2D SPACE',''
  ) );
#10309 = PCURVE('',#9697,#10310);
#10310 = DEFINITIONAL_REPRESENTATION('',(#10311),#10315);
#10311 = B_SPLINE_CURVE_WITH_KNOTS('',2,(#10312,#10313,#10314),
  .UNSPECIFIED.,.F.,.F.,(3,3),(0.,1.),.PIECEWISE_BEZIER_KNOTS.);
#10312 = CARTESIAN_POINT('',(0.411005859375,0.458994140625));
#10313 = CARTESIAN_POINT('',(0.35400390625,0.5519921875));
#10314 = CARTESIAN_POINT('',(0.302998046875,0.692998046875));
#10315 = ( GEOMETRIC_REPRESENTATION_CONTEXT(2) 
PARAMETRIC_REPRESENTATION_CONTEXT() REPRESENTATION_CONTEXT('2D SPACE',''
  ) );
#10316 = ORIENTED_EDGE('',*,*,#10224,.F.);
#10317 = ORIENTED_EDGE('',*,*,#3201,.F.);
#10318 = ADVANCED_FACE('',(#10319),#3187,.T.);
#10319 = FACE_BOUND('',#10320,.T.);
#10320 = EDGE_LOOP('',(#10321,#10344,#10365,#10366));
#10321 = ORIENTED_EDGE('',*,*,#10322,.T.);
#10322 = EDGE_CURVE('',#3142,#10323,#10325,.T.);
#10323 = VERTEX_POINT('',#10324);
#10324 = CARTESIAN_POINT('',(5.0180078125,62.042997741699,1.4));
#10325 = SURFACE_CURVE('',#10326,(#10330,#10337),.PCURVE_S1.);
#10326 = LINE('',#10327,#10328);
#10327 = CARTESIAN_POINT('',(5.0180078125,62.042997741699,1.));
#10328 = VECTOR('',#10329,1.);
#10329 = DIRECTION('',(0.,0.,1.));
#10330 = PCURVE('',#3187,#10331);
#10331 = DEFINITIONAL_REPRESENTATION('',(#10332),#10336);
#10332 = LINE('',#10333,#10334);
#10333 = CARTESIAN_POINT('',(0.,0.));
#10334 = VECTOR('',#10335,1.);
#10335 = DIRECTION('',(0.,-1.));
#10336 = ( GEOMETRIC_REPRESENTATION_CONTEXT(2) 
PARAMETRIC_REPRESENTATION_CONTEXT() REPRESENTATION_CONTEXT('2D SPACE',''
  ) );
#10337 = PCURVE('',#3157,#10338);
#10338 = DEFINITIONAL_REPRESENTATION('',(#10339),#10343);
#10339 = LINE('',#10340,#10341);
#10340 = CARTESIAN_POINT('',(1.,0.));
#10341 = VECTOR('',#10342,1.);
#10342 = DIRECTION('',(0.,-1.));
#10343 = ( GEOMETRIC_REPRESENTATION_CONTEXT(2) 
PARAMETRIC_REPRESENTATION_CONTEXT() REPRESENTATION_CONTEXT('2D SPACE',''
  ) );
#10344 = ORIENTED_EDGE('',*,*,#10345,.T.);
#10345 = EDGE_CURVE('',#10323,#10274,#10346,.T.);
#10346 = SURFACE_CURVE('',#10347,(#10351,#10358),.PCURVE_S1.);
#10347 = B_SPLINE_CURVE_WITH_KNOTS('',2,(#10348,#10349,#10350),
  .UNSPECIFIED.,.F.,.F.,(3,3),(0.,1.),.PIECEWISE_BEZIER_KNOTS.);
#10348 = CARTESIAN_POINT('',(5.0180078125,62.042997741699,1.4));
#10349 = CARTESIAN_POINT('',(4.90701171875,62.165995788574,1.4));
#10350 = CARTESIAN_POINT('',(4.850009765625,62.258993835449,1.4));
#10351 = PCURVE('',#3187,#10352);
#10352 = DEFINITIONAL_REPRESENTATION('',(#10353),#10357);
#10353 = LINE('',#10354,#10355);
#10354 = CARTESIAN_POINT('',(0.,-0.4));
#10355 = VECTOR('',#10356,1.);
#10356 = DIRECTION('',(1.,0.));
#10357 = ( GEOMETRIC_REPRESENTATION_CONTEXT(2) 
PARAMETRIC_REPRESENTATION_CONTEXT() REPRESENTATION_CONTEXT('2D SPACE',''
  ) );
#10358 = PCURVE('',#9697,#10359);
#10359 = DEFINITIONAL_REPRESENTATION('',(#10360),#10364);
#10360 = B_SPLINE_CURVE_WITH_KNOTS('',2,(#10361,#10362,#10363),
  .UNSPECIFIED.,.F.,.F.,(3,3),(0.,1.),.PIECEWISE_BEZIER_KNOTS.);
#10361 = CARTESIAN_POINT('',(0.57900390625,0.242998046875));
#10362 = CARTESIAN_POINT('',(0.4680078125,0.36599609375));
#10363 = CARTESIAN_POINT('',(0.411005859375,0.458994140625));
#10364 = ( GEOMETRIC_REPRESENTATION_CONTEXT(2) 
PARAMETRIC_REPRESENTATION_CONTEXT() REPRESENTATION_CONTEXT('2D SPACE',''
  ) );
#10365 = ORIENTED_EDGE('',*,*,#10273,.F.);
#10366 = ORIENTED_EDGE('',*,*,#3171,.F.);
#10367 = ADVANCED_FACE('',(#10368),#3157,.T.);
#10368 = FACE_BOUND('',#10369,.T.);
#10369 = EDGE_LOOP('',(#10370,#10393,#10414,#10415));
#10370 = ORIENTED_EDGE('',*,*,#10371,.T.);
#10371 = EDGE_CURVE('',#3112,#10372,#10374,.T.);
#10372 = VERTEX_POINT('',#10373);
#10373 = CARTESIAN_POINT('',(5.26400390625,61.844999694824,1.4));
#10374 = SURFACE_CURVE('',#10375,(#10379,#10386),.PCURVE_S1.);
#10375 = LINE('',#10376,#10377);
#10376 = CARTESIAN_POINT('',(5.26400390625,61.844999694824,1.));
#10377 = VECTOR('',#10378,1.);
#10378 = DIRECTION('',(0.,0.,1.));
#10379 = PCURVE('',#3157,#10380);
#10380 = DEFINITIONAL_REPRESENTATION('',(#10381),#10385);
#10381 = LINE('',#10382,#10383);
#10382 = CARTESIAN_POINT('',(0.,0.));
#10383 = VECTOR('',#10384,1.);
#10384 = DIRECTION('',(0.,-1.));
#10385 = ( GEOMETRIC_REPRESENTATION_CONTEXT(2) 
PARAMETRIC_REPRESENTATION_CONTEXT() REPRESENTATION_CONTEXT('2D SPACE',''
  ) );
#10386 = PCURVE('',#3127,#10387);
#10387 = DEFINITIONAL_REPRESENTATION('',(#10388),#10392);
#10388 = LINE('',#10389,#10390);
#10389 = CARTESIAN_POINT('',(1.,0.));
#10390 = VECTOR('',#10391,1.);
#10391 = DIRECTION('',(0.,-1.));
#10392 = ( GEOMETRIC_REPRESENTATION_CONTEXT(2) 
PARAMETRIC_REPRESENTATION_CONTEXT() REPRESENTATION_CONTEXT('2D SPACE',''
  ) );
#10393 = ORIENTED_EDGE('',*,*,#10394,.T.);
#10394 = EDGE_CURVE('',#10372,#10323,#10395,.T.);
#10395 = SURFACE_CURVE('',#10396,(#10400,#10407),.PCURVE_S1.);
#10396 = B_SPLINE_CURVE_WITH_KNOTS('',2,(#10397,#10398,#10399),
  .UNSPECIFIED.,.F.,.F.,(3,3),(0.,1.),.PIECEWISE_BEZIER_KNOTS.);
#10397 = CARTESIAN_POINT('',(5.26400390625,61.844999694824,1.4));
#10398 = CARTESIAN_POINT('',(5.12900390625,61.919999694824,1.4));
#10399 = CARTESIAN_POINT('',(5.0180078125,62.042997741699,1.4));
#10400 = PCURVE('',#3157,#10401);
#10401 = DEFINITIONAL_REPRESENTATION('',(#10402),#10406);
#10402 = LINE('',#10403,#10404);
#10403 = CARTESIAN_POINT('',(0.,-0.4));
#10404 = VECTOR('',#10405,1.);
#10405 = DIRECTION('',(1.,0.));
#10406 = ( GEOMETRIC_REPRESENTATION_CONTEXT(2) 
PARAMETRIC_REPRESENTATION_CONTEXT() REPRESENTATION_CONTEXT('2D SPACE',''
  ) );
#10407 = PCURVE('',#9697,#10408);
#10408 = DEFINITIONAL_REPRESENTATION('',(#10409),#10413);
#10409 = B_SPLINE_CURVE_WITH_KNOTS('',2,(#10410,#10411,#10412),
  .UNSPECIFIED.,.F.,.F.,(3,3),(0.,1.),.PIECEWISE_BEZIER_KNOTS.);
#10410 = CARTESIAN_POINT('',(0.825,4.5E-02));
#10411 = CARTESIAN_POINT('',(0.69,0.12));
#10412 = CARTESIAN_POINT('',(0.57900390625,0.242998046875));
#10413 = ( GEOMETRIC_REPRESENTATION_CONTEXT(2) 
PARAMETRIC_REPRESENTATION_CONTEXT() REPRESENTATION_CONTEXT('2D SPACE',''
  ) );
#10414 = ORIENTED_EDGE('',*,*,#10322,.F.);
#10415 = ORIENTED_EDGE('',*,*,#3141,.F.);
#10416 = ADVANCED_FACE('',(#10417),#3127,.T.);
#10417 = FACE_BOUND('',#10418,.T.);
#10418 = EDGE_LOOP('',(#10419,#10442,#10463,#10464));
#10419 = ORIENTED_EDGE('',*,*,#10420,.T.);
#10420 = EDGE_CURVE('',#3082,#10421,#10423,.T.);
#10421 = VERTEX_POINT('',#10422);
#10422 = CARTESIAN_POINT('',(5.606005859375,61.715995788574,1.4));
#10423 = SURFACE_CURVE('',#10424,(#10428,#10435),.PCURVE_S1.);
#10424 = LINE('',#10425,#10426);
#10425 = CARTESIAN_POINT('',(5.606005859375,61.715995788574,1.));
#10426 = VECTOR('',#10427,1.);
#10427 = DIRECTION('',(0.,0.,1.));
#10428 = PCURVE('',#3127,#10429);
#10429 = DEFINITIONAL_REPRESENTATION('',(#10430),#10434);
#10430 = LINE('',#10431,#10432);
#10431 = CARTESIAN_POINT('',(0.,0.));
#10432 = VECTOR('',#10433,1.);
#10433 = DIRECTION('',(0.,-1.));
#10434 = ( GEOMETRIC_REPRESENTATION_CONTEXT(2) 
PARAMETRIC_REPRESENTATION_CONTEXT() REPRESENTATION_CONTEXT('2D SPACE',''
  ) );
#10435 = PCURVE('',#3097,#10436);
#10436 = DEFINITIONAL_REPRESENTATION('',(#10437),#10441);
#10437 = LINE('',#10438,#10439);
#10438 = CARTESIAN_POINT('',(1.,0.));
#10439 = VECTOR('',#10440,1.);
#10440 = DIRECTION('',(0.,-1.));
#10441 = ( GEOMETRIC_REPRESENTATION_CONTEXT(2) 
PARAMETRIC_REPRESENTATION_CONTEXT() REPRESENTATION_CONTEXT('2D SPACE',''
  ) );
#10442 = ORIENTED_EDGE('',*,*,#10443,.T.);
#10443 = EDGE_CURVE('',#10421,#10372,#10444,.T.);
#10444 = SURFACE_CURVE('',#10445,(#10449,#10456),.PCURVE_S1.);
#10445 = B_SPLINE_CURVE_WITH_KNOTS('',2,(#10446,#10447,#10448),
  .UNSPECIFIED.,.F.,.F.,(3,3),(0.,1.),.PIECEWISE_BEZIER_KNOTS.);
#10446 = CARTESIAN_POINT('',(5.606005859375,61.715995788574,1.4));
#10447 = CARTESIAN_POINT('',(5.39900390625,61.769999694824,1.4));
#10448 = CARTESIAN_POINT('',(5.26400390625,61.844999694824,1.4));
#10449 = PCURVE('',#3127,#10450);
#10450 = DEFINITIONAL_REPRESENTATION('',(#10451),#10455);
#10451 = LINE('',#10452,#10453);
#10452 = CARTESIAN_POINT('',(0.,-0.4));
#10453 = VECTOR('',#10454,1.);
#10454 = DIRECTION('',(1.,0.));
#10455 = ( GEOMETRIC_REPRESENTATION_CONTEXT(2) 
PARAMETRIC_REPRESENTATION_CONTEXT() REPRESENTATION_CONTEXT('2D SPACE',''
  ) );
#10456 = PCURVE('',#9697,#10457);
#10457 = DEFINITIONAL_REPRESENTATION('',(#10458),#10462);
#10458 = B_SPLINE_CURVE_WITH_KNOTS('',2,(#10459,#10460,#10461),
  .UNSPECIFIED.,.F.,.F.,(3,3),(0.,1.),.PIECEWISE_BEZIER_KNOTS.);
#10459 = CARTESIAN_POINT('',(1.167001953125,-8.400390625E-02));
#10460 = CARTESIAN_POINT('',(0.96,-3.E-02));
#10461 = CARTESIAN_POINT('',(0.825,4.5E-02));
#10462 = ( GEOMETRIC_REPRESENTATION_CONTEXT(2) 
PARAMETRIC_REPRESENTATION_CONTEXT() REPRESENTATION_CONTEXT('2D SPACE',''
  ) );
#10463 = ORIENTED_EDGE('',*,*,#10371,.F.);
#10464 = ORIENTED_EDGE('',*,*,#3111,.F.);
#10465 = ADVANCED_FACE('',(#10466),#3097,.T.);
#10466 = FACE_BOUND('',#10467,.T.);
#10467 = EDGE_LOOP('',(#10468,#10491,#10512,#10513));
#10468 = ORIENTED_EDGE('',*,*,#10469,.T.);
#10469 = EDGE_CURVE('',#3052,#10470,#10472,.T.);
#10470 = VERTEX_POINT('',#10471);
#10471 = CARTESIAN_POINT('',(6.05900390625,61.661991882324,1.4));
#10472 = SURFACE_CURVE('',#10473,(#10477,#10484),.PCURVE_S1.);
#10473 = LINE('',#10474,#10475);
#10474 = CARTESIAN_POINT('',(6.05900390625,61.661991882324,1.));
#10475 = VECTOR('',#10476,1.);
#10476 = DIRECTION('',(0.,0.,1.));
#10477 = PCURVE('',#3097,#10478);
#10478 = DEFINITIONAL_REPRESENTATION('',(#10479),#10483);
#10479 = LINE('',#10480,#10481);
#10480 = CARTESIAN_POINT('',(0.,0.));
#10481 = VECTOR('',#10482,1.);
#10482 = DIRECTION('',(0.,-1.));
#10483 = ( GEOMETRIC_REPRESENTATION_CONTEXT(2) 
PARAMETRIC_REPRESENTATION_CONTEXT() REPRESENTATION_CONTEXT('2D SPACE',''
  ) );
#10484 = PCURVE('',#3067,#10485);
#10485 = DEFINITIONAL_REPRESENTATION('',(#10486),#10490);
#10486 = LINE('',#10487,#10488);
#10487 = CARTESIAN_POINT('',(1.,0.));
#10488 = VECTOR('',#10489,1.);
#10489 = DIRECTION('',(0.,-1.));
#10490 = ( GEOMETRIC_REPRESENTATION_CONTEXT(2) 
PARAMETRIC_REPRESENTATION_CONTEXT() REPRESENTATION_CONTEXT('2D SPACE',''
  ) );
#10491 = ORIENTED_EDGE('',*,*,#10492,.T.);
#10492 = EDGE_CURVE('',#10470,#10421,#10493,.T.);
#10493 = SURFACE_CURVE('',#10494,(#10498,#10505),.PCURVE_S1.);
#10494 = B_SPLINE_CURVE_WITH_KNOTS('',2,(#10495,#10496,#10497),
  .UNSPECIFIED.,.F.,.F.,(3,3),(0.,1.),.PIECEWISE_BEZIER_KNOTS.);
#10495 = CARTESIAN_POINT('',(6.05900390625,61.661991882324,1.4));
#10496 = CARTESIAN_POINT('',(5.8130078125,61.661991882324,1.4));
#10497 = CARTESIAN_POINT('',(5.606005859375,61.715995788574,1.4));
#10498 = PCURVE('',#3097,#10499);
#10499 = DEFINITIONAL_REPRESENTATION('',(#10500),#10504);
#10500 = LINE('',#10501,#10502);
#10501 = CARTESIAN_POINT('',(0.,-0.4));
#10502 = VECTOR('',#10503,1.);
#10503 = DIRECTION('',(1.,0.));
#10504 = ( GEOMETRIC_REPRESENTATION_CONTEXT(2) 
PARAMETRIC_REPRESENTATION_CONTEXT() REPRESENTATION_CONTEXT('2D SPACE',''
  ) );
#10505 = PCURVE('',#9697,#10506);
#10506 = DEFINITIONAL_REPRESENTATION('',(#10507),#10511);
#10507 = B_SPLINE_CURVE_WITH_KNOTS('',2,(#10508,#10509,#10510),
  .UNSPECIFIED.,.F.,.F.,(3,3),(0.,1.),.PIECEWISE_BEZIER_KNOTS.);
#10508 = CARTESIAN_POINT('',(1.62,-0.1380078125));
#10509 = CARTESIAN_POINT('',(1.37400390625,-0.1380078125));
#10510 = CARTESIAN_POINT('',(1.167001953125,-8.400390625E-02));
#10511 = ( GEOMETRIC_REPRESENTATION_CONTEXT(2) 
PARAMETRIC_REPRESENTATION_CONTEXT() REPRESENTATION_CONTEXT('2D SPACE',''
  ) );
#10512 = ORIENTED_EDGE('',*,*,#10420,.F.);
#10513 = ORIENTED_EDGE('',*,*,#3081,.F.);
#10514 = ADVANCED_FACE('',(#10515),#3067,.T.);
#10515 = FACE_BOUND('',#10516,.T.);
#10516 = EDGE_LOOP('',(#10517,#10540,#10561,#10562));
#10517 = ORIENTED_EDGE('',*,*,#10518,.T.);
#10518 = EDGE_CURVE('',#3022,#10519,#10521,.T.);
#10519 = VERTEX_POINT('',#10520);
#10520 = CARTESIAN_POINT('',(7.10900390625,62.087997741699,1.4));
#10521 = SURFACE_CURVE('',#10522,(#10526,#10533),.PCURVE_S1.);
#10522 = LINE('',#10523,#10524);
#10523 = CARTESIAN_POINT('',(7.10900390625,62.087997741699,1.));
#10524 = VECTOR('',#10525,1.);
#10525 = DIRECTION('',(0.,0.,1.));
#10526 = PCURVE('',#3067,#10527);
#10527 = DEFINITIONAL_REPRESENTATION('',(#10528),#10532);
#10528 = LINE('',#10529,#10530);
#10529 = CARTESIAN_POINT('',(0.,0.));
#10530 = VECTOR('',#10531,1.);
#10531 = DIRECTION('',(0.,-1.));
#10532 = ( GEOMETRIC_REPRESENTATION_CONTEXT(2) 
PARAMETRIC_REPRESENTATION_CONTEXT() REPRESENTATION_CONTEXT('2D SPACE',''
  ) );
#10533 = PCURVE('',#3037,#10534);
#10534 = DEFINITIONAL_REPRESENTATION('',(#10535),#10539);
#10535 = LINE('',#10536,#10537);
#10536 = CARTESIAN_POINT('',(1.,0.));
#10537 = VECTOR('',#10538,1.);
#10538 = DIRECTION('',(0.,-1.));
#10539 = ( GEOMETRIC_REPRESENTATION_CONTEXT(2) 
PARAMETRIC_REPRESENTATION_CONTEXT() REPRESENTATION_CONTEXT('2D SPACE',''
  ) );
#10540 = ORIENTED_EDGE('',*,*,#10541,.T.);
#10541 = EDGE_CURVE('',#10519,#10470,#10542,.T.);
#10542 = SURFACE_CURVE('',#10543,(#10547,#10554),.PCURVE_S1.);
#10543 = B_SPLINE_CURVE_WITH_KNOTS('',2,(#10544,#10545,#10546),
  .UNSPECIFIED.,.F.,.F.,(3,3),(0.,1.),.PIECEWISE_BEZIER_KNOTS.);
#10544 = CARTESIAN_POINT('',(7.10900390625,62.087997741699,1.4));
#10545 = CARTESIAN_POINT('',(6.70099609375,61.661991882324,1.4));
#10546 = CARTESIAN_POINT('',(6.05900390625,61.661991882324,1.4));
#10547 = PCURVE('',#3067,#10548);
#10548 = DEFINITIONAL_REPRESENTATION('',(#10549),#10553);
#10549 = LINE('',#10550,#10551);
#10550 = CARTESIAN_POINT('',(0.,-0.4));
#10551 = VECTOR('',#10552,1.);
#10552 = DIRECTION('',(1.,0.));
#10553 = ( GEOMETRIC_REPRESENTATION_CONTEXT(2) 
PARAMETRIC_REPRESENTATION_CONTEXT() REPRESENTATION_CONTEXT('2D SPACE',''
  ) );
#10554 = PCURVE('',#9697,#10555);
#10555 = DEFINITIONAL_REPRESENTATION('',(#10556),#10560);
#10556 = B_SPLINE_CURVE_WITH_KNOTS('',2,(#10557,#10558,#10559),
  .UNSPECIFIED.,.F.,.F.,(3,3),(0.,1.),.PIECEWISE_BEZIER_KNOTS.);
#10557 = CARTESIAN_POINT('',(2.67,0.287998046875));
#10558 = CARTESIAN_POINT('',(2.2619921875,-0.1380078125));
#10559 = CARTESIAN_POINT('',(1.62,-0.1380078125));
#10560 = ( GEOMETRIC_REPRESENTATION_CONTEXT(2) 
PARAMETRIC_REPRESENTATION_CONTEXT() REPRESENTATION_CONTEXT('2D SPACE',''
  ) );
#10561 = ORIENTED_EDGE('',*,*,#10469,.F.);
#10562 = ORIENTED_EDGE('',*,*,#3051,.F.);
#10563 = ADVANCED_FACE('',(#10564),#3037,.T.);
#10564 = FACE_BOUND('',#10565,.T.);
#10565 = EDGE_LOOP('',(#10566,#10589,#10610,#10611));
#10566 = ORIENTED_EDGE('',*,*,#10567,.T.);
#10567 = EDGE_CURVE('',#2992,#10568,#10570,.T.);
#10568 = VERTEX_POINT('',#10569);
#10569 = CARTESIAN_POINT('',(7.51701171875,63.185995788574,1.4));
#10570 = SURFACE_CURVE('',#10571,(#10575,#10582),.PCURVE_S1.);
#10571 = LINE('',#10572,#10573);
#10572 = CARTESIAN_POINT('',(7.51701171875,63.185995788574,1.));
#10573 = VECTOR('',#10574,1.);
#10574 = DIRECTION('',(0.,0.,1.));
#10575 = PCURVE('',#3037,#10576);
#10576 = DEFINITIONAL_REPRESENTATION('',(#10577),#10581);
#10577 = LINE('',#10578,#10579);
#10578 = CARTESIAN_POINT('',(0.,0.));
#10579 = VECTOR('',#10580,1.);
#10580 = DIRECTION('',(0.,-1.));
#10581 = ( GEOMETRIC_REPRESENTATION_CONTEXT(2) 
PARAMETRIC_REPRESENTATION_CONTEXT() REPRESENTATION_CONTEXT('2D SPACE',''
  ) );
#10582 = PCURVE('',#3007,#10583);
#10583 = DEFINITIONAL_REPRESENTATION('',(#10584),#10588);
#10584 = LINE('',#10585,#10586);
#10585 = CARTESIAN_POINT('',(1.,0.));
#10586 = VECTOR('',#10587,1.);
#10587 = DIRECTION('',(0.,-1.));
#10588 = ( GEOMETRIC_REPRESENTATION_CONTEXT(2) 
PARAMETRIC_REPRESENTATION_CONTEXT() REPRESENTATION_CONTEXT('2D SPACE',''
  ) );
#10589 = ORIENTED_EDGE('',*,*,#10590,.T.);
#10590 = EDGE_CURVE('',#10568,#10519,#10591,.T.);
#10591 = SURFACE_CURVE('',#10592,(#10596,#10603),.PCURVE_S1.);
#10592 = B_SPLINE_CURVE_WITH_KNOTS('',2,(#10593,#10594,#10595),
  .UNSPECIFIED.,.F.,.F.,(3,3),(0.,1.),.PIECEWISE_BEZIER_KNOTS.);
#10593 = CARTESIAN_POINT('',(7.51701171875,63.185995788574,1.4));
#10594 = CARTESIAN_POINT('',(7.51701171875,62.514003601074,1.4));
#10595 = CARTESIAN_POINT('',(7.10900390625,62.087997741699,1.4));
#10596 = PCURVE('',#3037,#10597);
#10597 = DEFINITIONAL_REPRESENTATION('',(#10598),#10602);
#10598 = LINE('',#10599,#10600);
#10599 = CARTESIAN_POINT('',(0.,-0.4));
#10600 = VECTOR('',#10601,1.);
#10601 = DIRECTION('',(1.,0.));
#10602 = ( GEOMETRIC_REPRESENTATION_CONTEXT(2) 
PARAMETRIC_REPRESENTATION_CONTEXT() REPRESENTATION_CONTEXT('2D SPACE',''
  ) );
#10603 = PCURVE('',#9697,#10604);
#10604 = DEFINITIONAL_REPRESENTATION('',(#10605),#10609);
#10605 = B_SPLINE_CURVE_WITH_KNOTS('',2,(#10606,#10607,#10608),
  .UNSPECIFIED.,.F.,.F.,(3,3),(0.,1.),.PIECEWISE_BEZIER_KNOTS.);
#10606 = CARTESIAN_POINT('',(3.0780078125,1.38599609375));
#10607 = CARTESIAN_POINT('',(3.0780078125,0.71400390625));
#10608 = CARTESIAN_POINT('',(2.67,0.287998046875));
#10609 = ( GEOMETRIC_REPRESENTATION_CONTEXT(2) 
PARAMETRIC_REPRESENTATION_CONTEXT() REPRESENTATION_CONTEXT('2D SPACE',''
  ) );
#10610 = ORIENTED_EDGE('',*,*,#10518,.F.);
#10611 = ORIENTED_EDGE('',*,*,#3021,.F.);
#10612 = ADVANCED_FACE('',(#10613),#3007,.T.);
#10613 = FACE_BOUND('',#10614,.T.);
#10614 = EDGE_LOOP('',(#10615,#10638,#10659,#10660));
#10615 = ORIENTED_EDGE('',*,*,#10616,.T.);
#10616 = EDGE_CURVE('',#2962,#10617,#10619,.T.);
#10617 = VERTEX_POINT('',#10618);
#10618 = CARTESIAN_POINT('',(7.136005859375,64.208993835449,1.4));
#10619 = SURFACE_CURVE('',#10620,(#10624,#10631),.PCURVE_S1.);
#10620 = LINE('',#10621,#10622);
#10621 = CARTESIAN_POINT('',(7.136005859375,64.208993835449,1.));
#10622 = VECTOR('',#10623,1.);
#10623 = DIRECTION('',(0.,0.,1.));
#10624 = PCURVE('',#3007,#10625);
#10625 = DEFINITIONAL_REPRESENTATION('',(#10626),#10630);
#10626 = LINE('',#10627,#10628);
#10627 = CARTESIAN_POINT('',(0.,0.));
#10628 = VECTOR('',#10629,1.);
#10629 = DIRECTION('',(0.,-1.));
#10630 = ( GEOMETRIC_REPRESENTATION_CONTEXT(2) 
PARAMETRIC_REPRESENTATION_CONTEXT() REPRESENTATION_CONTEXT('2D SPACE',''
  ) );
#10631 = PCURVE('',#2977,#10632);
#10632 = DEFINITIONAL_REPRESENTATION('',(#10633),#10637);
#10633 = LINE('',#10634,#10635);
#10634 = CARTESIAN_POINT('',(1.,0.));
#10635 = VECTOR('',#10636,1.);
#10636 = DIRECTION('',(0.,-1.));
#10637 = ( GEOMETRIC_REPRESENTATION_CONTEXT(2) 
PARAMETRIC_REPRESENTATION_CONTEXT() REPRESENTATION_CONTEXT('2D SPACE',''
  ) );
#10638 = ORIENTED_EDGE('',*,*,#10639,.T.);
#10639 = EDGE_CURVE('',#10617,#10568,#10640,.T.);
#10640 = SURFACE_CURVE('',#10641,(#10645,#10652),.PCURVE_S1.);
#10641 = B_SPLINE_CURVE_WITH_KNOTS('',2,(#10642,#10643,#10644),
  .UNSPECIFIED.,.F.,.F.,(3,3),(0.,1.),.PIECEWISE_BEZIER_KNOTS.);
#10642 = CARTESIAN_POINT('',(7.136005859375,64.208993835449,1.4));
#10643 = CARTESIAN_POINT('',(7.51701171875,63.815995788574,1.4));
#10644 = CARTESIAN_POINT('',(7.51701171875,63.185995788574,1.4));
#10645 = PCURVE('',#3007,#10646);
#10646 = DEFINITIONAL_REPRESENTATION('',(#10647),#10651);
#10647 = LINE('',#10648,#10649);
#10648 = CARTESIAN_POINT('',(0.,-0.4));
#10649 = VECTOR('',#10650,1.);
#10650 = DIRECTION('',(1.,0.));
#10651 = ( GEOMETRIC_REPRESENTATION_CONTEXT(2) 
PARAMETRIC_REPRESENTATION_CONTEXT() REPRESENTATION_CONTEXT('2D SPACE',''
  ) );
#10652 = PCURVE('',#9697,#10653);
#10653 = DEFINITIONAL_REPRESENTATION('',(#10654),#10658);
#10654 = B_SPLINE_CURVE_WITH_KNOTS('',2,(#10655,#10656,#10657),
  .UNSPECIFIED.,.F.,.F.,(3,3),(0.,1.),.PIECEWISE_BEZIER_KNOTS.);
#10655 = CARTESIAN_POINT('',(2.697001953125,2.408994140625));
#10656 = CARTESIAN_POINT('',(3.0780078125,2.01599609375));
#10657 = CARTESIAN_POINT('',(3.0780078125,1.38599609375));
#10658 = ( GEOMETRIC_REPRESENTATION_CONTEXT(2) 
PARAMETRIC_REPRESENTATION_CONTEXT() REPRESENTATION_CONTEXT('2D SPACE',''
  ) );
#10659 = ORIENTED_EDGE('',*,*,#10567,.F.);
#10660 = ORIENTED_EDGE('',*,*,#2991,.F.);
#10661 = ADVANCED_FACE('',(#10662),#2977,.T.);
#10662 = FACE_BOUND('',#10663,.T.);
#10663 = EDGE_LOOP('',(#10664,#10687,#10708,#10709));
#10664 = ORIENTED_EDGE('',*,*,#10665,.T.);
#10665 = EDGE_CURVE('',#2932,#10666,#10668,.T.);
#10666 = VERTEX_POINT('',#10667);
#10667 = CARTESIAN_POINT('',(6.1430078125,64.601991882324,1.4));
#10668 = SURFACE_CURVE('',#10669,(#10673,#10680),.PCURVE_S1.);
#10669 = LINE('',#10670,#10671);
#10670 = CARTESIAN_POINT('',(6.1430078125,64.601991882324,1.));
#10671 = VECTOR('',#10672,1.);
#10672 = DIRECTION('',(0.,0.,1.));
#10673 = PCURVE('',#2977,#10674);
#10674 = DEFINITIONAL_REPRESENTATION('',(#10675),#10679);
#10675 = LINE('',#10676,#10677);
#10676 = CARTESIAN_POINT('',(0.,0.));
#10677 = VECTOR('',#10678,1.);
#10678 = DIRECTION('',(0.,-1.));
#10679 = ( GEOMETRIC_REPRESENTATION_CONTEXT(2) 
PARAMETRIC_REPRESENTATION_CONTEXT() REPRESENTATION_CONTEXT('2D SPACE',''
  ) );
#10680 = PCURVE('',#2947,#10681);
#10681 = DEFINITIONAL_REPRESENTATION('',(#10682),#10686);
#10682 = LINE('',#10683,#10684);
#10683 = CARTESIAN_POINT('',(1.,0.));
#10684 = VECTOR('',#10685,1.);
#10685 = DIRECTION('',(0.,-1.));
#10686 = ( GEOMETRIC_REPRESENTATION_CONTEXT(2) 
PARAMETRIC_REPRESENTATION_CONTEXT() REPRESENTATION_CONTEXT('2D SPACE',''
  ) );
#10687 = ORIENTED_EDGE('',*,*,#10688,.T.);
#10688 = EDGE_CURVE('',#10666,#10617,#10689,.T.);
#10689 = SURFACE_CURVE('',#10690,(#10694,#10701),.PCURVE_S1.);
#10690 = B_SPLINE_CURVE_WITH_KNOTS('',2,(#10691,#10692,#10693),
  .UNSPECIFIED.,.F.,.F.,(3,3),(0.,1.),.PIECEWISE_BEZIER_KNOTS.);
#10691 = CARTESIAN_POINT('',(6.1430078125,64.601991882324,1.4));
#10692 = CARTESIAN_POINT('',(6.755,64.601991882324,1.4));
#10693 = CARTESIAN_POINT('',(7.136005859375,64.208993835449,1.4));
#10694 = PCURVE('',#2977,#10695);
#10695 = DEFINITIONAL_REPRESENTATION('',(#10696),#10700);
#10696 = LINE('',#10697,#10698);
#10697 = CARTESIAN_POINT('',(0.,-0.4));
#10698 = VECTOR('',#10699,1.);
#10699 = DIRECTION('',(1.,0.));
#10700 = ( GEOMETRIC_REPRESENTATION_CONTEXT(2) 
PARAMETRIC_REPRESENTATION_CONTEXT() REPRESENTATION_CONTEXT('2D SPACE',''
  ) );
#10701 = PCURVE('',#9697,#10702);
#10702 = DEFINITIONAL_REPRESENTATION('',(#10703),#10707);
#10703 = B_SPLINE_CURVE_WITH_KNOTS('',2,(#10704,#10705,#10706),
  .UNSPECIFIED.,.F.,.F.,(3,3),(0.,1.),.PIECEWISE_BEZIER_KNOTS.);
#10704 = CARTESIAN_POINT('',(1.70400390625,2.8019921875));
#10705 = CARTESIAN_POINT('',(2.31599609375,2.8019921875));
#10706 = CARTESIAN_POINT('',(2.697001953125,2.408994140625));
#10707 = ( GEOMETRIC_REPRESENTATION_CONTEXT(2) 
PARAMETRIC_REPRESENTATION_CONTEXT() REPRESENTATION_CONTEXT('2D SPACE',''
  ) );
#10708 = ORIENTED_EDGE('',*,*,#10616,.F.);
#10709 = ORIENTED_EDGE('',*,*,#2961,.F.);
#10710 = ADVANCED_FACE('',(#10711),#2947,.T.);
#10711 = FACE_BOUND('',#10712,.T.);
#10712 = EDGE_LOOP('',(#10713,#10736,#10757,#10758));
#10713 = ORIENTED_EDGE('',*,*,#10714,.T.);
#10714 = EDGE_CURVE('',#2904,#10715,#10717,.T.);
#10715 = VERTEX_POINT('',#10716);
#10716 = CARTESIAN_POINT('',(5.35701171875,64.344003601074,1.4));
#10717 = SURFACE_CURVE('',#10718,(#10722,#10729),.PCURVE_S1.);
#10718 = LINE('',#10719,#10720);
#10719 = CARTESIAN_POINT('',(5.35701171875,64.344003601074,1.));
#10720 = VECTOR('',#10721,1.);
#10721 = DIRECTION('',(0.,0.,1.));
#10722 = PCURVE('',#2947,#10723);
#10723 = DEFINITIONAL_REPRESENTATION('',(#10724),#10728);
#10724 = LINE('',#10725,#10726);
#10725 = CARTESIAN_POINT('',(0.,0.));
#10726 = VECTOR('',#10727,1.);
#10727 = DIRECTION('',(0.,-1.));
#10728 = ( GEOMETRIC_REPRESENTATION_CONTEXT(2) 
PARAMETRIC_REPRESENTATION_CONTEXT() REPRESENTATION_CONTEXT('2D SPACE',''
  ) );
#10729 = PCURVE('',#2919,#10730);
#10730 = DEFINITIONAL_REPRESENTATION('',(#10731),#10735);
#10731 = LINE('',#10732,#10733);
#10732 = CARTESIAN_POINT('',(1.199806742365,-0.));
#10733 = VECTOR('',#10734,1.);
#10734 = DIRECTION('',(0.,-1.));
#10735 = ( GEOMETRIC_REPRESENTATION_CONTEXT(2) 
PARAMETRIC_REPRESENTATION_CONTEXT() REPRESENTATION_CONTEXT('2D SPACE',''
  ) );
#10736 = ORIENTED_EDGE('',*,*,#10737,.T.);
#10737 = EDGE_CURVE('',#10715,#10666,#10738,.T.);
#10738 = SURFACE_CURVE('',#10739,(#10743,#10750),.PCURVE_S1.);
#10739 = B_SPLINE_CURVE_WITH_KNOTS('',2,(#10740,#10741,#10742),
  .UNSPECIFIED.,.F.,.F.,(3,3),(0.,1.),.PIECEWISE_BEZIER_KNOTS.);
#10740 = CARTESIAN_POINT('',(5.35701171875,64.344003601074,1.4));
#10741 = CARTESIAN_POINT('',(5.71099609375,64.601991882324,1.4));
#10742 = CARTESIAN_POINT('',(6.1430078125,64.601991882324,1.4));
#10743 = PCURVE('',#2947,#10744);
#10744 = DEFINITIONAL_REPRESENTATION('',(#10745),#10749);
#10745 = LINE('',#10746,#10747);
#10746 = CARTESIAN_POINT('',(0.,-0.4));
#10747 = VECTOR('',#10748,1.);
#10748 = DIRECTION('',(1.,0.));
#10749 = ( GEOMETRIC_REPRESENTATION_CONTEXT(2) 
PARAMETRIC_REPRESENTATION_CONTEXT() REPRESENTATION_CONTEXT('2D SPACE',''
  ) );
#10750 = PCURVE('',#9697,#10751);
#10751 = DEFINITIONAL_REPRESENTATION('',(#10752),#10756);
#10752 = B_SPLINE_CURVE_WITH_KNOTS('',2,(#10753,#10754,#10755),
  .UNSPECIFIED.,.F.,.F.,(3,3),(0.,1.),.PIECEWISE_BEZIER_KNOTS.);
#10753 = CARTESIAN_POINT('',(0.9180078125,2.54400390625));
#10754 = CARTESIAN_POINT('',(1.2719921875,2.8019921875));
#10755 = CARTESIAN_POINT('',(1.70400390625,2.8019921875));
#10756 = ( GEOMETRIC_REPRESENTATION_CONTEXT(2) 
PARAMETRIC_REPRESENTATION_CONTEXT() REPRESENTATION_CONTEXT('2D SPACE',''
  ) );
#10757 = ORIENTED_EDGE('',*,*,#10665,.F.);
#10758 = ORIENTED_EDGE('',*,*,#2931,.F.);
#10759 = ADVANCED_FACE('',(#10760),#2919,.T.);
#10760 = FACE_BOUND('',#10761,.T.);
#10761 = EDGE_LOOP('',(#10762,#10785,#10806,#10807));
#10762 = ORIENTED_EDGE('',*,*,#10763,.T.);
#10763 = EDGE_CURVE('',#2876,#10764,#10766,.T.);
#10764 = VERTEX_POINT('',#10765);
#10765 = CARTESIAN_POINT('',(5.525,65.531991882324,1.4));
#10766 = SURFACE_CURVE('',#10767,(#10771,#10778),.PCURVE_S1.);
#10767 = LINE('',#10768,#10769);
#10768 = CARTESIAN_POINT('',(5.525,65.531991882324,1.));
#10769 = VECTOR('',#10770,1.);
#10770 = DIRECTION('',(0.,0.,1.));
#10771 = PCURVE('',#2919,#10772);
#10772 = DEFINITIONAL_REPRESENTATION('',(#10773),#10777);
#10773 = LINE('',#10774,#10775);
#10774 = CARTESIAN_POINT('',(0.,0.));
#10775 = VECTOR('',#10776,1.);
#10776 = DIRECTION('',(0.,-1.));
#10777 = ( GEOMETRIC_REPRESENTATION_CONTEXT(2) 
PARAMETRIC_REPRESENTATION_CONTEXT() REPRESENTATION_CONTEXT('2D SPACE',''
  ) );
#10778 = PCURVE('',#2891,#10779);
#10779 = DEFINITIONAL_REPRESENTATION('',(#10780),#10784);
#10780 = LINE('',#10781,#10782);
#10781 = CARTESIAN_POINT('',(1.77,0.));
#10782 = VECTOR('',#10783,1.);
#10783 = DIRECTION('',(0.,-1.));
#10784 = ( GEOMETRIC_REPRESENTATION_CONTEXT(2) 
PARAMETRIC_REPRESENTATION_CONTEXT() REPRESENTATION_CONTEXT('2D SPACE',''
  ) );
#10785 = ORIENTED_EDGE('',*,*,#10786,.T.);
#10786 = EDGE_CURVE('',#10764,#10715,#10787,.T.);
#10787 = SURFACE_CURVE('',#10788,(#10792,#10799),.PCURVE_S1.);
#10788 = LINE('',#10789,#10790);
#10789 = CARTESIAN_POINT('',(5.525,65.531991882324,1.4));
#10790 = VECTOR('',#10791,1.);
#10791 = DIRECTION('',(-0.140012783158,-0.990149696032,0.));
#10792 = PCURVE('',#2919,#10793);
#10793 = DEFINITIONAL_REPRESENTATION('',(#10794),#10798);
#10794 = LINE('',#10795,#10796);
#10795 = CARTESIAN_POINT('',(0.,-0.4));
#10796 = VECTOR('',#10797,1.);
#10797 = DIRECTION('',(1.,-0.));
#10798 = ( GEOMETRIC_REPRESENTATION_CONTEXT(2) 
PARAMETRIC_REPRESENTATION_CONTEXT() REPRESENTATION_CONTEXT('2D SPACE',''
  ) );
#10799 = PCURVE('',#9697,#10800);
#10800 = DEFINITIONAL_REPRESENTATION('',(#10801),#10805);
#10801 = LINE('',#10802,#10803);
#10802 = CARTESIAN_POINT('',(1.08599609375,3.7319921875));
#10803 = VECTOR('',#10804,1.);
#10804 = DIRECTION('',(-0.140012783158,-0.990149696032));
#10805 = ( GEOMETRIC_REPRESENTATION_CONTEXT(2) 
PARAMETRIC_REPRESENTATION_CONTEXT() REPRESENTATION_CONTEXT('2D SPACE',''
  ) );
#10806 = ORIENTED_EDGE('',*,*,#10714,.F.);
#10807 = ORIENTED_EDGE('',*,*,#2903,.F.);
#10808 = ADVANCED_FACE('',(#10809),#2891,.T.);
#10809 = FACE_BOUND('',#10810,.T.);
#10810 = EDGE_LOOP('',(#10811,#10834,#10855,#10856));
#10811 = ORIENTED_EDGE('',*,*,#10812,.T.);
#10812 = EDGE_CURVE('',#2848,#10813,#10815,.T.);
#10813 = VERTEX_POINT('',#10814);
#10814 = CARTESIAN_POINT('',(7.295,65.531991882324,1.4));
#10815 = SURFACE_CURVE('',#10816,(#10820,#10827),.PCURVE_S1.);
#10816 = LINE('',#10817,#10818);
#10817 = CARTESIAN_POINT('',(7.295,65.531991882324,1.));
#10818 = VECTOR('',#10819,1.);
#10819 = DIRECTION('',(0.,0.,1.));
#10820 = PCURVE('',#2891,#10821);
#10821 = DEFINITIONAL_REPRESENTATION('',(#10822),#10826);
#10822 = LINE('',#10823,#10824);
#10823 = CARTESIAN_POINT('',(0.,-0.));
#10824 = VECTOR('',#10825,1.);
#10825 = DIRECTION('',(0.,-1.));
#10826 = ( GEOMETRIC_REPRESENTATION_CONTEXT(2) 
PARAMETRIC_REPRESENTATION_CONTEXT() REPRESENTATION_CONTEXT('2D SPACE',''
  ) );
#10827 = PCURVE('',#2863,#10828);
#10828 = DEFINITIONAL_REPRESENTATION('',(#10829),#10833);
#10829 = LINE('',#10830,#10831);
#10830 = CARTESIAN_POINT('',(0.52201171875,0.));
#10831 = VECTOR('',#10832,1.);
#10832 = DIRECTION('',(0.,-1.));
#10833 = ( GEOMETRIC_REPRESENTATION_CONTEXT(2) 
PARAMETRIC_REPRESENTATION_CONTEXT() REPRESENTATION_CONTEXT('2D SPACE',''
  ) );
#10834 = ORIENTED_EDGE('',*,*,#10835,.T.);
#10835 = EDGE_CURVE('',#10813,#10764,#10836,.T.);
#10836 = SURFACE_CURVE('',#10837,(#10841,#10848),.PCURVE_S1.);
#10837 = LINE('',#10838,#10839);
#10838 = CARTESIAN_POINT('',(7.295,65.531991882324,1.4));
#10839 = VECTOR('',#10840,1.);
#10840 = DIRECTION('',(-1.,0.,0.));
#10841 = PCURVE('',#2891,#10842);
#10842 = DEFINITIONAL_REPRESENTATION('',(#10843),#10847);
#10843 = LINE('',#10844,#10845);
#10844 = CARTESIAN_POINT('',(-8.881784197001E-16,-0.4));
#10845 = VECTOR('',#10846,1.);
#10846 = DIRECTION('',(1.,0.));
#10847 = ( GEOMETRIC_REPRESENTATION_CONTEXT(2) 
PARAMETRIC_REPRESENTATION_CONTEXT() REPRESENTATION_CONTEXT('2D SPACE',''
  ) );
#10848 = PCURVE('',#9697,#10849);
#10849 = DEFINITIONAL_REPRESENTATION('',(#10850),#10854);
#10850 = LINE('',#10851,#10852);
#10851 = CARTESIAN_POINT('',(2.85599609375,3.7319921875));
#10852 = VECTOR('',#10853,1.);
#10853 = DIRECTION('',(-1.,0.));
#10854 = ( GEOMETRIC_REPRESENTATION_CONTEXT(2) 
PARAMETRIC_REPRESENTATION_CONTEXT() REPRESENTATION_CONTEXT('2D SPACE',''
  ) );
#10855 = ORIENTED_EDGE('',*,*,#10763,.F.);
#10856 = ORIENTED_EDGE('',*,*,#2875,.F.);
#10857 = ADVANCED_FACE('',(#10858),#2863,.T.);
#10858 = FACE_BOUND('',#10859,.T.);
#10859 = EDGE_LOOP('',(#10860,#10883,#10904,#10905));
#10860 = ORIENTED_EDGE('',*,*,#10861,.T.);
#10861 = EDGE_CURVE('',#2820,#10862,#10864,.T.);
#10862 = VERTEX_POINT('',#10863);
#10863 = CARTESIAN_POINT('',(7.295,66.054003601074,1.4));
#10864 = SURFACE_CURVE('',#10865,(#10869,#10876),.PCURVE_S1.);
#10865 = LINE('',#10866,#10867);
#10866 = CARTESIAN_POINT('',(7.295,66.054003601074,1.));
#10867 = VECTOR('',#10868,1.);
#10868 = DIRECTION('',(0.,0.,1.));
#10869 = PCURVE('',#2863,#10870);
#10870 = DEFINITIONAL_REPRESENTATION('',(#10871),#10875);
#10871 = LINE('',#10872,#10873);
#10872 = CARTESIAN_POINT('',(0.,0.));
#10873 = VECTOR('',#10874,1.);
#10874 = DIRECTION('',(0.,-1.));
#10875 = ( GEOMETRIC_REPRESENTATION_CONTEXT(2) 
PARAMETRIC_REPRESENTATION_CONTEXT() REPRESENTATION_CONTEXT('2D SPACE',''
  ) );
#10876 = PCURVE('',#2835,#10877);
#10877 = DEFINITIONAL_REPRESENTATION('',(#10878),#10882);
#10878 = LINE('',#10879,#10880);
#10879 = CARTESIAN_POINT('',(2.19599609375,0.));
#10880 = VECTOR('',#10881,1.);
#10881 = DIRECTION('',(0.,-1.));
#10882 = ( GEOMETRIC_REPRESENTATION_CONTEXT(2) 
PARAMETRIC_REPRESENTATION_CONTEXT() REPRESENTATION_CONTEXT('2D SPACE',''
  ) );
#10883 = ORIENTED_EDGE('',*,*,#10884,.T.);
#10884 = EDGE_CURVE('',#10862,#10813,#10885,.T.);
#10885 = SURFACE_CURVE('',#10886,(#10890,#10897),.PCURVE_S1.);
#10886 = LINE('',#10887,#10888);
#10887 = CARTESIAN_POINT('',(7.295,66.054003601074,1.4));
#10888 = VECTOR('',#10889,1.);
#10889 = DIRECTION('',(0.,-1.,0.));
#10890 = PCURVE('',#2863,#10891);
#10891 = DEFINITIONAL_REPRESENTATION('',(#10892),#10896);
#10892 = LINE('',#10893,#10894);
#10893 = CARTESIAN_POINT('',(-1.42108547152E-14,-0.4));
#10894 = VECTOR('',#10895,1.);
#10895 = DIRECTION('',(1.,0.));
#10896 = ( GEOMETRIC_REPRESENTATION_CONTEXT(2) 
PARAMETRIC_REPRESENTATION_CONTEXT() REPRESENTATION_CONTEXT('2D SPACE',''
  ) );
#10897 = PCURVE('',#9697,#10898);
#10898 = DEFINITIONAL_REPRESENTATION('',(#10899),#10903);
#10899 = LINE('',#10900,#10901);
#10900 = CARTESIAN_POINT('',(2.85599609375,4.25400390625));
#10901 = VECTOR('',#10902,1.);
#10902 = DIRECTION('',(0.,-1.));
#10903 = ( GEOMETRIC_REPRESENTATION_CONTEXT(2) 
PARAMETRIC_REPRESENTATION_CONTEXT() REPRESENTATION_CONTEXT('2D SPACE',''
  ) );
#10904 = ORIENTED_EDGE('',*,*,#10812,.F.);
#10905 = ORIENTED_EDGE('',*,*,#2847,.F.);
#10906 = ADVANCED_FACE('',(#10907),#2835,.T.);
#10907 = FACE_BOUND('',#10908,.T.);
#10908 = EDGE_LOOP('',(#10909,#10910,#10931,#10932));
#10909 = ORIENTED_EDGE('',*,*,#9709,.T.);
#10910 = ORIENTED_EDGE('',*,*,#10911,.T.);
#10911 = EDGE_CURVE('',#9682,#10862,#10912,.T.);
#10912 = SURFACE_CURVE('',#10913,(#10917,#10924),.PCURVE_S1.);
#10913 = LINE('',#10914,#10915);
#10914 = CARTESIAN_POINT('',(5.09900390625,66.054003601074,1.4));
#10915 = VECTOR('',#10916,1.);
#10916 = DIRECTION('',(1.,0.,0.));
#10917 = PCURVE('',#2835,#10918);
#10918 = DEFINITIONAL_REPRESENTATION('',(#10919),#10923);
#10919 = LINE('',#10920,#10921);
#10920 = CARTESIAN_POINT('',(0.,-0.4));
#10921 = VECTOR('',#10922,1.);
#10922 = DIRECTION('',(1.,0.));
#10923 = ( GEOMETRIC_REPRESENTATION_CONTEXT(2) 
PARAMETRIC_REPRESENTATION_CONTEXT() REPRESENTATION_CONTEXT('2D SPACE',''
  ) );
#10924 = PCURVE('',#9697,#10925);
#10925 = DEFINITIONAL_REPRESENTATION('',(#10926),#10930);
#10926 = LINE('',#10927,#10928);
#10927 = CARTESIAN_POINT('',(0.66,4.25400390625));
#10928 = VECTOR('',#10929,1.);
#10929 = DIRECTION('',(1.,0.));
#10930 = ( GEOMETRIC_REPRESENTATION_CONTEXT(2) 
PARAMETRIC_REPRESENTATION_CONTEXT() REPRESENTATION_CONTEXT('2D SPACE',''
  ) );
#10931 = ORIENTED_EDGE('',*,*,#10861,.F.);
#10932 = ORIENTED_EDGE('',*,*,#2819,.F.);
#10933 = ADVANCED_FACE('',(#10934),#3575,.T.);
#10934 = FACE_BOUND('',#10935,.T.);
#10935 = EDGE_LOOP('',(#10936,#10959,#10987,#11008));
#10936 = ORIENTED_EDGE('',*,*,#10937,.T.);
#10937 = EDGE_CURVE('',#3558,#10938,#10940,.T.);
#10938 = VERTEX_POINT('',#10939);
#10939 = CARTESIAN_POINT('',(10.265,61.799999694824,1.4));
#10940 = SURFACE_CURVE('',#10941,(#10945,#10952),.PCURVE_S1.);
#10941 = LINE('',#10942,#10943);
#10942 = CARTESIAN_POINT('',(10.265,61.799999694824,1.));
#10943 = VECTOR('',#10944,1.);
#10944 = DIRECTION('',(0.,0.,1.));
#10945 = PCURVE('',#3575,#10946);
#10946 = DEFINITIONAL_REPRESENTATION('',(#10947),#10951);
#10947 = LINE('',#10948,#10949);
#10948 = CARTESIAN_POINT('',(0.,-0.));
#10949 = VECTOR('',#10950,1.);
#10950 = DIRECTION('',(0.,-1.));
#10951 = ( GEOMETRIC_REPRESENTATION_CONTEXT(2) 
PARAMETRIC_REPRESENTATION_CONTEXT() REPRESENTATION_CONTEXT('2D SPACE',''
  ) );
#10952 = PCURVE('',#3853,#10953);
#10953 = DEFINITIONAL_REPRESENTATION('',(#10954),#10958);
#10954 = LINE('',#10955,#10956);
#10955 = CARTESIAN_POINT('',(1.02,0.));
#10956 = VECTOR('',#10957,1.);
#10957 = DIRECTION('',(0.,-1.));
#10958 = ( GEOMETRIC_REPRESENTATION_CONTEXT(2) 
PARAMETRIC_REPRESENTATION_CONTEXT() REPRESENTATION_CONTEXT('2D SPACE',''
  ) );
#10959 = ORIENTED_EDGE('',*,*,#10960,.T.);
#10960 = EDGE_CURVE('',#10938,#10961,#10963,.T.);
#10961 = VERTEX_POINT('',#10962);
#10962 = CARTESIAN_POINT('',(9.7369921875,61.799999694824,1.4));
#10963 = SURFACE_CURVE('',#10964,(#10968,#10975),.PCURVE_S1.);
#10964 = LINE('',#10965,#10966);
#10965 = CARTESIAN_POINT('',(10.265,61.799999694824,1.4));
#10966 = VECTOR('',#10967,1.);
#10967 = DIRECTION('',(-1.,0.,0.));
#10968 = PCURVE('',#3575,#10969);
#10969 = DEFINITIONAL_REPRESENTATION('',(#10970),#10974);
#10970 = LINE('',#10971,#10972);
#10971 = CARTESIAN_POINT('',(-1.7763568394E-15,-0.4));
#10972 = VECTOR('',#10973,1.);
#10973 = DIRECTION('',(1.,0.));
#10974 = ( GEOMETRIC_REPRESENTATION_CONTEXT(2) 
PARAMETRIC_REPRESENTATION_CONTEXT() REPRESENTATION_CONTEXT('2D SPACE',''
  ) );
#10975 = PCURVE('',#10976,#10981);
#10976 = PLANE('',#10977);
#10977 = AXIS2_PLACEMENT_3D('',#10978,#10979,#10980);
#10978 = CARTESIAN_POINT('',(7.775,61.799999694824,1.4));
#10979 = DIRECTION('',(0.,0.,1.));
#10980 = DIRECTION('',(1.,0.,0.));
#10981 = DEFINITIONAL_REPRESENTATION('',(#10982),#10986);
#10982 = LINE('',#10983,#10984);
#10983 = CARTESIAN_POINT('',(2.49,0.));
#10984 = VECTOR('',#10985,1.);
#10985 = DIRECTION('',(-1.,0.));
#10986 = ( GEOMETRIC_REPRESENTATION_CONTEXT(2) 
PARAMETRIC_REPRESENTATION_CONTEXT() REPRESENTATION_CONTEXT('2D SPACE',''
  ) );
#10987 = ORIENTED_EDGE('',*,*,#10988,.F.);
#10988 = EDGE_CURVE('',#3560,#10961,#10989,.T.);
#10989 = SURFACE_CURVE('',#10990,(#10994,#11001),.PCURVE_S1.);
#10990 = LINE('',#10991,#10992);
#10991 = CARTESIAN_POINT('',(9.7369921875,61.799999694824,1.));
#10992 = VECTOR('',#10993,1.);
#10993 = DIRECTION('',(0.,0.,1.));
#10994 = PCURVE('',#3575,#10995);
#10995 = DEFINITIONAL_REPRESENTATION('',(#10996),#11000);
#10996 = LINE('',#10997,#10998);
#10997 = CARTESIAN_POINT('',(0.5280078125,0.));
#10998 = VECTOR('',#10999,1.);
#10999 = DIRECTION('',(0.,-1.));
#11000 = ( GEOMETRIC_REPRESENTATION_CONTEXT(2) 
PARAMETRIC_REPRESENTATION_CONTEXT() REPRESENTATION_CONTEXT('2D SPACE',''
  ) );
#11001 = PCURVE('',#3603,#11002);
#11002 = DEFINITIONAL_REPRESENTATION('',(#11003),#11007);
#11003 = LINE('',#11004,#11005);
#11004 = CARTESIAN_POINT('',(0.,0.));
#11005 = VECTOR('',#11006,1.);
#11006 = DIRECTION('',(0.,-1.));
#11007 = ( GEOMETRIC_REPRESENTATION_CONTEXT(2) 
PARAMETRIC_REPRESENTATION_CONTEXT() REPRESENTATION_CONTEXT('2D SPACE',''
  ) );
#11008 = ORIENTED_EDGE('',*,*,#3557,.F.);
#11009 = ADVANCED_FACE('',(#11010),#3853,.T.);
#11010 = FACE_BOUND('',#11011,.T.);
#11011 = EDGE_LOOP('',(#11012,#11035,#11056,#11057));
#11012 = ORIENTED_EDGE('',*,*,#11013,.T.);
#11013 = EDGE_CURVE('',#3812,#11014,#11016,.T.);
#11014 = VERTEX_POINT('',#11015);
#11015 = CARTESIAN_POINT('',(10.265,62.819999694824,1.4));
#11016 = SURFACE_CURVE('',#11017,(#11021,#11028),.PCURVE_S1.);
#11017 = LINE('',#11018,#11019);
#11018 = CARTESIAN_POINT('',(10.265,62.819999694824,1.));
#11019 = VECTOR('',#11020,1.);
#11020 = DIRECTION('',(0.,0.,1.));
#11021 = PCURVE('',#3853,#11022);
#11022 = DEFINITIONAL_REPRESENTATION('',(#11023),#11027);
#11023 = LINE('',#11024,#11025);
#11024 = CARTESIAN_POINT('',(0.,0.));
#11025 = VECTOR('',#11026,1.);
#11026 = DIRECTION('',(0.,-1.));
#11027 = ( GEOMETRIC_REPRESENTATION_CONTEXT(2) 
PARAMETRIC_REPRESENTATION_CONTEXT() REPRESENTATION_CONTEXT('2D SPACE',''
  ) );
#11028 = PCURVE('',#3827,#11029);
#11029 = DEFINITIONAL_REPRESENTATION('',(#11030),#11034);
#11030 = LINE('',#11031,#11032);
#11031 = CARTESIAN_POINT('',(0.63,0.));
#11032 = VECTOR('',#11033,1.);
#11033 = DIRECTION('',(0.,-1.));
#11034 = ( GEOMETRIC_REPRESENTATION_CONTEXT(2) 
PARAMETRIC_REPRESENTATION_CONTEXT() REPRESENTATION_CONTEXT('2D SPACE',''
  ) );
#11035 = ORIENTED_EDGE('',*,*,#11036,.T.);
#11036 = EDGE_CURVE('',#11014,#10938,#11037,.T.);
#11037 = SURFACE_CURVE('',#11038,(#11042,#11049),.PCURVE_S1.);
#11038 = LINE('',#11039,#11040);
#11039 = CARTESIAN_POINT('',(10.265,62.819999694824,1.4));
#11040 = VECTOR('',#11041,1.);
#11041 = DIRECTION('',(0.,-1.,0.));
#11042 = PCURVE('',#3853,#11043);
#11043 = DEFINITIONAL_REPRESENTATION('',(#11044),#11048);
#11044 = LINE('',#11045,#11046);
#11045 = CARTESIAN_POINT('',(7.105427357601E-15,-0.4));
#11046 = VECTOR('',#11047,1.);
#11047 = DIRECTION('',(1.,0.));
#11048 = ( GEOMETRIC_REPRESENTATION_CONTEXT(2) 
PARAMETRIC_REPRESENTATION_CONTEXT() REPRESENTATION_CONTEXT('2D SPACE',''
  ) );
#11049 = PCURVE('',#10976,#11050);
#11050 = DEFINITIONAL_REPRESENTATION('',(#11051),#11055);
#11051 = LINE('',#11052,#11053);
#11052 = CARTESIAN_POINT('',(2.49,1.02));
#11053 = VECTOR('',#11054,1.);
#11054 = DIRECTION('',(0.,-1.));
#11055 = ( GEOMETRIC_REPRESENTATION_CONTEXT(2) 
PARAMETRIC_REPRESENTATION_CONTEXT() REPRESENTATION_CONTEXT('2D SPACE',''
  ) );
#11056 = ORIENTED_EDGE('',*,*,#10937,.F.);
#11057 = ORIENTED_EDGE('',*,*,#3839,.F.);
#11058 = ADVANCED_FACE('',(#11059),#3827,.T.);
#11059 = FACE_BOUND('',#11060,.T.);
#11060 = EDGE_LOOP('',(#11061,#11084,#11105,#11106));
#11061 = ORIENTED_EDGE('',*,*,#11062,.T.);
#11062 = EDGE_CURVE('',#3784,#11063,#11065,.T.);
#11063 = VERTEX_POINT('',#11064);
#11064 = CARTESIAN_POINT('',(10.895,62.819999694824,1.4));
#11065 = SURFACE_CURVE('',#11066,(#11070,#11077),.PCURVE_S1.);
#11066 = LINE('',#11067,#11068);
#11067 = CARTESIAN_POINT('',(10.895,62.819999694824,1.));
#11068 = VECTOR('',#11069,1.);
#11069 = DIRECTION('',(0.,0.,1.));
#11070 = PCURVE('',#3827,#11071);
#11071 = DEFINITIONAL_REPRESENTATION('',(#11072),#11076);
#11072 = LINE('',#11073,#11074);
#11073 = CARTESIAN_POINT('',(0.,-0.));
#11074 = VECTOR('',#11075,1.);
#11075 = DIRECTION('',(0.,-1.));
#11076 = ( GEOMETRIC_REPRESENTATION_CONTEXT(2) 
PARAMETRIC_REPRESENTATION_CONTEXT() REPRESENTATION_CONTEXT('2D SPACE',''
  ) );
#11077 = PCURVE('',#3799,#11078);
#11078 = DEFINITIONAL_REPRESENTATION('',(#11079),#11083);
#11079 = LINE('',#11080,#11081);
#11080 = CARTESIAN_POINT('',(0.47400390625,0.));
#11081 = VECTOR('',#11082,1.);
#11082 = DIRECTION('',(0.,-1.));
#11083 = ( GEOMETRIC_REPRESENTATION_CONTEXT(2) 
PARAMETRIC_REPRESENTATION_CONTEXT() REPRESENTATION_CONTEXT('2D SPACE',''
  ) );
#11084 = ORIENTED_EDGE('',*,*,#11085,.T.);
#11085 = EDGE_CURVE('',#11063,#11014,#11086,.T.);
#11086 = SURFACE_CURVE('',#11087,(#11091,#11098),.PCURVE_S1.);
#11087 = LINE('',#11088,#11089);
#11088 = CARTESIAN_POINT('',(10.895,62.819999694824,1.4));
#11089 = VECTOR('',#11090,1.);
#11090 = DIRECTION('',(-1.,0.,0.));
#11091 = PCURVE('',#3827,#11092);
#11092 = DEFINITIONAL_REPRESENTATION('',(#11093),#11097);
#11093 = LINE('',#11094,#11095);
#11094 = CARTESIAN_POINT('',(-1.7763568394E-15,-0.4));
#11095 = VECTOR('',#11096,1.);
#11096 = DIRECTION('',(1.,0.));
#11097 = ( GEOMETRIC_REPRESENTATION_CONTEXT(2) 
PARAMETRIC_REPRESENTATION_CONTEXT() REPRESENTATION_CONTEXT('2D SPACE',''
  ) );
#11098 = PCURVE('',#10976,#11099);
#11099 = DEFINITIONAL_REPRESENTATION('',(#11100),#11104);
#11100 = LINE('',#11101,#11102);
#11101 = CARTESIAN_POINT('',(3.12,1.02));
#11102 = VECTOR('',#11103,1.);
#11103 = DIRECTION('',(-1.,0.));
#11104 = ( GEOMETRIC_REPRESENTATION_CONTEXT(2) 
PARAMETRIC_REPRESENTATION_CONTEXT() REPRESENTATION_CONTEXT('2D SPACE',''
  ) );
#11105 = ORIENTED_EDGE('',*,*,#11013,.F.);
#11106 = ORIENTED_EDGE('',*,*,#3811,.F.);
#11107 = ADVANCED_FACE('',(#11108),#3799,.T.);
#11108 = FACE_BOUND('',#11109,.T.);
#11109 = EDGE_LOOP('',(#11110,#11133,#11154,#11155));
#11110 = ORIENTED_EDGE('',*,*,#11111,.T.);
#11111 = EDGE_CURVE('',#3756,#11112,#11114,.T.);
#11112 = VERTEX_POINT('',#11113);
#11113 = CARTESIAN_POINT('',(10.895,63.294003601074,1.4));
#11114 = SURFACE_CURVE('',#11115,(#11119,#11126),.PCURVE_S1.);
#11115 = LINE('',#11116,#11117);
#11116 = CARTESIAN_POINT('',(10.895,63.294003601074,1.));
#11117 = VECTOR('',#11118,1.);
#11118 = DIRECTION('',(0.,0.,1.));
#11119 = PCURVE('',#3799,#11120);
#11120 = DEFINITIONAL_REPRESENTATION('',(#11121),#11125);
#11121 = LINE('',#11122,#11123);
#11122 = CARTESIAN_POINT('',(0.,0.));
#11123 = VECTOR('',#11124,1.);
#11124 = DIRECTION('',(0.,-1.));
#11125 = ( GEOMETRIC_REPRESENTATION_CONTEXT(2) 
PARAMETRIC_REPRESENTATION_CONTEXT() REPRESENTATION_CONTEXT('2D SPACE',''
  ) );
#11126 = PCURVE('',#3771,#11127);
#11127 = DEFINITIONAL_REPRESENTATION('',(#11128),#11132);
#11128 = LINE('',#11129,#11130);
#11129 = CARTESIAN_POINT('',(0.63,0.));
#11130 = VECTOR('',#11131,1.);
#11131 = DIRECTION('',(0.,-1.));
#11132 = ( GEOMETRIC_REPRESENTATION_CONTEXT(2) 
PARAMETRIC_REPRESENTATION_CONTEXT() REPRESENTATION_CONTEXT('2D SPACE',''
  ) );
#11133 = ORIENTED_EDGE('',*,*,#11134,.T.);
#11134 = EDGE_CURVE('',#11112,#11063,#11135,.T.);
#11135 = SURFACE_CURVE('',#11136,(#11140,#11147),.PCURVE_S1.);
#11136 = LINE('',#11137,#11138);
#11137 = CARTESIAN_POINT('',(10.895,63.294003601074,1.4));
#11138 = VECTOR('',#11139,1.);
#11139 = DIRECTION('',(0.,-1.,0.));
#11140 = PCURVE('',#3799,#11141);
#11141 = DEFINITIONAL_REPRESENTATION('',(#11142),#11146);
#11142 = LINE('',#11143,#11144);
#11143 = CARTESIAN_POINT('',(7.105427357601E-15,-0.4));
#11144 = VECTOR('',#11145,1.);
#11145 = DIRECTION('',(1.,0.));
#11146 = ( GEOMETRIC_REPRESENTATION_CONTEXT(2) 
PARAMETRIC_REPRESENTATION_CONTEXT() REPRESENTATION_CONTEXT('2D SPACE',''
  ) );
#11147 = PCURVE('',#10976,#11148);
#11148 = DEFINITIONAL_REPRESENTATION('',(#11149),#11153);
#11149 = LINE('',#11150,#11151);
#11150 = CARTESIAN_POINT('',(3.12,1.49400390625));
#11151 = VECTOR('',#11152,1.);
#11152 = DIRECTION('',(0.,-1.));
#11153 = ( GEOMETRIC_REPRESENTATION_CONTEXT(2) 
PARAMETRIC_REPRESENTATION_CONTEXT() REPRESENTATION_CONTEXT('2D SPACE',''
  ) );
#11154 = ORIENTED_EDGE('',*,*,#11062,.F.);
#11155 = ORIENTED_EDGE('',*,*,#3783,.F.);
#11156 = ADVANCED_FACE('',(#11157),#3771,.T.);
#11157 = FACE_BOUND('',#11158,.T.);
#11158 = EDGE_LOOP('',(#11159,#11182,#11203,#11204));
#11159 = ORIENTED_EDGE('',*,*,#11160,.T.);
#11160 = EDGE_CURVE('',#3728,#11161,#11163,.T.);
#11161 = VERTEX_POINT('',#11162);
#11162 = CARTESIAN_POINT('',(10.265,63.294003601074,1.4));
#11163 = SURFACE_CURVE('',#11164,(#11168,#11175),.PCURVE_S1.);
#11164 = LINE('',#11165,#11166);
#11165 = CARTESIAN_POINT('',(10.265,63.294003601074,1.));
#11166 = VECTOR('',#11167,1.);
#11167 = DIRECTION('',(0.,0.,1.));
#11168 = PCURVE('',#3771,#11169);
#11169 = DEFINITIONAL_REPRESENTATION('',(#11170),#11174);
#11170 = LINE('',#11171,#11172);
#11171 = CARTESIAN_POINT('',(0.,0.));
#11172 = VECTOR('',#11173,1.);
#11173 = DIRECTION('',(0.,-1.));
#11174 = ( GEOMETRIC_REPRESENTATION_CONTEXT(2) 
PARAMETRIC_REPRESENTATION_CONTEXT() REPRESENTATION_CONTEXT('2D SPACE',''
  ) );
#11175 = PCURVE('',#3743,#11176);
#11176 = DEFINITIONAL_REPRESENTATION('',(#11177),#11181);
#11177 = LINE('',#11178,#11179);
#11178 = CARTESIAN_POINT('',(2.76,0.));
#11179 = VECTOR('',#11180,1.);
#11180 = DIRECTION('',(0.,-1.));
#11181 = ( GEOMETRIC_REPRESENTATION_CONTEXT(2) 
PARAMETRIC_REPRESENTATION_CONTEXT() REPRESENTATION_CONTEXT('2D SPACE',''
  ) );
#11182 = ORIENTED_EDGE('',*,*,#11183,.T.);
#11183 = EDGE_CURVE('',#11161,#11112,#11184,.T.);
#11184 = SURFACE_CURVE('',#11185,(#11189,#11196),.PCURVE_S1.);
#11185 = LINE('',#11186,#11187);
#11186 = CARTESIAN_POINT('',(10.265,63.294003601074,1.4));
#11187 = VECTOR('',#11188,1.);
#11188 = DIRECTION('',(1.,0.,0.));
#11189 = PCURVE('',#3771,#11190);
#11190 = DEFINITIONAL_REPRESENTATION('',(#11191),#11195);
#11191 = LINE('',#11192,#11193);
#11192 = CARTESIAN_POINT('',(1.7763568394E-15,-0.4));
#11193 = VECTOR('',#11194,1.);
#11194 = DIRECTION('',(1.,0.));
#11195 = ( GEOMETRIC_REPRESENTATION_CONTEXT(2) 
PARAMETRIC_REPRESENTATION_CONTEXT() REPRESENTATION_CONTEXT('2D SPACE',''
  ) );
#11196 = PCURVE('',#10976,#11197);
#11197 = DEFINITIONAL_REPRESENTATION('',(#11198),#11202);
#11198 = LINE('',#11199,#11200);
#11199 = CARTESIAN_POINT('',(2.49,1.49400390625));
#11200 = VECTOR('',#11201,1.);
#11201 = DIRECTION('',(1.,0.));
#11202 = ( GEOMETRIC_REPRESENTATION_CONTEXT(2) 
PARAMETRIC_REPRESENTATION_CONTEXT() REPRESENTATION_CONTEXT('2D SPACE',''
  ) );
#11203 = ORIENTED_EDGE('',*,*,#11111,.F.);
#11204 = ORIENTED_EDGE('',*,*,#3755,.F.);
#11205 = ADVANCED_FACE('',(#11206),#3743,.T.);
#11206 = FACE_BOUND('',#11207,.T.);
#11207 = EDGE_LOOP('',(#11208,#11231,#11252,#11253));
#11208 = ORIENTED_EDGE('',*,*,#11209,.T.);
#11209 = EDGE_CURVE('',#3700,#11210,#11212,.T.);
#11210 = VERTEX_POINT('',#11211);
#11211 = CARTESIAN_POINT('',(10.265,66.054003601074,1.4));
#11212 = SURFACE_CURVE('',#11213,(#11217,#11224),.PCURVE_S1.);
#11213 = LINE('',#11214,#11215);
#11214 = CARTESIAN_POINT('',(10.265,66.054003601074,1.));
#11215 = VECTOR('',#11216,1.);
#11216 = DIRECTION('',(0.,0.,1.));
#11217 = PCURVE('',#3743,#11218);
#11218 = DEFINITIONAL_REPRESENTATION('',(#11219),#11223);
#11219 = LINE('',#11220,#11221);
#11220 = CARTESIAN_POINT('',(0.,0.));
#11221 = VECTOR('',#11222,1.);
#11222 = DIRECTION('',(0.,-1.));
#11223 = ( GEOMETRIC_REPRESENTATION_CONTEXT(2) 
PARAMETRIC_REPRESENTATION_CONTEXT() REPRESENTATION_CONTEXT('2D SPACE',''
  ) );
#11224 = PCURVE('',#3715,#11225);
#11225 = DEFINITIONAL_REPRESENTATION('',(#11226),#11230);
#11226 = LINE('',#11227,#11228);
#11227 = CARTESIAN_POINT('',(0.39,0.));
#11228 = VECTOR('',#11229,1.);
#11229 = DIRECTION('',(0.,-1.));
#11230 = ( GEOMETRIC_REPRESENTATION_CONTEXT(2) 
PARAMETRIC_REPRESENTATION_CONTEXT() REPRESENTATION_CONTEXT('2D SPACE',''
  ) );
#11231 = ORIENTED_EDGE('',*,*,#11232,.T.);
#11232 = EDGE_CURVE('',#11210,#11161,#11233,.T.);
#11233 = SURFACE_CURVE('',#11234,(#11238,#11245),.PCURVE_S1.);
#11234 = LINE('',#11235,#11236);
#11235 = CARTESIAN_POINT('',(10.265,66.054003601074,1.4));
#11236 = VECTOR('',#11237,1.);
#11237 = DIRECTION('',(0.,-1.,0.));
#11238 = PCURVE('',#3743,#11239);
#11239 = DEFINITIONAL_REPRESENTATION('',(#11240),#11244);
#11240 = LINE('',#11241,#11242);
#11241 = CARTESIAN_POINT('',(-1.42108547152E-14,-0.4));
#11242 = VECTOR('',#11243,1.);
#11243 = DIRECTION('',(1.,0.));
#11244 = ( GEOMETRIC_REPRESENTATION_CONTEXT(2) 
PARAMETRIC_REPRESENTATION_CONTEXT() REPRESENTATION_CONTEXT('2D SPACE',''
  ) );
#11245 = PCURVE('',#10976,#11246);
#11246 = DEFINITIONAL_REPRESENTATION('',(#11247),#11251);
#11247 = LINE('',#11248,#11249);
#11248 = CARTESIAN_POINT('',(2.49,4.25400390625));
#11249 = VECTOR('',#11250,1.);
#11250 = DIRECTION('',(0.,-1.));
#11251 = ( GEOMETRIC_REPRESENTATION_CONTEXT(2) 
PARAMETRIC_REPRESENTATION_CONTEXT() REPRESENTATION_CONTEXT('2D SPACE',''
  ) );
#11252 = ORIENTED_EDGE('',*,*,#11160,.F.);
#11253 = ORIENTED_EDGE('',*,*,#3727,.F.);
#11254 = ADVANCED_FACE('',(#11255),#3715,.T.);
#11255 = FACE_BOUND('',#11256,.T.);
#11256 = EDGE_LOOP('',(#11257,#11280,#11301,#11302));
#11257 = ORIENTED_EDGE('',*,*,#11258,.T.);
#11258 = EDGE_CURVE('',#3672,#11259,#11261,.T.);
#11259 = VERTEX_POINT('',#11260);
#11260 = CARTESIAN_POINT('',(9.875,66.054003601074,1.4));
#11261 = SURFACE_CURVE('',#11262,(#11266,#11273),.PCURVE_S1.);
#11262 = LINE('',#11263,#11264);
#11263 = CARTESIAN_POINT('',(9.875,66.054003601074,1.));
#11264 = VECTOR('',#11265,1.);
#11265 = DIRECTION('',(0.,0.,1.));
#11266 = PCURVE('',#3715,#11267);
#11267 = DEFINITIONAL_REPRESENTATION('',(#11268),#11272);
#11268 = LINE('',#11269,#11270);
#11269 = CARTESIAN_POINT('',(0.,0.));
#11270 = VECTOR('',#11271,1.);
#11271 = DIRECTION('',(0.,-1.));
#11272 = ( GEOMETRIC_REPRESENTATION_CONTEXT(2) 
PARAMETRIC_REPRESENTATION_CONTEXT() REPRESENTATION_CONTEXT('2D SPACE',''
  ) );
#11273 = PCURVE('',#3687,#11274);
#11274 = DEFINITIONAL_REPRESENTATION('',(#11275),#11279);
#11275 = LINE('',#11276,#11277);
#11276 = CARTESIAN_POINT('',(3.300537669278,0.));
#11277 = VECTOR('',#11278,1.);
#11278 = DIRECTION('',(0.,-1.));
#11279 = ( GEOMETRIC_REPRESENTATION_CONTEXT(2) 
PARAMETRIC_REPRESENTATION_CONTEXT() REPRESENTATION_CONTEXT('2D SPACE',''
  ) );
#11280 = ORIENTED_EDGE('',*,*,#11281,.T.);
#11281 = EDGE_CURVE('',#11259,#11210,#11282,.T.);
#11282 = SURFACE_CURVE('',#11283,(#11287,#11294),.PCURVE_S1.);
#11283 = LINE('',#11284,#11285);
#11284 = CARTESIAN_POINT('',(9.875,66.054003601074,1.4));
#11285 = VECTOR('',#11286,1.);
#11286 = DIRECTION('',(1.,0.,0.));
#11287 = PCURVE('',#3715,#11288);
#11288 = DEFINITIONAL_REPRESENTATION('',(#11289),#11293);
#11289 = LINE('',#11290,#11291);
#11290 = CARTESIAN_POINT('',(1.7763568394E-15,-0.4));
#11291 = VECTOR('',#11292,1.);
#11292 = DIRECTION('',(1.,0.));
#11293 = ( GEOMETRIC_REPRESENTATION_CONTEXT(2) 
PARAMETRIC_REPRESENTATION_CONTEXT() REPRESENTATION_CONTEXT('2D SPACE',''
  ) );
#11294 = PCURVE('',#10976,#11295);
#11295 = DEFINITIONAL_REPRESENTATION('',(#11296),#11300);
#11296 = LINE('',#11297,#11298);
#11297 = CARTESIAN_POINT('',(2.1,4.25400390625));
#11298 = VECTOR('',#11299,1.);
#11299 = DIRECTION('',(1.,0.));
#11300 = ( GEOMETRIC_REPRESENTATION_CONTEXT(2) 
PARAMETRIC_REPRESENTATION_CONTEXT() REPRESENTATION_CONTEXT('2D SPACE',''
  ) );
#11301 = ORIENTED_EDGE('',*,*,#11209,.F.);
#11302 = ORIENTED_EDGE('',*,*,#3699,.F.);
#11303 = ADVANCED_FACE('',(#11304),#3687,.T.);
#11304 = FACE_BOUND('',#11305,.T.);
#11305 = EDGE_LOOP('',(#11306,#11329,#11350,#11351));
#11306 = ORIENTED_EDGE('',*,*,#11307,.T.);
#11307 = EDGE_CURVE('',#3644,#11308,#11310,.T.);
#11308 = VERTEX_POINT('',#11309);
#11309 = CARTESIAN_POINT('',(7.9430078125,63.378007507324,1.4));
#11310 = SURFACE_CURVE('',#11311,(#11315,#11322),.PCURVE_S1.);
#11311 = LINE('',#11312,#11313);
#11312 = CARTESIAN_POINT('',(7.9430078125,63.378007507324,1.));
#11313 = VECTOR('',#11314,1.);
#11314 = DIRECTION('',(0.,0.,1.));
#11315 = PCURVE('',#3687,#11316);
#11316 = DEFINITIONAL_REPRESENTATION('',(#11317),#11321);
#11317 = LINE('',#11318,#11319);
#11318 = CARTESIAN_POINT('',(0.,0.));
#11319 = VECTOR('',#11320,1.);
#11320 = DIRECTION('',(0.,-1.));
#11321 = ( GEOMETRIC_REPRESENTATION_CONTEXT(2) 
PARAMETRIC_REPRESENTATION_CONTEXT() REPRESENTATION_CONTEXT('2D SPACE',''
  ) );
#11322 = PCURVE('',#3659,#11323);
#11323 = DEFINITIONAL_REPRESENTATION('',(#11324),#11328);
#11324 = LINE('',#11325,#11326);
#11325 = CARTESIAN_POINT('',(0.5580078125,0.));
#11326 = VECTOR('',#11327,1.);
#11327 = DIRECTION('',(0.,-1.));
#11328 = ( GEOMETRIC_REPRESENTATION_CONTEXT(2) 
PARAMETRIC_REPRESENTATION_CONTEXT() REPRESENTATION_CONTEXT('2D SPACE',''
  ) );
#11329 = ORIENTED_EDGE('',*,*,#11330,.T.);
#11330 = EDGE_CURVE('',#11308,#11259,#11331,.T.);
#11331 = SURFACE_CURVE('',#11332,(#11336,#11343),.PCURVE_S1.);
#11332 = LINE('',#11333,#11334);
#11333 = CARTESIAN_POINT('',(7.9430078125,63.378007507324,1.4));
#11334 = VECTOR('',#11335,1.);
#11335 = DIRECTION('',(0.585356805797,0.810775807426,0.));
#11336 = PCURVE('',#3687,#11337);
#11337 = DEFINITIONAL_REPRESENTATION('',(#11338),#11342);
#11338 = LINE('',#11339,#11340);
#11339 = CARTESIAN_POINT('',(5.199012827331E-16,-0.4));
#11340 = VECTOR('',#11341,1.);
#11341 = DIRECTION('',(1.,0.));
#11342 = ( GEOMETRIC_REPRESENTATION_CONTEXT(2) 
PARAMETRIC_REPRESENTATION_CONTEXT() REPRESENTATION_CONTEXT('2D SPACE',''
  ) );
#11343 = PCURVE('',#10976,#11344);
#11344 = DEFINITIONAL_REPRESENTATION('',(#11345),#11349);
#11345 = LINE('',#11346,#11347);
#11346 = CARTESIAN_POINT('',(0.1680078125,1.5780078125));
#11347 = VECTOR('',#11348,1.);
#11348 = DIRECTION('',(0.585356805797,0.810775807426));
#11349 = ( GEOMETRIC_REPRESENTATION_CONTEXT(2) 
PARAMETRIC_REPRESENTATION_CONTEXT() REPRESENTATION_CONTEXT('2D SPACE',''
  ) );
#11350 = ORIENTED_EDGE('',*,*,#11258,.F.);
#11351 = ORIENTED_EDGE('',*,*,#3671,.F.);
#11352 = ADVANCED_FACE('',(#11353),#3659,.T.);
#11353 = FACE_BOUND('',#11354,.T.);
#11354 = EDGE_LOOP('',(#11355,#11378,#11399,#11400));
#11355 = ORIENTED_EDGE('',*,*,#11356,.T.);
#11356 = EDGE_CURVE('',#3616,#11357,#11359,.T.);
#11357 = VERTEX_POINT('',#11358);
#11358 = CARTESIAN_POINT('',(7.9430078125,62.819999694824,1.4));
#11359 = SURFACE_CURVE('',#11360,(#11364,#11371),.PCURVE_S1.);
#11360 = LINE('',#11361,#11362);
#11361 = CARTESIAN_POINT('',(7.9430078125,62.819999694824,1.));
#11362 = VECTOR('',#11363,1.);
#11363 = DIRECTION('',(0.,0.,1.));
#11364 = PCURVE('',#3659,#11365);
#11365 = DEFINITIONAL_REPRESENTATION('',(#11366),#11370);
#11366 = LINE('',#11367,#11368);
#11367 = CARTESIAN_POINT('',(0.,0.));
#11368 = VECTOR('',#11369,1.);
#11369 = DIRECTION('',(0.,-1.));
#11370 = ( GEOMETRIC_REPRESENTATION_CONTEXT(2) 
PARAMETRIC_REPRESENTATION_CONTEXT() REPRESENTATION_CONTEXT('2D SPACE',''
  ) );
#11371 = PCURVE('',#3631,#11372);
#11372 = DEFINITIONAL_REPRESENTATION('',(#11373),#11377);
#11373 = LINE('',#11374,#11375);
#11374 = CARTESIAN_POINT('',(1.793984375,0.));
#11375 = VECTOR('',#11376,1.);
#11376 = DIRECTION('',(0.,-1.));
#11377 = ( GEOMETRIC_REPRESENTATION_CONTEXT(2) 
PARAMETRIC_REPRESENTATION_CONTEXT() REPRESENTATION_CONTEXT('2D SPACE',''
  ) );
#11378 = ORIENTED_EDGE('',*,*,#11379,.T.);
#11379 = EDGE_CURVE('',#11357,#11308,#11380,.T.);
#11380 = SURFACE_CURVE('',#11381,(#11385,#11392),.PCURVE_S1.);
#11381 = LINE('',#11382,#11383);
#11382 = CARTESIAN_POINT('',(7.9430078125,62.819999694824,1.4));
#11383 = VECTOR('',#11384,1.);
#11384 = DIRECTION('',(0.,1.,0.));
#11385 = PCURVE('',#3659,#11386);
#11386 = DEFINITIONAL_REPRESENTATION('',(#11387),#11391);
#11387 = LINE('',#11388,#11389);
#11388 = CARTESIAN_POINT('',(-7.105427357601E-15,-0.4));
#11389 = VECTOR('',#11390,1.);
#11390 = DIRECTION('',(1.,0.));
#11391 = ( GEOMETRIC_REPRESENTATION_CONTEXT(2) 
PARAMETRIC_REPRESENTATION_CONTEXT() REPRESENTATION_CONTEXT('2D SPACE',''
  ) );
#11392 = PCURVE('',#10976,#11393);
#11393 = DEFINITIONAL_REPRESENTATION('',(#11394),#11398);
#11394 = LINE('',#11395,#11396);
#11395 = CARTESIAN_POINT('',(0.1680078125,1.02));
#11396 = VECTOR('',#11397,1.);
#11397 = DIRECTION('',(0.,1.));
#11398 = ( GEOMETRIC_REPRESENTATION_CONTEXT(2) 
PARAMETRIC_REPRESENTATION_CONTEXT() REPRESENTATION_CONTEXT('2D SPACE',''
  ) );
#11399 = ORIENTED_EDGE('',*,*,#11307,.F.);
#11400 = ORIENTED_EDGE('',*,*,#3643,.F.);
#11401 = ADVANCED_FACE('',(#11402),#3631,.T.);
#11402 = FACE_BOUND('',#11403,.T.);
#11403 = EDGE_LOOP('',(#11404,#11427,#11448,#11449));
#11404 = ORIENTED_EDGE('',*,*,#11405,.T.);
#11405 = EDGE_CURVE('',#3588,#11406,#11408,.T.);
#11406 = VERTEX_POINT('',#11407);
#11407 = CARTESIAN_POINT('',(9.7369921875,62.819999694824,1.4));
#11408 = SURFACE_CURVE('',#11409,(#11413,#11420),.PCURVE_S1.);
#11409 = LINE('',#11410,#11411);
#11410 = CARTESIAN_POINT('',(9.7369921875,62.819999694824,1.));
#11411 = VECTOR('',#11412,1.);
#11412 = DIRECTION('',(0.,0.,1.));
#11413 = PCURVE('',#3631,#11414);
#11414 = DEFINITIONAL_REPRESENTATION('',(#11415),#11419);
#11415 = LINE('',#11416,#11417);
#11416 = CARTESIAN_POINT('',(0.,-0.));
#11417 = VECTOR('',#11418,1.);
#11418 = DIRECTION('',(0.,-1.));
#11419 = ( GEOMETRIC_REPRESENTATION_CONTEXT(2) 
PARAMETRIC_REPRESENTATION_CONTEXT() REPRESENTATION_CONTEXT('2D SPACE',''
  ) );
#11420 = PCURVE('',#3603,#11421);
#11421 = DEFINITIONAL_REPRESENTATION('',(#11422),#11426);
#11422 = LINE('',#11423,#11424);
#11423 = CARTESIAN_POINT('',(1.02,0.));
#11424 = VECTOR('',#11425,1.);
#11425 = DIRECTION('',(0.,-1.));
#11426 = ( GEOMETRIC_REPRESENTATION_CONTEXT(2) 
PARAMETRIC_REPRESENTATION_CONTEXT() REPRESENTATION_CONTEXT('2D SPACE',''
  ) );
#11427 = ORIENTED_EDGE('',*,*,#11428,.T.);
#11428 = EDGE_CURVE('',#11406,#11357,#11429,.T.);
#11429 = SURFACE_CURVE('',#11430,(#11434,#11441),.PCURVE_S1.);
#11430 = LINE('',#11431,#11432);
#11431 = CARTESIAN_POINT('',(9.7369921875,62.819999694824,1.4));
#11432 = VECTOR('',#11433,1.);
#11433 = DIRECTION('',(-1.,0.,0.));
#11434 = PCURVE('',#3631,#11435);
#11435 = DEFINITIONAL_REPRESENTATION('',(#11436),#11440);
#11436 = LINE('',#11437,#11438);
#11437 = CARTESIAN_POINT('',(-1.7763568394E-15,-0.4));
#11438 = VECTOR('',#11439,1.);
#11439 = DIRECTION('',(1.,0.));
#11440 = ( GEOMETRIC_REPRESENTATION_CONTEXT(2) 
PARAMETRIC_REPRESENTATION_CONTEXT() REPRESENTATION_CONTEXT('2D SPACE',''
  ) );
#11441 = PCURVE('',#10976,#11442);
#11442 = DEFINITIONAL_REPRESENTATION('',(#11443),#11447);
#11443 = LINE('',#11444,#11445);
#11444 = CARTESIAN_POINT('',(1.9619921875,1.02));
#11445 = VECTOR('',#11446,1.);
#11446 = DIRECTION('',(-1.,0.));
#11447 = ( GEOMETRIC_REPRESENTATION_CONTEXT(2) 
PARAMETRIC_REPRESENTATION_CONTEXT() REPRESENTATION_CONTEXT('2D SPACE',''
  ) );
#11448 = ORIENTED_EDGE('',*,*,#11356,.F.);
#11449 = ORIENTED_EDGE('',*,*,#3615,.F.);
#11450 = ADVANCED_FACE('',(#11451),#3603,.T.);
#11451 = FACE_BOUND('',#11452,.T.);
#11452 = EDGE_LOOP('',(#11453,#11454,#11475,#11476));
#11453 = ORIENTED_EDGE('',*,*,#10988,.T.);
#11454 = ORIENTED_EDGE('',*,*,#11455,.T.);
#11455 = EDGE_CURVE('',#10961,#11406,#11456,.T.);
#11456 = SURFACE_CURVE('',#11457,(#11461,#11468),.PCURVE_S1.);
#11457 = LINE('',#11458,#11459);
#11458 = CARTESIAN_POINT('',(9.7369921875,61.799999694824,1.4));
#11459 = VECTOR('',#11460,1.);
#11460 = DIRECTION('',(0.,1.,0.));
#11461 = PCURVE('',#3603,#11462);
#11462 = DEFINITIONAL_REPRESENTATION('',(#11463),#11467);
#11463 = LINE('',#11464,#11465);
#11464 = CARTESIAN_POINT('',(-7.105427357601E-15,-0.4));
#11465 = VECTOR('',#11466,1.);
#11466 = DIRECTION('',(1.,0.));
#11467 = ( GEOMETRIC_REPRESENTATION_CONTEXT(2) 
PARAMETRIC_REPRESENTATION_CONTEXT() REPRESENTATION_CONTEXT('2D SPACE',''
  ) );
#11468 = PCURVE('',#10976,#11469);
#11469 = DEFINITIONAL_REPRESENTATION('',(#11470),#11474);
#11470 = LINE('',#11471,#11472);
#11471 = CARTESIAN_POINT('',(1.9619921875,0.));
#11472 = VECTOR('',#11473,1.);
#11473 = DIRECTION('',(0.,1.));
#11474 = ( GEOMETRIC_REPRESENTATION_CONTEXT(2) 
PARAMETRIC_REPRESENTATION_CONTEXT() REPRESENTATION_CONTEXT('2D SPACE',''
  ) );
#11475 = ORIENTED_EDGE('',*,*,#11405,.F.);
#11476 = ORIENTED_EDGE('',*,*,#3587,.F.);
#11477 = ADVANCED_FACE('',(#11478),#3885,.T.);
#11478 = FACE_BOUND('',#11479,.T.);
#11479 = EDGE_LOOP('',(#11480,#11503,#11531,#11552));
#11480 = ORIENTED_EDGE('',*,*,#11481,.T.);
#11481 = EDGE_CURVE('',#3868,#11482,#11484,.T.);
#11482 = VERTEX_POINT('',#11483);
#11483 = CARTESIAN_POINT('',(11.59099609375,61.799999694824,1.4));
#11484 = SURFACE_CURVE('',#11485,(#11489,#11496),.PCURVE_S1.);
#11485 = LINE('',#11486,#11487);
#11486 = CARTESIAN_POINT('',(11.59099609375,61.799999694824,1.));
#11487 = VECTOR('',#11488,1.);
#11488 = DIRECTION('',(0.,0.,1.));
#11489 = PCURVE('',#3885,#11490);
#11490 = DEFINITIONAL_REPRESENTATION('',(#11491),#11495);
#11491 = LINE('',#11492,#11493);
#11492 = CARTESIAN_POINT('',(0.,0.));
#11493 = VECTOR('',#11494,1.);
#11494 = DIRECTION('',(0.,-1.));
#11495 = ( GEOMETRIC_REPRESENTATION_CONTEXT(2) 
PARAMETRIC_REPRESENTATION_CONTEXT() REPRESENTATION_CONTEXT('2D SPACE',''
  ) );
#11496 = PCURVE('',#4023,#11497);
#11497 = DEFINITIONAL_REPRESENTATION('',(#11498),#11502);
#11498 = LINE('',#11499,#11500);
#11499 = CARTESIAN_POINT('',(2.7180078125,0.));
#11500 = VECTOR('',#11501,1.);
#11501 = DIRECTION('',(0.,-1.));
#11502 = ( GEOMETRIC_REPRESENTATION_CONTEXT(2) 
PARAMETRIC_REPRESENTATION_CONTEXT() REPRESENTATION_CONTEXT('2D SPACE',''
  ) );
#11503 = ORIENTED_EDGE('',*,*,#11504,.T.);
#11504 = EDGE_CURVE('',#11482,#11505,#11507,.T.);
#11505 = VERTEX_POINT('',#11506);
#11506 = CARTESIAN_POINT('',(11.59099609375,66.174003601074,1.4));
#11507 = SURFACE_CURVE('',#11508,(#11512,#11519),.PCURVE_S1.);
#11508 = LINE('',#11509,#11510);
#11509 = CARTESIAN_POINT('',(11.59099609375,61.799999694824,1.4));
#11510 = VECTOR('',#11511,1.);
#11511 = DIRECTION('',(0.,1.,0.));
#11512 = PCURVE('',#3885,#11513);
#11513 = DEFINITIONAL_REPRESENTATION('',(#11514),#11518);
#11514 = LINE('',#11515,#11516);
#11515 = CARTESIAN_POINT('',(-7.105427357601E-15,-0.4));
#11516 = VECTOR('',#11517,1.);
#11517 = DIRECTION('',(1.,0.));
#11518 = ( GEOMETRIC_REPRESENTATION_CONTEXT(2) 
PARAMETRIC_REPRESENTATION_CONTEXT() REPRESENTATION_CONTEXT('2D SPACE',''
  ) );
#11519 = PCURVE('',#11520,#11525);
#11520 = PLANE('',#11521);
#11521 = AXIS2_PLACEMENT_3D('',#11522,#11523,#11524);
#11522 = CARTESIAN_POINT('',(11.11099609375,61.799999694824,1.4));
#11523 = DIRECTION('',(0.,0.,1.));
#11524 = DIRECTION('',(1.,0.,0.));
#11525 = DEFINITIONAL_REPRESENTATION('',(#11526),#11530);
#11526 = LINE('',#11527,#11528);
#11527 = CARTESIAN_POINT('',(0.48,0.));
#11528 = VECTOR('',#11529,1.);
#11529 = DIRECTION('',(0.,1.));
#11530 = ( GEOMETRIC_REPRESENTATION_CONTEXT(2) 
PARAMETRIC_REPRESENTATION_CONTEXT() REPRESENTATION_CONTEXT('2D SPACE',''
  ) );
#11531 = ORIENTED_EDGE('',*,*,#11532,.F.);
#11532 = EDGE_CURVE('',#3870,#11505,#11533,.T.);
#11533 = SURFACE_CURVE('',#11534,(#11538,#11545),.PCURVE_S1.);
#11534 = LINE('',#11535,#11536);
#11535 = CARTESIAN_POINT('',(11.59099609375,66.174003601074,1.));
#11536 = VECTOR('',#11537,1.);
#11537 = DIRECTION('',(0.,0.,1.));
#11538 = PCURVE('',#3885,#11539);
#11539 = DEFINITIONAL_REPRESENTATION('',(#11540),#11544);
#11540 = LINE('',#11541,#11542);
#11541 = CARTESIAN_POINT('',(4.37400390625,0.));
#11542 = VECTOR('',#11543,1.);
#11543 = DIRECTION('',(0.,-1.));
#11544 = ( GEOMETRIC_REPRESENTATION_CONTEXT(2) 
PARAMETRIC_REPRESENTATION_CONTEXT() REPRESENTATION_CONTEXT('2D SPACE',''
  ) );
#11545 = PCURVE('',#3913,#11546);
#11546 = DEFINITIONAL_REPRESENTATION('',(#11547),#11551);
#11547 = LINE('',#11548,#11549);
#11548 = CARTESIAN_POINT('',(0.,0.));
#11549 = VECTOR('',#11550,1.);
#11550 = DIRECTION('',(0.,-1.));
#11551 = ( GEOMETRIC_REPRESENTATION_CONTEXT(2) 
PARAMETRIC_REPRESENTATION_CONTEXT() REPRESENTATION_CONTEXT('2D SPACE',''
  ) );
#11552 = ORIENTED_EDGE('',*,*,#3867,.F.);
#11553 = ADVANCED_FACE('',(#11554),#4023,.T.);
#11554 = FACE_BOUND('',#11555,.T.);
#11555 = EDGE_LOOP('',(#11556,#11579,#11600,#11601));
#11556 = ORIENTED_EDGE('',*,*,#11557,.T.);
#11557 = EDGE_CURVE('',#3982,#11558,#11560,.T.);
#11558 = VERTEX_POINT('',#11559);
#11559 = CARTESIAN_POINT('',(14.30900390625,61.799999694824,1.4));
#11560 = SURFACE_CURVE('',#11561,(#11565,#11572),.PCURVE_S1.);
#11561 = LINE('',#11562,#11563);
#11562 = CARTESIAN_POINT('',(14.30900390625,61.799999694824,1.));
#11563 = VECTOR('',#11564,1.);
#11564 = DIRECTION('',(0.,0.,1.));
#11565 = PCURVE('',#4023,#11566);
#11566 = DEFINITIONAL_REPRESENTATION('',(#11567),#11571);
#11567 = LINE('',#11568,#11569);
#11568 = CARTESIAN_POINT('',(0.,-0.));
#11569 = VECTOR('',#11570,1.);
#11570 = DIRECTION('',(0.,-1.));
#11571 = ( GEOMETRIC_REPRESENTATION_CONTEXT(2) 
PARAMETRIC_REPRESENTATION_CONTEXT() REPRESENTATION_CONTEXT('2D SPACE',''
  ) );
#11572 = PCURVE('',#3997,#11573);
#11573 = DEFINITIONAL_REPRESENTATION('',(#11574),#11578);
#11574 = LINE('',#11575,#11576);
#11575 = CARTESIAN_POINT('',(0.4919921875,0.));
#11576 = VECTOR('',#11577,1.);
#11577 = DIRECTION('',(0.,-1.));
#11578 = ( GEOMETRIC_REPRESENTATION_CONTEXT(2) 
PARAMETRIC_REPRESENTATION_CONTEXT() REPRESENTATION_CONTEXT('2D SPACE',''
  ) );
#11579 = ORIENTED_EDGE('',*,*,#11580,.T.);
#11580 = EDGE_CURVE('',#11558,#11482,#11581,.T.);
#11581 = SURFACE_CURVE('',#11582,(#11586,#11593),.PCURVE_S1.);
#11582 = LINE('',#11583,#11584);
#11583 = CARTESIAN_POINT('',(14.30900390625,61.799999694824,1.4));
#11584 = VECTOR('',#11585,1.);
#11585 = DIRECTION('',(-1.,0.,0.));
#11586 = PCURVE('',#4023,#11587);
#11587 = DEFINITIONAL_REPRESENTATION('',(#11588),#11592);
#11588 = LINE('',#11589,#11590);
#11589 = CARTESIAN_POINT('',(0.,-0.4));
#11590 = VECTOR('',#11591,1.);
#11591 = DIRECTION('',(1.,0.));
#11592 = ( GEOMETRIC_REPRESENTATION_CONTEXT(2) 
PARAMETRIC_REPRESENTATION_CONTEXT() REPRESENTATION_CONTEXT('2D SPACE',''
  ) );
#11593 = PCURVE('',#11520,#11594);
#11594 = DEFINITIONAL_REPRESENTATION('',(#11595),#11599);
#11595 = LINE('',#11596,#11597);
#11596 = CARTESIAN_POINT('',(3.1980078125,0.));
#11597 = VECTOR('',#11598,1.);
#11598 = DIRECTION('',(-1.,0.));
#11599 = ( GEOMETRIC_REPRESENTATION_CONTEXT(2) 
PARAMETRIC_REPRESENTATION_CONTEXT() REPRESENTATION_CONTEXT('2D SPACE',''
  ) );
#11600 = ORIENTED_EDGE('',*,*,#11481,.F.);
#11601 = ORIENTED_EDGE('',*,*,#4009,.F.);
#11602 = ADVANCED_FACE('',(#11603),#3997,.T.);
#11603 = FACE_BOUND('',#11604,.T.);
#11604 = EDGE_LOOP('',(#11605,#11628,#11649,#11650));
#11605 = ORIENTED_EDGE('',*,*,#11606,.T.);
#11606 = EDGE_CURVE('',#3954,#11607,#11609,.T.);
#11607 = VERTEX_POINT('',#11608);
#11608 = CARTESIAN_POINT('',(14.30900390625,62.291991882324,1.4));
#11609 = SURFACE_CURVE('',#11610,(#11614,#11621),.PCURVE_S1.);
#11610 = LINE('',#11611,#11612);
#11611 = CARTESIAN_POINT('',(14.30900390625,62.291991882324,1.));
#11612 = VECTOR('',#11613,1.);
#11613 = DIRECTION('',(0.,0.,1.));
#11614 = PCURVE('',#3997,#11615);
#11615 = DEFINITIONAL_REPRESENTATION('',(#11616),#11620);
#11616 = LINE('',#11617,#11618);
#11617 = CARTESIAN_POINT('',(0.,0.));
#11618 = VECTOR('',#11619,1.);
#11619 = DIRECTION('',(0.,-1.));
#11620 = ( GEOMETRIC_REPRESENTATION_CONTEXT(2) 
PARAMETRIC_REPRESENTATION_CONTEXT() REPRESENTATION_CONTEXT('2D SPACE',''
  ) );
#11621 = PCURVE('',#3969,#11622);
#11622 = DEFINITIONAL_REPRESENTATION('',(#11623),#11627);
#11623 = LINE('',#11624,#11625);
#11624 = CARTESIAN_POINT('',(2.16,0.));
#11625 = VECTOR('',#11626,1.);
#11626 = DIRECTION('',(0.,-1.));
#11627 = ( GEOMETRIC_REPRESENTATION_CONTEXT(2) 
PARAMETRIC_REPRESENTATION_CONTEXT() REPRESENTATION_CONTEXT('2D SPACE',''
  ) );
#11628 = ORIENTED_EDGE('',*,*,#11629,.T.);
#11629 = EDGE_CURVE('',#11607,#11558,#11630,.T.);
#11630 = SURFACE_CURVE('',#11631,(#11635,#11642),.PCURVE_S1.);
#11631 = LINE('',#11632,#11633);
#11632 = CARTESIAN_POINT('',(14.30900390625,62.291991882324,1.4));
#11633 = VECTOR('',#11634,1.);
#11634 = DIRECTION('',(0.,-1.,0.));
#11635 = PCURVE('',#3997,#11636);
#11636 = DEFINITIONAL_REPRESENTATION('',(#11637),#11641);
#11637 = LINE('',#11638,#11639);
#11638 = CARTESIAN_POINT('',(0.,-0.4));
#11639 = VECTOR('',#11640,1.);
#11640 = DIRECTION('',(1.,0.));
#11641 = ( GEOMETRIC_REPRESENTATION_CONTEXT(2) 
PARAMETRIC_REPRESENTATION_CONTEXT() REPRESENTATION_CONTEXT('2D SPACE',''
  ) );
#11642 = PCURVE('',#11520,#11643);
#11643 = DEFINITIONAL_REPRESENTATION('',(#11644),#11648);
#11644 = LINE('',#11645,#11646);
#11645 = CARTESIAN_POINT('',(3.1980078125,0.4919921875));
#11646 = VECTOR('',#11647,1.);
#11647 = DIRECTION('',(0.,-1.));
#11648 = ( GEOMETRIC_REPRESENTATION_CONTEXT(2) 
PARAMETRIC_REPRESENTATION_CONTEXT() REPRESENTATION_CONTEXT('2D SPACE',''
  ) );
#11649 = ORIENTED_EDGE('',*,*,#11557,.F.);
#11650 = ORIENTED_EDGE('',*,*,#3981,.F.);
#11651 = ADVANCED_FACE('',(#11652),#3969,.T.);
#11652 = FACE_BOUND('',#11653,.T.);
#11653 = EDGE_LOOP('',(#11654,#11677,#11698,#11699));
#11654 = ORIENTED_EDGE('',*,*,#11655,.T.);
#11655 = EDGE_CURVE('',#3926,#11656,#11658,.T.);
#11656 = VERTEX_POINT('',#11657);
#11657 = CARTESIAN_POINT('',(12.14900390625,62.291991882324,1.4));
#11658 = SURFACE_CURVE('',#11659,(#11663,#11670),.PCURVE_S1.);
#11659 = LINE('',#11660,#11661);
#11660 = CARTESIAN_POINT('',(12.14900390625,62.291991882324,1.));
#11661 = VECTOR('',#11662,1.);
#11662 = DIRECTION('',(0.,0.,1.));
#11663 = PCURVE('',#3969,#11664);
#11664 = DEFINITIONAL_REPRESENTATION('',(#11665),#11669);
#11665 = LINE('',#11666,#11667);
#11666 = CARTESIAN_POINT('',(0.,0.));
#11667 = VECTOR('',#11668,1.);
#11668 = DIRECTION('',(0.,-1.));
#11669 = ( GEOMETRIC_REPRESENTATION_CONTEXT(2) 
PARAMETRIC_REPRESENTATION_CONTEXT() REPRESENTATION_CONTEXT('2D SPACE',''
  ) );
#11670 = PCURVE('',#3941,#11671);
#11671 = DEFINITIONAL_REPRESENTATION('',(#11672),#11676);
#11672 = LINE('',#11673,#11674);
#11673 = CARTESIAN_POINT('',(3.88201171875,0.));
#11674 = VECTOR('',#11675,1.);
#11675 = DIRECTION('',(0.,-1.));
#11676 = ( GEOMETRIC_REPRESENTATION_CONTEXT(2) 
PARAMETRIC_REPRESENTATION_CONTEXT() REPRESENTATION_CONTEXT('2D SPACE',''
  ) );
#11677 = ORIENTED_EDGE('',*,*,#11678,.T.);
#11678 = EDGE_CURVE('',#11656,#11607,#11679,.T.);
#11679 = SURFACE_CURVE('',#11680,(#11684,#11691),.PCURVE_S1.);
#11680 = LINE('',#11681,#11682);
#11681 = CARTESIAN_POINT('',(12.14900390625,62.291991882324,1.4));
#11682 = VECTOR('',#11683,1.);
#11683 = DIRECTION('',(1.,0.,0.));
#11684 = PCURVE('',#3969,#11685);
#11685 = DEFINITIONAL_REPRESENTATION('',(#11686),#11690);
#11686 = LINE('',#11687,#11688);
#11687 = CARTESIAN_POINT('',(0.,-0.4));
#11688 = VECTOR('',#11689,1.);
#11689 = DIRECTION('',(1.,0.));
#11690 = ( GEOMETRIC_REPRESENTATION_CONTEXT(2) 
PARAMETRIC_REPRESENTATION_CONTEXT() REPRESENTATION_CONTEXT('2D SPACE',''
  ) );
#11691 = PCURVE('',#11520,#11692);
#11692 = DEFINITIONAL_REPRESENTATION('',(#11693),#11697);
#11693 = LINE('',#11694,#11695);
#11694 = CARTESIAN_POINT('',(1.0380078125,0.4919921875));
#11695 = VECTOR('',#11696,1.);
#11696 = DIRECTION('',(1.,0.));
#11697 = ( GEOMETRIC_REPRESENTATION_CONTEXT(2) 
PARAMETRIC_REPRESENTATION_CONTEXT() REPRESENTATION_CONTEXT('2D SPACE',''
  ) );
#11698 = ORIENTED_EDGE('',*,*,#11606,.F.);
#11699 = ORIENTED_EDGE('',*,*,#3953,.F.);
#11700 = ADVANCED_FACE('',(#11701),#3941,.T.);
#11701 = FACE_BOUND('',#11702,.T.);
#11702 = EDGE_LOOP('',(#11703,#11726,#11747,#11748));
#11703 = ORIENTED_EDGE('',*,*,#11704,.T.);
#11704 = EDGE_CURVE('',#3898,#11705,#11707,.T.);
#11705 = VERTEX_POINT('',#11706);
#11706 = CARTESIAN_POINT('',(12.14900390625,66.174003601074,1.4));
#11707 = SURFACE_CURVE('',#11708,(#11712,#11719),.PCURVE_S1.);
#11708 = LINE('',#11709,#11710);
#11709 = CARTESIAN_POINT('',(12.14900390625,66.174003601074,1.));
#11710 = VECTOR('',#11711,1.);
#11711 = DIRECTION('',(0.,0.,1.));
#11712 = PCURVE('',#3941,#11713);
#11713 = DEFINITIONAL_REPRESENTATION('',(#11714),#11718);
#11714 = LINE('',#11715,#11716);
#11715 = CARTESIAN_POINT('',(0.,0.));
#11716 = VECTOR('',#11717,1.);
#11717 = DIRECTION('',(0.,-1.));
#11718 = ( GEOMETRIC_REPRESENTATION_CONTEXT(2) 
PARAMETRIC_REPRESENTATION_CONTEXT() REPRESENTATION_CONTEXT('2D SPACE',''
  ) );
#11719 = PCURVE('',#3913,#11720);
#11720 = DEFINITIONAL_REPRESENTATION('',(#11721),#11725);
#11721 = LINE('',#11722,#11723);
#11722 = CARTESIAN_POINT('',(0.5580078125,0.));
#11723 = VECTOR('',#11724,1.);
#11724 = DIRECTION('',(0.,-1.));
#11725 = ( GEOMETRIC_REPRESENTATION_CONTEXT(2) 
PARAMETRIC_REPRESENTATION_CONTEXT() REPRESENTATION_CONTEXT('2D SPACE',''
  ) );
#11726 = ORIENTED_EDGE('',*,*,#11727,.T.);
#11727 = EDGE_CURVE('',#11705,#11656,#11728,.T.);
#11728 = SURFACE_CURVE('',#11729,(#11733,#11740),.PCURVE_S1.);
#11729 = LINE('',#11730,#11731);
#11730 = CARTESIAN_POINT('',(12.14900390625,66.174003601074,1.4));
#11731 = VECTOR('',#11732,1.);
#11732 = DIRECTION('',(0.,-1.,0.));
#11733 = PCURVE('',#3941,#11734);
#11734 = DEFINITIONAL_REPRESENTATION('',(#11735),#11739);
#11735 = LINE('',#11736,#11737);
#11736 = CARTESIAN_POINT('',(0.,-0.4));
#11737 = VECTOR('',#11738,1.);
#11738 = DIRECTION('',(1.,0.));
#11739 = ( GEOMETRIC_REPRESENTATION_CONTEXT(2) 
PARAMETRIC_REPRESENTATION_CONTEXT() REPRESENTATION_CONTEXT('2D SPACE',''
  ) );
#11740 = PCURVE('',#11520,#11741);
#11741 = DEFINITIONAL_REPRESENTATION('',(#11742),#11746);
#11742 = LINE('',#11743,#11744);
#11743 = CARTESIAN_POINT('',(1.0380078125,4.37400390625));
#11744 = VECTOR('',#11745,1.);
#11745 = DIRECTION('',(0.,-1.));
#11746 = ( GEOMETRIC_REPRESENTATION_CONTEXT(2) 
PARAMETRIC_REPRESENTATION_CONTEXT() REPRESENTATION_CONTEXT('2D SPACE',''
  ) );
#11747 = ORIENTED_EDGE('',*,*,#11655,.F.);
#11748 = ORIENTED_EDGE('',*,*,#3925,.F.);
#11749 = ADVANCED_FACE('',(#11750),#3913,.T.);
#11750 = FACE_BOUND('',#11751,.T.);
#11751 = EDGE_LOOP('',(#11752,#11753,#11774,#11775));
#11752 = ORIENTED_EDGE('',*,*,#11532,.T.);
#11753 = ORIENTED_EDGE('',*,*,#11754,.T.);
#11754 = EDGE_CURVE('',#11505,#11705,#11755,.T.);
#11755 = SURFACE_CURVE('',#11756,(#11760,#11767),.PCURVE_S1.);
#11756 = LINE('',#11757,#11758);
#11757 = CARTESIAN_POINT('',(11.59099609375,66.174003601074,1.4));
#11758 = VECTOR('',#11759,1.);
#11759 = DIRECTION('',(1.,0.,0.));
#11760 = PCURVE('',#3913,#11761);
#11761 = DEFINITIONAL_REPRESENTATION('',(#11762),#11766);
#11762 = LINE('',#11763,#11764);
#11763 = CARTESIAN_POINT('',(0.,-0.4));
#11764 = VECTOR('',#11765,1.);
#11765 = DIRECTION('',(1.,0.));
#11766 = ( GEOMETRIC_REPRESENTATION_CONTEXT(2) 
PARAMETRIC_REPRESENTATION_CONTEXT() REPRESENTATION_CONTEXT('2D SPACE',''
  ) );
#11767 = PCURVE('',#11520,#11768);
#11768 = DEFINITIONAL_REPRESENTATION('',(#11769),#11773);
#11769 = LINE('',#11770,#11771);
#11770 = CARTESIAN_POINT('',(0.48,4.37400390625));
#11771 = VECTOR('',#11772,1.);
#11772 = DIRECTION('',(1.,0.));
#11773 = ( GEOMETRIC_REPRESENTATION_CONTEXT(2) 
PARAMETRIC_REPRESENTATION_CONTEXT() REPRESENTATION_CONTEXT('2D SPACE',''
  ) );
#11774 = ORIENTED_EDGE('',*,*,#11704,.F.);
#11775 = ORIENTED_EDGE('',*,*,#3897,.F.);
#11776 = ADVANCED_FACE('',(#11777),#4055,.T.);
#11777 = FACE_BOUND('',#11778,.T.);
#11778 = EDGE_LOOP('',(#11779,#11802,#11830,#11851));
#11779 = ORIENTED_EDGE('',*,*,#11780,.T.);
#11780 = EDGE_CURVE('',#4038,#11781,#11783,.T.);
#11781 = VERTEX_POINT('',#11782);
#11782 = CARTESIAN_POINT('',(16.57099609375,61.799999694824,1.4));
#11783 = SURFACE_CURVE('',#11784,(#11788,#11795),.PCURVE_S1.);
#11784 = LINE('',#11785,#11786);
#11785 = CARTESIAN_POINT('',(16.57099609375,61.799999694824,1.));
#11786 = VECTOR('',#11787,1.);
#11787 = DIRECTION('',(0.,0.,1.));
#11788 = PCURVE('',#4055,#11789);
#11789 = DEFINITIONAL_REPRESENTATION('',(#11790),#11794);
#11790 = LINE('',#11791,#11792);
#11791 = CARTESIAN_POINT('',(0.,-0.));
#11792 = VECTOR('',#11793,1.);
#11793 = DIRECTION('',(0.,-1.));
#11794 = ( GEOMETRIC_REPRESENTATION_CONTEXT(2) 
PARAMETRIC_REPRESENTATION_CONTEXT() REPRESENTATION_CONTEXT('2D SPACE',''
  ) );
#11795 = PCURVE('',#4253,#11796);
#11796 = DEFINITIONAL_REPRESENTATION('',(#11797),#11801);
#11797 = LINE('',#11798,#11799);
#11798 = CARTESIAN_POINT('',(4.25400390625,0.));
#11799 = VECTOR('',#11800,1.);
#11800 = DIRECTION('',(0.,-1.));
#11801 = ( GEOMETRIC_REPRESENTATION_CONTEXT(2) 
PARAMETRIC_REPRESENTATION_CONTEXT() REPRESENTATION_CONTEXT('2D SPACE',''
  ) );
#11802 = ORIENTED_EDGE('',*,*,#11803,.T.);
#11803 = EDGE_CURVE('',#11781,#11804,#11806,.T.);
#11804 = VERTEX_POINT('',#11805);
#11805 = CARTESIAN_POINT('',(16.0430078125,61.799999694824,1.4));
#11806 = SURFACE_CURVE('',#11807,(#11811,#11818),.PCURVE_S1.);
#11807 = LINE('',#11808,#11809);
#11808 = CARTESIAN_POINT('',(16.57099609375,61.799999694824,1.4));
#11809 = VECTOR('',#11810,1.);
#11810 = DIRECTION('',(-1.,0.,0.));
#11811 = PCURVE('',#4055,#11812);
#11812 = DEFINITIONAL_REPRESENTATION('',(#11813),#11817);
#11813 = LINE('',#11814,#11815);
#11814 = CARTESIAN_POINT('',(0.,-0.4));
#11815 = VECTOR('',#11816,1.);
#11816 = DIRECTION('',(1.,0.));
#11817 = ( GEOMETRIC_REPRESENTATION_CONTEXT(2) 
PARAMETRIC_REPRESENTATION_CONTEXT() REPRESENTATION_CONTEXT('2D SPACE',''
  ) );
#11818 = PCURVE('',#11819,#11824);
#11819 = PLANE('',#11820);
#11820 = AXIS2_PLACEMENT_3D('',#11821,#11822,#11823);
#11821 = CARTESIAN_POINT('',(14.48900390625,61.799999694824,1.4));
#11822 = DIRECTION('',(0.,0.,1.));
#11823 = DIRECTION('',(1.,0.,0.));
#11824 = DEFINITIONAL_REPRESENTATION('',(#11825),#11829);
#11825 = LINE('',#11826,#11827);
#11826 = CARTESIAN_POINT('',(2.0819921875,0.));
#11827 = VECTOR('',#11828,1.);
#11828 = DIRECTION('',(-1.,0.));
#11829 = ( GEOMETRIC_REPRESENTATION_CONTEXT(2) 
PARAMETRIC_REPRESENTATION_CONTEXT() REPRESENTATION_CONTEXT('2D SPACE',''
  ) );
#11830 = ORIENTED_EDGE('',*,*,#11831,.F.);
#11831 = EDGE_CURVE('',#4040,#11804,#11832,.T.);
#11832 = SURFACE_CURVE('',#11833,(#11837,#11844),.PCURVE_S1.);
#11833 = LINE('',#11834,#11835);
#11834 = CARTESIAN_POINT('',(16.0430078125,61.799999694824,1.));
#11835 = VECTOR('',#11836,1.);
#11836 = DIRECTION('',(0.,0.,1.));
#11837 = PCURVE('',#4055,#11838);
#11838 = DEFINITIONAL_REPRESENTATION('',(#11839),#11843);
#11839 = LINE('',#11840,#11841);
#11840 = CARTESIAN_POINT('',(0.52798828125,0.));
#11841 = VECTOR('',#11842,1.);
#11842 = DIRECTION('',(0.,-1.));
#11843 = ( GEOMETRIC_REPRESENTATION_CONTEXT(2) 
PARAMETRIC_REPRESENTATION_CONTEXT() REPRESENTATION_CONTEXT('2D SPACE',''
  ) );
#11844 = PCURVE('',#4083,#11845);
#11845 = DEFINITIONAL_REPRESENTATION('',(#11846),#11850);
#11846 = LINE('',#11847,#11848);
#11847 = CARTESIAN_POINT('',(0.,0.));
#11848 = VECTOR('',#11849,1.);
#11849 = DIRECTION('',(0.,-1.));
#11850 = ( GEOMETRIC_REPRESENTATION_CONTEXT(2) 
PARAMETRIC_REPRESENTATION_CONTEXT() REPRESENTATION_CONTEXT('2D SPACE',''
  ) );
#11851 = ORIENTED_EDGE('',*,*,#4037,.F.);
#11852 = ADVANCED_FACE('',(#11853),#4253,.T.);
#11853 = FACE_BOUND('',#11854,.T.);
#11854 = EDGE_LOOP('',(#11855,#11878,#11899,#11900));
#11855 = ORIENTED_EDGE('',*,*,#11856,.T.);
#11856 = EDGE_CURVE('',#4212,#11857,#11859,.T.);
#11857 = VERTEX_POINT('',#11858);
#11858 = CARTESIAN_POINT('',(16.57099609375,66.054003601074,1.4));
#11859 = SURFACE_CURVE('',#11860,(#11864,#11871),.PCURVE_S1.);
#11860 = LINE('',#11861,#11862);
#11861 = CARTESIAN_POINT('',(16.57099609375,66.054003601074,1.));
#11862 = VECTOR('',#11863,1.);
#11863 = DIRECTION('',(0.,0.,1.));
#11864 = PCURVE('',#4253,#11865);
#11865 = DEFINITIONAL_REPRESENTATION('',(#11866),#11870);
#11866 = LINE('',#11867,#11868);
#11867 = CARTESIAN_POINT('',(0.,0.));
#11868 = VECTOR('',#11869,1.);
#11869 = DIRECTION('',(0.,-1.));
#11870 = ( GEOMETRIC_REPRESENTATION_CONTEXT(2) 
PARAMETRIC_REPRESENTATION_CONTEXT() REPRESENTATION_CONTEXT('2D SPACE',''
  ) );
#11871 = PCURVE('',#4227,#11872);
#11872 = DEFINITIONAL_REPRESENTATION('',(#11873),#11877);
#11873 = LINE('',#11874,#11875);
#11874 = CARTESIAN_POINT('',(0.34798828125,0.));
#11875 = VECTOR('',#11876,1.);
#11876 = DIRECTION('',(0.,-1.));
#11877 = ( GEOMETRIC_REPRESENTATION_CONTEXT(2) 
PARAMETRIC_REPRESENTATION_CONTEXT() REPRESENTATION_CONTEXT('2D SPACE',''
  ) );
#11878 = ORIENTED_EDGE('',*,*,#11879,.T.);
#11879 = EDGE_CURVE('',#11857,#11781,#11880,.T.);
#11880 = SURFACE_CURVE('',#11881,(#11885,#11892),.PCURVE_S1.);
#11881 = LINE('',#11882,#11883);
#11882 = CARTESIAN_POINT('',(16.57099609375,66.054003601074,1.4));
#11883 = VECTOR('',#11884,1.);
#11884 = DIRECTION('',(0.,-1.,0.));
#11885 = PCURVE('',#4253,#11886);
#11886 = DEFINITIONAL_REPRESENTATION('',(#11887),#11891);
#11887 = LINE('',#11888,#11889);
#11888 = CARTESIAN_POINT('',(-1.42108547152E-14,-0.4));
#11889 = VECTOR('',#11890,1.);
#11890 = DIRECTION('',(1.,0.));
#11891 = ( GEOMETRIC_REPRESENTATION_CONTEXT(2) 
PARAMETRIC_REPRESENTATION_CONTEXT() REPRESENTATION_CONTEXT('2D SPACE',''
  ) );
#11892 = PCURVE('',#11819,#11893);
#11893 = DEFINITIONAL_REPRESENTATION('',(#11894),#11898);
#11894 = LINE('',#11895,#11896);
#11895 = CARTESIAN_POINT('',(2.0819921875,4.25400390625));
#11896 = VECTOR('',#11897,1.);
#11897 = DIRECTION('',(0.,-1.));
#11898 = ( GEOMETRIC_REPRESENTATION_CONTEXT(2) 
PARAMETRIC_REPRESENTATION_CONTEXT() REPRESENTATION_CONTEXT('2D SPACE',''
  ) );
#11899 = ORIENTED_EDGE('',*,*,#11780,.F.);
#11900 = ORIENTED_EDGE('',*,*,#4239,.F.);
#11901 = ADVANCED_FACE('',(#11902),#4227,.T.);
#11902 = FACE_BOUND('',#11903,.T.);
#11903 = EDGE_LOOP('',(#11904,#11927,#11948,#11949));
#11904 = ORIENTED_EDGE('',*,*,#11905,.T.);
#11905 = EDGE_CURVE('',#4182,#11906,#11908,.T.);
#11906 = VERTEX_POINT('',#11907);
#11907 = CARTESIAN_POINT('',(16.2230078125,66.054003601074,1.4));
#11908 = SURFACE_CURVE('',#11909,(#11913,#11920),.PCURVE_S1.);
#11909 = LINE('',#11910,#11911);
#11910 = CARTESIAN_POINT('',(16.2230078125,66.054003601074,1.));
#11911 = VECTOR('',#11912,1.);
#11912 = DIRECTION('',(0.,0.,1.));
#11913 = PCURVE('',#4227,#11914);
#11914 = DEFINITIONAL_REPRESENTATION('',(#11915),#11919);
#11915 = LINE('',#11916,#11917);
#11916 = CARTESIAN_POINT('',(0.,0.));
#11917 = VECTOR('',#11918,1.);
#11918 = DIRECTION('',(0.,-1.));
#11919 = ( GEOMETRIC_REPRESENTATION_CONTEXT(2) 
PARAMETRIC_REPRESENTATION_CONTEXT() REPRESENTATION_CONTEXT('2D SPACE',''
  ) );
#11920 = PCURVE('',#4197,#11921);
#11921 = DEFINITIONAL_REPRESENTATION('',(#11922),#11926);
#11922 = LINE('',#11923,#11924);
#11923 = CARTESIAN_POINT('',(1.,0.));
#11924 = VECTOR('',#11925,1.);
#11925 = DIRECTION('',(0.,-1.));
#11926 = ( GEOMETRIC_REPRESENTATION_CONTEXT(2) 
PARAMETRIC_REPRESENTATION_CONTEXT() REPRESENTATION_CONTEXT('2D SPACE',''
  ) );
#11927 = ORIENTED_EDGE('',*,*,#11928,.T.);
#11928 = EDGE_CURVE('',#11906,#11857,#11929,.T.);
#11929 = SURFACE_CURVE('',#11930,(#11934,#11941),.PCURVE_S1.);
#11930 = LINE('',#11931,#11932);
#11931 = CARTESIAN_POINT('',(16.2230078125,66.054003601074,1.4));
#11932 = VECTOR('',#11933,1.);
#11933 = DIRECTION('',(1.,0.,0.));
#11934 = PCURVE('',#4227,#11935);
#11935 = DEFINITIONAL_REPRESENTATION('',(#11936),#11940);
#11936 = LINE('',#11937,#11938);
#11937 = CARTESIAN_POINT('',(0.,-0.4));
#11938 = VECTOR('',#11939,1.);
#11939 = DIRECTION('',(1.,0.));
#11940 = ( GEOMETRIC_REPRESENTATION_CONTEXT(2) 
PARAMETRIC_REPRESENTATION_CONTEXT() REPRESENTATION_CONTEXT('2D SPACE',''
  ) );
#11941 = PCURVE('',#11819,#11942);
#11942 = DEFINITIONAL_REPRESENTATION('',(#11943),#11947);
#11943 = LINE('',#11944,#11945);
#11944 = CARTESIAN_POINT('',(1.73400390625,4.25400390625));
#11945 = VECTOR('',#11946,1.);
#11946 = DIRECTION('',(1.,0.));
#11947 = ( GEOMETRIC_REPRESENTATION_CONTEXT(2) 
PARAMETRIC_REPRESENTATION_CONTEXT() REPRESENTATION_CONTEXT('2D SPACE',''
  ) );
#11948 = ORIENTED_EDGE('',*,*,#11856,.F.);
#11949 = ORIENTED_EDGE('',*,*,#4211,.F.);
#11950 = ADVANCED_FACE('',(#11951),#4197,.T.);
#11951 = FACE_BOUND('',#11952,.T.);
#11952 = EDGE_LOOP('',(#11953,#11976,#11997,#11998));
#11953 = ORIENTED_EDGE('',*,*,#11954,.T.);
#11954 = EDGE_CURVE('',#4152,#11955,#11957,.T.);
#11955 = VERTEX_POINT('',#11956);
#11956 = CARTESIAN_POINT('',(15.89900390625,65.423993835449,1.4));
#11957 = SURFACE_CURVE('',#11958,(#11962,#11969),.PCURVE_S1.);
#11958 = LINE('',#11959,#11960);
#11959 = CARTESIAN_POINT('',(15.89900390625,65.423993835449,1.));
#11960 = VECTOR('',#11961,1.);
#11961 = DIRECTION('',(0.,0.,1.));
#11962 = PCURVE('',#4197,#11963);
#11963 = DEFINITIONAL_REPRESENTATION('',(#11964),#11968);
#11964 = LINE('',#11965,#11966);
#11965 = CARTESIAN_POINT('',(0.,0.));
#11966 = VECTOR('',#11967,1.);
#11967 = DIRECTION('',(0.,-1.));
#11968 = ( GEOMETRIC_REPRESENTATION_CONTEXT(2) 
PARAMETRIC_REPRESENTATION_CONTEXT() REPRESENTATION_CONTEXT('2D SPACE',''
  ) );
#11969 = PCURVE('',#4167,#11970);
#11970 = DEFINITIONAL_REPRESENTATION('',(#11971),#11975);
#11971 = LINE('',#11972,#11973);
#11972 = CARTESIAN_POINT('',(1.,0.));
#11973 = VECTOR('',#11974,1.);
#11974 = DIRECTION('',(0.,-1.));
#11975 = ( GEOMETRIC_REPRESENTATION_CONTEXT(2) 
PARAMETRIC_REPRESENTATION_CONTEXT() REPRESENTATION_CONTEXT('2D SPACE',''
  ) );
#11976 = ORIENTED_EDGE('',*,*,#11977,.T.);
#11977 = EDGE_CURVE('',#11955,#11906,#11978,.T.);
#11978 = SURFACE_CURVE('',#11979,(#11983,#11990),.PCURVE_S1.);
#11979 = B_SPLINE_CURVE_WITH_KNOTS('',2,(#11980,#11981,#11982),
  .UNSPECIFIED.,.F.,.F.,(3,3),(0.,1.),.PIECEWISE_BEZIER_KNOTS.);
#11980 = CARTESIAN_POINT('',(15.89900390625,65.423993835449,1.4));
#11981 = CARTESIAN_POINT('',(16.085,65.561991882324,1.4));
#11982 = CARTESIAN_POINT('',(16.2230078125,66.054003601074,1.4));
#11983 = PCURVE('',#4197,#11984);
#11984 = DEFINITIONAL_REPRESENTATION('',(#11985),#11989);
#11985 = LINE('',#11986,#11987);
#11986 = CARTESIAN_POINT('',(0.,-0.4));
#11987 = VECTOR('',#11988,1.);
#11988 = DIRECTION('',(1.,0.));
#11989 = ( GEOMETRIC_REPRESENTATION_CONTEXT(2) 
PARAMETRIC_REPRESENTATION_CONTEXT() REPRESENTATION_CONTEXT('2D SPACE',''
  ) );
#11990 = PCURVE('',#11819,#11991);
#11991 = DEFINITIONAL_REPRESENTATION('',(#11992),#11996);
#11992 = B_SPLINE_CURVE_WITH_KNOTS('',2,(#11993,#11994,#11995),
  .UNSPECIFIED.,.F.,.F.,(3,3),(0.,1.),.PIECEWISE_BEZIER_KNOTS.);
#11993 = CARTESIAN_POINT('',(1.41,3.623994140625));
#11994 = CARTESIAN_POINT('',(1.59599609375,3.7619921875));
#11995 = CARTESIAN_POINT('',(1.73400390625,4.25400390625));
#11996 = ( GEOMETRIC_REPRESENTATION_CONTEXT(2) 
PARAMETRIC_REPRESENTATION_CONTEXT() REPRESENTATION_CONTEXT('2D SPACE',''
  ) );
#11997 = ORIENTED_EDGE('',*,*,#11905,.F.);
#11998 = ORIENTED_EDGE('',*,*,#4181,.F.);
#11999 = ADVANCED_FACE('',(#12000),#4167,.T.);
#12000 = FACE_BOUND('',#12001,.T.);
#12001 = EDGE_LOOP('',(#12002,#12025,#12046,#12047));
#12002 = ORIENTED_EDGE('',*,*,#12003,.T.);
#12003 = EDGE_CURVE('',#4124,#12004,#12006,.T.);
#12004 = VERTEX_POINT('',#12005);
#12005 = CARTESIAN_POINT('',(15.10099609375,65.208007507324,1.4));
#12006 = SURFACE_CURVE('',#12007,(#12011,#12018),.PCURVE_S1.);
#12007 = LINE('',#12008,#12009);
#12008 = CARTESIAN_POINT('',(15.10099609375,65.208007507324,1.));
#12009 = VECTOR('',#12010,1.);
#12010 = DIRECTION('',(0.,0.,1.));
#12011 = PCURVE('',#4167,#12012);
#12012 = DEFINITIONAL_REPRESENTATION('',(#12013),#12017);
#12013 = LINE('',#12014,#12015);
#12014 = CARTESIAN_POINT('',(0.,0.));
#12015 = VECTOR('',#12016,1.);
#12016 = DIRECTION('',(0.,-1.));
#12017 = ( GEOMETRIC_REPRESENTATION_CONTEXT(2) 
PARAMETRIC_REPRESENTATION_CONTEXT() REPRESENTATION_CONTEXT('2D SPACE',''
  ) );
#12018 = PCURVE('',#4139,#12019);
#12019 = DEFINITIONAL_REPRESENTATION('',(#12020),#12024);
#12020 = LINE('',#12021,#12022);
#12021 = CARTESIAN_POINT('',(0.3780078125,0.));
#12022 = VECTOR('',#12023,1.);
#12023 = DIRECTION('',(0.,-1.));
#12024 = ( GEOMETRIC_REPRESENTATION_CONTEXT(2) 
PARAMETRIC_REPRESENTATION_CONTEXT() REPRESENTATION_CONTEXT('2D SPACE',''
  ) );
#12025 = ORIENTED_EDGE('',*,*,#12026,.T.);
#12026 = EDGE_CURVE('',#12004,#11955,#12027,.T.);
#12027 = SURFACE_CURVE('',#12028,(#12032,#12039),.PCURVE_S1.);
#12028 = B_SPLINE_CURVE_WITH_KNOTS('',2,(#12029,#12030,#12031),
  .UNSPECIFIED.,.F.,.F.,(3,3),(0.,1.),.PIECEWISE_BEZIER_KNOTS.);
#12029 = CARTESIAN_POINT('',(15.10099609375,65.208007507324,1.4));
#12030 = CARTESIAN_POINT('',(15.7130078125,65.285995788574,1.4));
#12031 = CARTESIAN_POINT('',(15.89900390625,65.423993835449,1.4));
#12032 = PCURVE('',#4167,#12033);
#12033 = DEFINITIONAL_REPRESENTATION('',(#12034),#12038);
#12034 = LINE('',#12035,#12036);
#12035 = CARTESIAN_POINT('',(0.,-0.4));
#12036 = VECTOR('',#12037,1.);
#12037 = DIRECTION('',(1.,0.));
#12038 = ( GEOMETRIC_REPRESENTATION_CONTEXT(2) 
PARAMETRIC_REPRESENTATION_CONTEXT() REPRESENTATION_CONTEXT('2D SPACE',''
  ) );
#12039 = PCURVE('',#11819,#12040);
#12040 = DEFINITIONAL_REPRESENTATION('',(#12041),#12045);
#12041 = B_SPLINE_CURVE_WITH_KNOTS('',2,(#12042,#12043,#12044),
  .UNSPECIFIED.,.F.,.F.,(3,3),(0.,1.),.PIECEWISE_BEZIER_KNOTS.);
#12042 = CARTESIAN_POINT('',(0.6119921875,3.4080078125));
#12043 = CARTESIAN_POINT('',(1.22400390625,3.48599609375));
#12044 = CARTESIAN_POINT('',(1.41,3.623994140625));
#12045 = ( GEOMETRIC_REPRESENTATION_CONTEXT(2) 
PARAMETRIC_REPRESENTATION_CONTEXT() REPRESENTATION_CONTEXT('2D SPACE',''
  ) );
#12046 = ORIENTED_EDGE('',*,*,#11954,.F.);
#12047 = ORIENTED_EDGE('',*,*,#4151,.F.);
#12048 = ADVANCED_FACE('',(#12049),#4139,.T.);
#12049 = FACE_BOUND('',#12050,.T.);
#12050 = EDGE_LOOP('',(#12051,#12074,#12095,#12096));
#12051 = ORIENTED_EDGE('',*,*,#12052,.T.);
#12052 = EDGE_CURVE('',#4096,#12053,#12055,.T.);
#12053 = VERTEX_POINT('',#12054);
#12054 = CARTESIAN_POINT('',(15.10099609375,64.829999694824,1.4));
#12055 = SURFACE_CURVE('',#12056,(#12060,#12067),.PCURVE_S1.);
#12056 = LINE('',#12057,#12058);
#12057 = CARTESIAN_POINT('',(15.10099609375,64.829999694824,1.));
#12058 = VECTOR('',#12059,1.);
#12059 = DIRECTION('',(0.,0.,1.));
#12060 = PCURVE('',#4139,#12061);
#12061 = DEFINITIONAL_REPRESENTATION('',(#12062),#12066);
#12062 = LINE('',#12063,#12064);
#12063 = CARTESIAN_POINT('',(0.,0.));
#12064 = VECTOR('',#12065,1.);
#12065 = DIRECTION('',(0.,-1.));
#12066 = ( GEOMETRIC_REPRESENTATION_CONTEXT(2) 
PARAMETRIC_REPRESENTATION_CONTEXT() REPRESENTATION_CONTEXT('2D SPACE',''
  ) );
#12067 = PCURVE('',#4111,#12068);
#12068 = DEFINITIONAL_REPRESENTATION('',(#12069),#12073);
#12069 = LINE('',#12070,#12071);
#12070 = CARTESIAN_POINT('',(0.94201171875,0.));
#12071 = VECTOR('',#12072,1.);
#12072 = DIRECTION('',(0.,-1.));
#12073 = ( GEOMETRIC_REPRESENTATION_CONTEXT(2) 
PARAMETRIC_REPRESENTATION_CONTEXT() REPRESENTATION_CONTEXT('2D SPACE',''
  ) );
#12074 = ORIENTED_EDGE('',*,*,#12075,.T.);
#12075 = EDGE_CURVE('',#12053,#12004,#12076,.T.);
#12076 = SURFACE_CURVE('',#12077,(#12081,#12088),.PCURVE_S1.);
#12077 = LINE('',#12078,#12079);
#12078 = CARTESIAN_POINT('',(15.10099609375,64.829999694824,1.4));
#12079 = VECTOR('',#12080,1.);
#12080 = DIRECTION('',(0.,1.,0.));
#12081 = PCURVE('',#4139,#12082);
#12082 = DEFINITIONAL_REPRESENTATION('',(#12083),#12087);
#12083 = LINE('',#12084,#12085);
#12084 = CARTESIAN_POINT('',(0.,-0.4));
#12085 = VECTOR('',#12086,1.);
#12086 = DIRECTION('',(1.,0.));
#12087 = ( GEOMETRIC_REPRESENTATION_CONTEXT(2) 
PARAMETRIC_REPRESENTATION_CONTEXT() REPRESENTATION_CONTEXT('2D SPACE',''
  ) );
#12088 = PCURVE('',#11819,#12089);
#12089 = DEFINITIONAL_REPRESENTATION('',(#12090),#12094);
#12090 = LINE('',#12091,#12092);
#12091 = CARTESIAN_POINT('',(0.6119921875,3.03));
#12092 = VECTOR('',#12093,1.);
#12093 = DIRECTION('',(0.,1.));
#12094 = ( GEOMETRIC_REPRESENTATION_CONTEXT(2) 
PARAMETRIC_REPRESENTATION_CONTEXT() REPRESENTATION_CONTEXT('2D SPACE',''
  ) );
#12095 = ORIENTED_EDGE('',*,*,#12003,.F.);
#12096 = ORIENTED_EDGE('',*,*,#4123,.F.);
#12097 = ADVANCED_FACE('',(#12098),#4111,.T.);
#12098 = FACE_BOUND('',#12099,.T.);
#12099 = EDGE_LOOP('',(#12100,#12123,#12144,#12145));
#12100 = ORIENTED_EDGE('',*,*,#12101,.T.);
#12101 = EDGE_CURVE('',#4068,#12102,#12104,.T.);
#12102 = VERTEX_POINT('',#12103);
#12103 = CARTESIAN_POINT('',(16.0430078125,64.829999694824,1.4));
#12104 = SURFACE_CURVE('',#12105,(#12109,#12116),.PCURVE_S1.);
#12105 = LINE('',#12106,#12107);
#12106 = CARTESIAN_POINT('',(16.0430078125,64.829999694824,1.));
#12107 = VECTOR('',#12108,1.);
#12108 = DIRECTION('',(0.,0.,1.));
#12109 = PCURVE('',#4111,#12110);
#12110 = DEFINITIONAL_REPRESENTATION('',(#12111),#12115);
#12111 = LINE('',#12112,#12113);
#12112 = CARTESIAN_POINT('',(0.,-0.));
#12113 = VECTOR('',#12114,1.);
#12114 = DIRECTION('',(0.,-1.));
#12115 = ( GEOMETRIC_REPRESENTATION_CONTEXT(2) 
PARAMETRIC_REPRESENTATION_CONTEXT() REPRESENTATION_CONTEXT('2D SPACE',''
  ) );
#12116 = PCURVE('',#4083,#12117);
#12117 = DEFINITIONAL_REPRESENTATION('',(#12118),#12122);
#12118 = LINE('',#12119,#12120);
#12119 = CARTESIAN_POINT('',(3.03,0.));
#12120 = VECTOR('',#12121,1.);
#12121 = DIRECTION('',(0.,-1.));
#12122 = ( GEOMETRIC_REPRESENTATION_CONTEXT(2) 
PARAMETRIC_REPRESENTATION_CONTEXT() REPRESENTATION_CONTEXT('2D SPACE',''
  ) );
#12123 = ORIENTED_EDGE('',*,*,#12124,.T.);
#12124 = EDGE_CURVE('',#12102,#12053,#12125,.T.);
#12125 = SURFACE_CURVE('',#12126,(#12130,#12137),.PCURVE_S1.);
#12126 = LINE('',#12127,#12128);
#12127 = CARTESIAN_POINT('',(16.0430078125,64.829999694824,1.4));
#12128 = VECTOR('',#12129,1.);
#12129 = DIRECTION('',(-1.,0.,0.));
#12130 = PCURVE('',#4111,#12131);
#12131 = DEFINITIONAL_REPRESENTATION('',(#12132),#12136);
#12132 = LINE('',#12133,#12134);
#12133 = CARTESIAN_POINT('',(0.,-0.4));
#12134 = VECTOR('',#12135,1.);
#12135 = DIRECTION('',(1.,0.));
#12136 = ( GEOMETRIC_REPRESENTATION_CONTEXT(2) 
PARAMETRIC_REPRESENTATION_CONTEXT() REPRESENTATION_CONTEXT('2D SPACE',''
  ) );
#12137 = PCURVE('',#11819,#12138);
#12138 = DEFINITIONAL_REPRESENTATION('',(#12139),#12143);
#12139 = LINE('',#12140,#12141);
#12140 = CARTESIAN_POINT('',(1.55400390625,3.03));
#12141 = VECTOR('',#12142,1.);
#12142 = DIRECTION('',(-1.,0.));
#12143 = ( GEOMETRIC_REPRESENTATION_CONTEXT(2) 
PARAMETRIC_REPRESENTATION_CONTEXT() REPRESENTATION_CONTEXT('2D SPACE',''
  ) );
#12144 = ORIENTED_EDGE('',*,*,#12052,.F.);
#12145 = ORIENTED_EDGE('',*,*,#4095,.F.);
#12146 = ADVANCED_FACE('',(#12147),#4083,.T.);
#12147 = FACE_BOUND('',#12148,.T.);
#12148 = EDGE_LOOP('',(#12149,#12150,#12171,#12172));
#12149 = ORIENTED_EDGE('',*,*,#11831,.T.);
#12150 = ORIENTED_EDGE('',*,*,#12151,.T.);
#12151 = EDGE_CURVE('',#11804,#12102,#12152,.T.);
#12152 = SURFACE_CURVE('',#12153,(#12157,#12164),.PCURVE_S1.);
#12153 = LINE('',#12154,#12155);
#12154 = CARTESIAN_POINT('',(16.0430078125,61.799999694824,1.4));
#12155 = VECTOR('',#12156,1.);
#12156 = DIRECTION('',(0.,1.,0.));
#12157 = PCURVE('',#4083,#12158);
#12158 = DEFINITIONAL_REPRESENTATION('',(#12159),#12163);
#12159 = LINE('',#12160,#12161);
#12160 = CARTESIAN_POINT('',(-7.105427357601E-15,-0.4));
#12161 = VECTOR('',#12162,1.);
#12162 = DIRECTION('',(1.,0.));
#12163 = ( GEOMETRIC_REPRESENTATION_CONTEXT(2) 
PARAMETRIC_REPRESENTATION_CONTEXT() REPRESENTATION_CONTEXT('2D SPACE',''
  ) );
#12164 = PCURVE('',#11819,#12165);
#12165 = DEFINITIONAL_REPRESENTATION('',(#12166),#12170);
#12166 = LINE('',#12167,#12168);
#12167 = CARTESIAN_POINT('',(1.55400390625,0.));
#12168 = VECTOR('',#12169,1.);
#12169 = DIRECTION('',(0.,1.));
#12170 = ( GEOMETRIC_REPRESENTATION_CONTEXT(2) 
PARAMETRIC_REPRESENTATION_CONTEXT() REPRESENTATION_CONTEXT('2D SPACE',''
  ) );
#12171 = ORIENTED_EDGE('',*,*,#12101,.F.);
#12172 = ORIENTED_EDGE('',*,*,#4067,.F.);
#12173 = ADVANCED_FACE('',(#12174),#4285,.T.);
#12174 = FACE_BOUND('',#12175,.T.);
#12175 = EDGE_LOOP('',(#12176,#12199,#12227,#12248));
#12176 = ORIENTED_EDGE('',*,*,#12177,.T.);
#12177 = EDGE_CURVE('',#4268,#12178,#12180,.T.);
#12178 = VERTEX_POINT('',#12179);
#12179 = CARTESIAN_POINT('',(18.1669921875,63.738007507324,1.4));
#12180 = SURFACE_CURVE('',#12181,(#12185,#12192),.PCURVE_S1.);
#12181 = LINE('',#12182,#12183);
#12182 = CARTESIAN_POINT('',(18.1669921875,63.738007507324,1.));
#12183 = VECTOR('',#12184,1.);
#12184 = DIRECTION('',(0.,0.,1.));
#12185 = PCURVE('',#4285,#12186);
#12186 = DEFINITIONAL_REPRESENTATION('',(#12187),#12191);
#12187 = LINE('',#12188,#12189);
#12188 = CARTESIAN_POINT('',(0.,0.));
#12189 = VECTOR('',#12190,1.);
#12190 = DIRECTION('',(0.,-1.));
#12191 = ( GEOMETRIC_REPRESENTATION_CONTEXT(2) 
PARAMETRIC_REPRESENTATION_CONTEXT() REPRESENTATION_CONTEXT('2D SPACE',''
  ) );
#12192 = PCURVE('',#5021,#12193);
#12193 = DEFINITIONAL_REPRESENTATION('',(#12194),#12198);
#12194 = LINE('',#12195,#12196);
#12195 = CARTESIAN_POINT('',(0.486015625,0.));
#12196 = VECTOR('',#12197,1.);
#12197 = DIRECTION('',(0.,-1.));
#12198 = ( GEOMETRIC_REPRESENTATION_CONTEXT(2) 
PARAMETRIC_REPRESENTATION_CONTEXT() REPRESENTATION_CONTEXT('2D SPACE',''
  ) );
#12199 = ORIENTED_EDGE('',*,*,#12200,.T.);
#12200 = EDGE_CURVE('',#12178,#12201,#12203,.T.);
#12201 = VERTEX_POINT('',#12202);
#12202 = CARTESIAN_POINT('',(18.485,66.054003601074,1.4));
#12203 = SURFACE_CURVE('',#12204,(#12208,#12215),.PCURVE_S1.);
#12204 = LINE('',#12205,#12206);
#12205 = CARTESIAN_POINT('',(18.1669921875,63.738007507324,1.4));
#12206 = VECTOR('',#12207,1.);
#12207 = DIRECTION('',(0.136032920634,0.990704317394,0.));
#12208 = PCURVE('',#4285,#12209);
#12209 = DEFINITIONAL_REPRESENTATION('',(#12210),#12214);
#12210 = LINE('',#12211,#12212);
#12211 = CARTESIAN_POINT('',(0.,-0.4));
#12212 = VECTOR('',#12213,1.);
#12213 = DIRECTION('',(1.,0.));
#12214 = ( GEOMETRIC_REPRESENTATION_CONTEXT(2) 
PARAMETRIC_REPRESENTATION_CONTEXT() REPRESENTATION_CONTEXT('2D SPACE',''
  ) );
#12215 = PCURVE('',#12216,#12221);
#12216 = PLANE('',#12217);
#12217 = AXIS2_PLACEMENT_3D('',#12218,#12219,#12220);
#12218 = CARTESIAN_POINT('',(17.825,61.799999694824,1.4));
#12219 = DIRECTION('',(0.,0.,1.));
#12220 = DIRECTION('',(1.,0.,0.));
#12221 = DEFINITIONAL_REPRESENTATION('',(#12222),#12226);
#12222 = LINE('',#12223,#12224);
#12223 = CARTESIAN_POINT('',(0.3419921875,1.9380078125));
#12224 = VECTOR('',#12225,1.);
#12225 = DIRECTION('',(0.136032920634,0.990704317394));
#12226 = ( GEOMETRIC_REPRESENTATION_CONTEXT(2) 
PARAMETRIC_REPRESENTATION_CONTEXT() REPRESENTATION_CONTEXT('2D SPACE',''
  ) );
#12227 = ORIENTED_EDGE('',*,*,#12228,.F.);
#12228 = EDGE_CURVE('',#4270,#12201,#12229,.T.);
#12229 = SURFACE_CURVE('',#12230,(#12234,#12241),.PCURVE_S1.);
#12230 = LINE('',#12231,#12232);
#12231 = CARTESIAN_POINT('',(18.485,66.054003601074,1.));
#12232 = VECTOR('',#12233,1.);
#12233 = DIRECTION('',(0.,0.,1.));
#12234 = PCURVE('',#4285,#12235);
#12235 = DEFINITIONAL_REPRESENTATION('',(#12236),#12240);
#12236 = LINE('',#12237,#12238);
#12237 = CARTESIAN_POINT('',(2.337726860665,0.));
#12238 = VECTOR('',#12239,1.);
#12239 = DIRECTION('',(0.,-1.));
#12240 = ( GEOMETRIC_REPRESENTATION_CONTEXT(2) 
PARAMETRIC_REPRESENTATION_CONTEXT() REPRESENTATION_CONTEXT('2D SPACE',''
  ) );
#12241 = PCURVE('',#4313,#12242);
#12242 = DEFINITIONAL_REPRESENTATION('',(#12243),#12247);
#12243 = LINE('',#12244,#12245);
#12244 = CARTESIAN_POINT('',(0.,0.));
#12245 = VECTOR('',#12246,1.);
#12246 = DIRECTION('',(0.,-1.));
#12247 = ( GEOMETRIC_REPRESENTATION_CONTEXT(2) 
PARAMETRIC_REPRESENTATION_CONTEXT() REPRESENTATION_CONTEXT('2D SPACE',''
  ) );
#12248 = ORIENTED_EDGE('',*,*,#4267,.F.);
#12249 = ADVANCED_FACE('',(#12250),#5021,.T.);
#12250 = FACE_BOUND('',#12251,.T.);
#12251 = EDGE_LOOP('',(#12252,#12275,#12296,#12297));
#12252 = ORIENTED_EDGE('',*,*,#12253,.T.);
#12253 = EDGE_CURVE('',#4978,#12254,#12256,.T.);
#12254 = VERTEX_POINT('',#12255);
#12255 = CARTESIAN_POINT('',(18.6530078125,63.738007507324,1.4));
#12256 = SURFACE_CURVE('',#12257,(#12261,#12268),.PCURVE_S1.);
#12257 = LINE('',#12258,#12259);
#12258 = CARTESIAN_POINT('',(18.6530078125,63.738007507324,1.));
#12259 = VECTOR('',#12260,1.);
#12260 = DIRECTION('',(0.,0.,1.));
#12261 = PCURVE('',#5021,#12262);
#12262 = DEFINITIONAL_REPRESENTATION('',(#12263),#12267);
#12263 = LINE('',#12264,#12265);
#12264 = CARTESIAN_POINT('',(0.,-0.));
#12265 = VECTOR('',#12266,1.);
#12266 = DIRECTION('',(0.,-1.));
#12267 = ( GEOMETRIC_REPRESENTATION_CONTEXT(2) 
PARAMETRIC_REPRESENTATION_CONTEXT() REPRESENTATION_CONTEXT('2D SPACE',''
  ) );
#12268 = PCURVE('',#4993,#12269);
#12269 = DEFINITIONAL_REPRESENTATION('',(#12270),#12274);
#12270 = LINE('',#12271,#12272);
#12271 = CARTESIAN_POINT('',(1.,0.));
#12272 = VECTOR('',#12273,1.);
#12273 = DIRECTION('',(0.,-1.));
#12274 = ( GEOMETRIC_REPRESENTATION_CONTEXT(2) 
PARAMETRIC_REPRESENTATION_CONTEXT() REPRESENTATION_CONTEXT('2D SPACE',''
  ) );
#12275 = ORIENTED_EDGE('',*,*,#12276,.T.);
#12276 = EDGE_CURVE('',#12254,#12178,#12277,.T.);
#12277 = SURFACE_CURVE('',#12278,(#12282,#12289),.PCURVE_S1.);
#12278 = LINE('',#12279,#12280);
#12279 = CARTESIAN_POINT('',(18.6530078125,63.738007507324,1.4));
#12280 = VECTOR('',#12281,1.);
#12281 = DIRECTION('',(-1.,0.,0.));
#12282 = PCURVE('',#5021,#12283);
#12283 = DEFINITIONAL_REPRESENTATION('',(#12284),#12288);
#12284 = LINE('',#12285,#12286);
#12285 = CARTESIAN_POINT('',(0.,-0.4));
#12286 = VECTOR('',#12287,1.);
#12287 = DIRECTION('',(1.,0.));
#12288 = ( GEOMETRIC_REPRESENTATION_CONTEXT(2) 
PARAMETRIC_REPRESENTATION_CONTEXT() REPRESENTATION_CONTEXT('2D SPACE',''
  ) );
#12289 = PCURVE('',#12216,#12290);
#12290 = DEFINITIONAL_REPRESENTATION('',(#12291),#12295);
#12291 = LINE('',#12292,#12293);
#12292 = CARTESIAN_POINT('',(0.8280078125,1.9380078125));
#12293 = VECTOR('',#12294,1.);
#12294 = DIRECTION('',(-1.,0.));
#12295 = ( GEOMETRIC_REPRESENTATION_CONTEXT(2) 
PARAMETRIC_REPRESENTATION_CONTEXT() REPRESENTATION_CONTEXT('2D SPACE',''
  ) );
#12296 = ORIENTED_EDGE('',*,*,#12177,.F.);
#12297 = ORIENTED_EDGE('',*,*,#5007,.F.);
#12298 = ADVANCED_FACE('',(#12299),#4993,.T.);
#12299 = FACE_BOUND('',#12300,.T.);
#12300 = EDGE_LOOP('',(#12301,#12324,#12345,#12346));
#12301 = ORIENTED_EDGE('',*,*,#12302,.T.);
#12302 = EDGE_CURVE('',#4948,#12303,#12305,.T.);
#12303 = VERTEX_POINT('',#12304);
#12304 = CARTESIAN_POINT('',(19.012998046875,64.047001647949,1.4));
#12305 = SURFACE_CURVE('',#12306,(#12310,#12317),.PCURVE_S1.);
#12306 = LINE('',#12307,#12308);
#12307 = CARTESIAN_POINT('',(19.012998046875,64.047001647949,1.));
#12308 = VECTOR('',#12309,1.);
#12309 = DIRECTION('',(0.,0.,1.));
#12310 = PCURVE('',#4993,#12311);
#12311 = DEFINITIONAL_REPRESENTATION('',(#12312),#12316);
#12312 = LINE('',#12313,#12314);
#12313 = CARTESIAN_POINT('',(0.,0.));
#12314 = VECTOR('',#12315,1.);
#12315 = DIRECTION('',(0.,-1.));
#12316 = ( GEOMETRIC_REPRESENTATION_CONTEXT(2) 
PARAMETRIC_REPRESENTATION_CONTEXT() REPRESENTATION_CONTEXT('2D SPACE',''
  ) );
#12317 = PCURVE('',#4963,#12318);
#12318 = DEFINITIONAL_REPRESENTATION('',(#12319),#12323);
#12319 = LINE('',#12320,#12321);
#12320 = CARTESIAN_POINT('',(1.,0.));
#12321 = VECTOR('',#12322,1.);
#12322 = DIRECTION('',(0.,-1.));
#12323 = ( GEOMETRIC_REPRESENTATION_CONTEXT(2) 
PARAMETRIC_REPRESENTATION_CONTEXT() REPRESENTATION_CONTEXT('2D SPACE',''
  ) );
#12324 = ORIENTED_EDGE('',*,*,#12325,.T.);
#12325 = EDGE_CURVE('',#12303,#12254,#12326,.T.);
#12326 = SURFACE_CURVE('',#12327,(#12331,#12338),.PCURVE_S1.);
#12327 = B_SPLINE_CURVE_WITH_KNOTS('',2,(#12328,#12329,#12330),
  .UNSPECIFIED.,.F.,.F.,(3,3),(0.,1.),.PIECEWISE_BEZIER_KNOTS.);
#12328 = CARTESIAN_POINT('',(19.012998046875,64.047001647949,1.4));
#12329 = CARTESIAN_POINT('',(18.83900390625,63.959999694824,1.4));
#12330 = CARTESIAN_POINT('',(18.6530078125,63.738007507324,1.4));
#12331 = PCURVE('',#4993,#12332);
#12332 = DEFINITIONAL_REPRESENTATION('',(#12333),#12337);
#12333 = LINE('',#12334,#12335);
#12334 = CARTESIAN_POINT('',(0.,-0.4));
#12335 = VECTOR('',#12336,1.);
#12336 = DIRECTION('',(1.,0.));
#12337 = ( GEOMETRIC_REPRESENTATION_CONTEXT(2) 
PARAMETRIC_REPRESENTATION_CONTEXT() REPRESENTATION_CONTEXT('2D SPACE',''
  ) );
#12338 = PCURVE('',#12216,#12339);
#12339 = DEFINITIONAL_REPRESENTATION('',(#12340),#12344);
#12340 = B_SPLINE_CURVE_WITH_KNOTS('',2,(#12341,#12342,#12343),
  .UNSPECIFIED.,.F.,.F.,(3,3),(0.,1.),.PIECEWISE_BEZIER_KNOTS.);
#12341 = CARTESIAN_POINT('',(1.187998046875,2.247001953125));
#12342 = CARTESIAN_POINT('',(1.01400390625,2.16));
#12343 = CARTESIAN_POINT('',(0.8280078125,1.9380078125));
#12344 = ( GEOMETRIC_REPRESENTATION_CONTEXT(2) 
PARAMETRIC_REPRESENTATION_CONTEXT() REPRESENTATION_CONTEXT('2D SPACE',''
  ) );
#12345 = ORIENTED_EDGE('',*,*,#12253,.F.);
#12346 = ORIENTED_EDGE('',*,*,#4977,.F.);
#12347 = ADVANCED_FACE('',(#12348),#4963,.T.);
#12348 = FACE_BOUND('',#12349,.T.);
#12349 = EDGE_LOOP('',(#12350,#12373,#12394,#12395));
#12350 = ORIENTED_EDGE('',*,*,#12351,.T.);
#12351 = EDGE_CURVE('',#4918,#12352,#12354,.T.);
#12352 = VERTEX_POINT('',#12353);
#12353 = CARTESIAN_POINT('',(19.4330078125,64.134003601074,1.4));
#12354 = SURFACE_CURVE('',#12355,(#12359,#12366),.PCURVE_S1.);
#12355 = LINE('',#12356,#12357);
#12356 = CARTESIAN_POINT('',(19.4330078125,64.134003601074,1.));
#12357 = VECTOR('',#12358,1.);
#12358 = DIRECTION('',(0.,0.,1.));
#12359 = PCURVE('',#4963,#12360);
#12360 = DEFINITIONAL_REPRESENTATION('',(#12361),#12365);
#12361 = LINE('',#12362,#12363);
#12362 = CARTESIAN_POINT('',(0.,0.));
#12363 = VECTOR('',#12364,1.);
#12364 = DIRECTION('',(0.,-1.));
#12365 = ( GEOMETRIC_REPRESENTATION_CONTEXT(2) 
PARAMETRIC_REPRESENTATION_CONTEXT() REPRESENTATION_CONTEXT('2D SPACE',''
  ) );
#12366 = PCURVE('',#4933,#12367);
#12367 = DEFINITIONAL_REPRESENTATION('',(#12368),#12372);
#12368 = LINE('',#12369,#12370);
#12369 = CARTESIAN_POINT('',(1.,0.));
#12370 = VECTOR('',#12371,1.);
#12371 = DIRECTION('',(0.,-1.));
#12372 = ( GEOMETRIC_REPRESENTATION_CONTEXT(2) 
PARAMETRIC_REPRESENTATION_CONTEXT() REPRESENTATION_CONTEXT('2D SPACE',''
  ) );
#12373 = ORIENTED_EDGE('',*,*,#12374,.T.);
#12374 = EDGE_CURVE('',#12352,#12303,#12375,.T.);
#12375 = SURFACE_CURVE('',#12376,(#12380,#12387),.PCURVE_S1.);
#12376 = B_SPLINE_CURVE_WITH_KNOTS('',2,(#12377,#12378,#12379),
  .UNSPECIFIED.,.F.,.F.,(3,3),(0.,1.),.PIECEWISE_BEZIER_KNOTS.);
#12377 = CARTESIAN_POINT('',(19.4330078125,64.134003601074,1.4));
#12378 = CARTESIAN_POINT('',(19.1869921875,64.134003601074,1.4));
#12379 = CARTESIAN_POINT('',(19.012998046875,64.047001647949,1.4));
#12380 = PCURVE('',#4963,#12381);
#12381 = DEFINITIONAL_REPRESENTATION('',(#12382),#12386);
#12382 = LINE('',#12383,#12384);
#12383 = CARTESIAN_POINT('',(0.,-0.4));
#12384 = VECTOR('',#12385,1.);
#12385 = DIRECTION('',(1.,0.));
#12386 = ( GEOMETRIC_REPRESENTATION_CONTEXT(2) 
PARAMETRIC_REPRESENTATION_CONTEXT() REPRESENTATION_CONTEXT('2D SPACE',''
  ) );
#12387 = PCURVE('',#12216,#12388);
#12388 = DEFINITIONAL_REPRESENTATION('',(#12389),#12393);
#12389 = B_SPLINE_CURVE_WITH_KNOTS('',2,(#12390,#12391,#12392),
  .UNSPECIFIED.,.F.,.F.,(3,3),(0.,1.),.PIECEWISE_BEZIER_KNOTS.);
#12390 = CARTESIAN_POINT('',(1.6080078125,2.33400390625));
#12391 = CARTESIAN_POINT('',(1.3619921875,2.33400390625));
#12392 = CARTESIAN_POINT('',(1.187998046875,2.247001953125));
#12393 = ( GEOMETRIC_REPRESENTATION_CONTEXT(2) 
PARAMETRIC_REPRESENTATION_CONTEXT() REPRESENTATION_CONTEXT('2D SPACE',''
  ) );
#12394 = ORIENTED_EDGE('',*,*,#12302,.F.);
#12395 = ORIENTED_EDGE('',*,*,#4947,.F.);
#12396 = ADVANCED_FACE('',(#12397),#4933,.T.);
#12397 = FACE_BOUND('',#12398,.T.);
#12398 = EDGE_LOOP('',(#12399,#12422,#12443,#12444));
#12399 = ORIENTED_EDGE('',*,*,#12400,.T.);
#12400 = EDGE_CURVE('',#4888,#12401,#12403,.T.);
#12401 = VERTEX_POINT('',#12402);
#12402 = CARTESIAN_POINT('',(20.111005859375,63.861005554199,1.4));
#12403 = SURFACE_CURVE('',#12404,(#12408,#12415),.PCURVE_S1.);
#12404 = LINE('',#12405,#12406);
#12405 = CARTESIAN_POINT('',(20.111005859375,63.861005554199,1.));
#12406 = VECTOR('',#12407,1.);
#12407 = DIRECTION('',(0.,0.,1.));
#12408 = PCURVE('',#4933,#12409);
#12409 = DEFINITIONAL_REPRESENTATION('',(#12410),#12414);
#12410 = LINE('',#12411,#12412);
#12411 = CARTESIAN_POINT('',(0.,0.));
#12412 = VECTOR('',#12413,1.);
#12413 = DIRECTION('',(0.,-1.));
#12414 = ( GEOMETRIC_REPRESENTATION_CONTEXT(2) 
PARAMETRIC_REPRESENTATION_CONTEXT() REPRESENTATION_CONTEXT('2D SPACE',''
  ) );
#12415 = PCURVE('',#4903,#12416);
#12416 = DEFINITIONAL_REPRESENTATION('',(#12417),#12421);
#12417 = LINE('',#12418,#12419);
#12418 = CARTESIAN_POINT('',(1.,0.));
#12419 = VECTOR('',#12420,1.);
#12420 = DIRECTION('',(0.,-1.));
#12421 = ( GEOMETRIC_REPRESENTATION_CONTEXT(2) 
PARAMETRIC_REPRESENTATION_CONTEXT() REPRESENTATION_CONTEXT('2D SPACE',''
  ) );
#12422 = ORIENTED_EDGE('',*,*,#12423,.T.);
#12423 = EDGE_CURVE('',#12401,#12352,#12424,.T.);
#12424 = SURFACE_CURVE('',#12425,(#12429,#12436),.PCURVE_S1.);
#12425 = B_SPLINE_CURVE_WITH_KNOTS('',2,(#12426,#12427,#12428),
  .UNSPECIFIED.,.F.,.F.,(3,3),(0.,1.),.PIECEWISE_BEZIER_KNOTS.);
#12426 = CARTESIAN_POINT('',(20.111005859375,63.861005554199,1.4));
#12427 = CARTESIAN_POINT('',(19.85900390625,64.134003601074,1.4));
#12428 = CARTESIAN_POINT('',(19.4330078125,64.134003601074,1.4));
#12429 = PCURVE('',#4933,#12430);
#12430 = DEFINITIONAL_REPRESENTATION('',(#12431),#12435);
#12431 = LINE('',#12432,#12433);
#12432 = CARTESIAN_POINT('',(0.,-0.4));
#12433 = VECTOR('',#12434,1.);
#12434 = DIRECTION('',(1.,0.));
#12435 = ( GEOMETRIC_REPRESENTATION_CONTEXT(2) 
PARAMETRIC_REPRESENTATION_CONTEXT() REPRESENTATION_CONTEXT('2D SPACE',''
  ) );
#12436 = PCURVE('',#12216,#12437);
#12437 = DEFINITIONAL_REPRESENTATION('',(#12438),#12442);
#12438 = B_SPLINE_CURVE_WITH_KNOTS('',2,(#12439,#12440,#12441),
  .UNSPECIFIED.,.F.,.F.,(3,3),(0.,1.),.PIECEWISE_BEZIER_KNOTS.);
#12439 = CARTESIAN_POINT('',(2.286005859375,2.061005859375));
#12440 = CARTESIAN_POINT('',(2.03400390625,2.33400390625));
#12441 = CARTESIAN_POINT('',(1.6080078125,2.33400390625));
#12442 = ( GEOMETRIC_REPRESENTATION_CONTEXT(2) 
PARAMETRIC_REPRESENTATION_CONTEXT() REPRESENTATION_CONTEXT('2D SPACE',''
  ) );
#12443 = ORIENTED_EDGE('',*,*,#12351,.F.);
#12444 = ORIENTED_EDGE('',*,*,#4917,.F.);
#12445 = ADVANCED_FACE('',(#12446),#4903,.T.);
#12446 = FACE_BOUND('',#12447,.T.);
#12447 = EDGE_LOOP('',(#12448,#12471,#12492,#12493));
#12448 = ORIENTED_EDGE('',*,*,#12449,.T.);
#12449 = EDGE_CURVE('',#4858,#12450,#12452,.T.);
#12450 = VERTEX_POINT('',#12451);
#12451 = CARTESIAN_POINT('',(20.3630078125,63.114003601074,1.4));
#12452 = SURFACE_CURVE('',#12453,(#12457,#12464),.PCURVE_S1.);
#12453 = LINE('',#12454,#12455);
#12454 = CARTESIAN_POINT('',(20.3630078125,63.114003601074,1.));
#12455 = VECTOR('',#12456,1.);
#12456 = DIRECTION('',(0.,0.,1.));
#12457 = PCURVE('',#4903,#12458);
#12458 = DEFINITIONAL_REPRESENTATION('',(#12459),#12463);
#12459 = LINE('',#12460,#12461);
#12460 = CARTESIAN_POINT('',(0.,0.));
#12461 = VECTOR('',#12462,1.);
#12462 = DIRECTION('',(0.,-1.));
#12463 = ( GEOMETRIC_REPRESENTATION_CONTEXT(2) 
PARAMETRIC_REPRESENTATION_CONTEXT() REPRESENTATION_CONTEXT('2D SPACE',''
  ) );
#12464 = PCURVE('',#4873,#12465);
#12465 = DEFINITIONAL_REPRESENTATION('',(#12466),#12470);
#12466 = LINE('',#12467,#12468);
#12467 = CARTESIAN_POINT('',(1.,0.));
#12468 = VECTOR('',#12469,1.);
#12469 = DIRECTION('',(0.,-1.));
#12470 = ( GEOMETRIC_REPRESENTATION_CONTEXT(2) 
PARAMETRIC_REPRESENTATION_CONTEXT() REPRESENTATION_CONTEXT('2D SPACE',''
  ) );
#12471 = ORIENTED_EDGE('',*,*,#12472,.T.);
#12472 = EDGE_CURVE('',#12450,#12401,#12473,.T.);
#12473 = SURFACE_CURVE('',#12474,(#12478,#12485),.PCURVE_S1.);
#12474 = B_SPLINE_CURVE_WITH_KNOTS('',2,(#12475,#12476,#12477),
  .UNSPECIFIED.,.F.,.F.,(3,3),(0.,1.),.PIECEWISE_BEZIER_KNOTS.);
#12475 = CARTESIAN_POINT('',(20.3630078125,63.114003601074,1.4));
#12476 = CARTESIAN_POINT('',(20.3630078125,63.588007507324,1.4));
#12477 = CARTESIAN_POINT('',(20.111005859375,63.861005554199,1.4));
#12478 = PCURVE('',#4903,#12479);
#12479 = DEFINITIONAL_REPRESENTATION('',(#12480),#12484);
#12480 = LINE('',#12481,#12482);
#12481 = CARTESIAN_POINT('',(0.,-0.4));
#12482 = VECTOR('',#12483,1.);
#12483 = DIRECTION('',(1.,0.));
#12484 = ( GEOMETRIC_REPRESENTATION_CONTEXT(2) 
PARAMETRIC_REPRESENTATION_CONTEXT() REPRESENTATION_CONTEXT('2D SPACE',''
  ) );
#12485 = PCURVE('',#12216,#12486);
#12486 = DEFINITIONAL_REPRESENTATION('',(#12487),#12491);
#12487 = B_SPLINE_CURVE_WITH_KNOTS('',2,(#12488,#12489,#12490),
  .UNSPECIFIED.,.F.,.F.,(3,3),(0.,1.),.PIECEWISE_BEZIER_KNOTS.);
#12488 = CARTESIAN_POINT('',(2.5380078125,1.31400390625));
#12489 = CARTESIAN_POINT('',(2.5380078125,1.7880078125));
#12490 = CARTESIAN_POINT('',(2.286005859375,2.061005859375));
#12491 = ( GEOMETRIC_REPRESENTATION_CONTEXT(2) 
PARAMETRIC_REPRESENTATION_CONTEXT() REPRESENTATION_CONTEXT('2D SPACE',''
  ) );
#12492 = ORIENTED_EDGE('',*,*,#12400,.F.);
#12493 = ORIENTED_EDGE('',*,*,#4887,.F.);
#12494 = ADVANCED_FACE('',(#12495),#4873,.T.);
#12495 = FACE_BOUND('',#12496,.T.);
#12496 = EDGE_LOOP('',(#12497,#12520,#12541,#12542));
#12497 = ORIENTED_EDGE('',*,*,#12498,.T.);
#12498 = EDGE_CURVE('',#4828,#12499,#12501,.T.);
#12499 = VERTEX_POINT('',#12500);
#12500 = CARTESIAN_POINT('',(20.11400390625,62.394003601074,1.4));
#12501 = SURFACE_CURVE('',#12502,(#12506,#12513),.PCURVE_S1.);
#12502 = LINE('',#12503,#12504);
#12503 = CARTESIAN_POINT('',(20.11400390625,62.394003601074,1.));
#12504 = VECTOR('',#12505,1.);
#12505 = DIRECTION('',(0.,0.,1.));
#12506 = PCURVE('',#4873,#12507);
#12507 = DEFINITIONAL_REPRESENTATION('',(#12508),#12512);
#12508 = LINE('',#12509,#12510);
#12509 = CARTESIAN_POINT('',(0.,0.));
#12510 = VECTOR('',#12511,1.);
#12511 = DIRECTION('',(0.,-1.));
#12512 = ( GEOMETRIC_REPRESENTATION_CONTEXT(2) 
PARAMETRIC_REPRESENTATION_CONTEXT() REPRESENTATION_CONTEXT('2D SPACE',''
  ) );
#12513 = PCURVE('',#4843,#12514);
#12514 = DEFINITIONAL_REPRESENTATION('',(#12515),#12519);
#12515 = LINE('',#12516,#12517);
#12516 = CARTESIAN_POINT('',(1.,0.));
#12517 = VECTOR('',#12518,1.);
#12518 = DIRECTION('',(0.,-1.));
#12519 = ( GEOMETRIC_REPRESENTATION_CONTEXT(2) 
PARAMETRIC_REPRESENTATION_CONTEXT() REPRESENTATION_CONTEXT('2D SPACE',''
  ) );
#12520 = ORIENTED_EDGE('',*,*,#12521,.T.);
#12521 = EDGE_CURVE('',#12499,#12450,#12522,.T.);
#12522 = SURFACE_CURVE('',#12523,(#12527,#12534),.PCURVE_S1.);
#12523 = B_SPLINE_CURVE_WITH_KNOTS('',2,(#12524,#12525,#12526),
  .UNSPECIFIED.,.F.,.F.,(3,3),(0.,1.),.PIECEWISE_BEZIER_KNOTS.);
#12524 = CARTESIAN_POINT('',(20.11400390625,62.394003601074,1.4));
#12525 = CARTESIAN_POINT('',(20.3630078125,62.658007507324,1.4));
#12526 = CARTESIAN_POINT('',(20.3630078125,63.114003601074,1.4));
#12527 = PCURVE('',#4873,#12528);
#12528 = DEFINITIONAL_REPRESENTATION('',(#12529),#12533);
#12529 = LINE('',#12530,#12531);
#12530 = CARTESIAN_POINT('',(0.,-0.4));
#12531 = VECTOR('',#12532,1.);
#12532 = DIRECTION('',(1.,0.));
#12533 = ( GEOMETRIC_REPRESENTATION_CONTEXT(2) 
PARAMETRIC_REPRESENTATION_CONTEXT() REPRESENTATION_CONTEXT('2D SPACE',''
  ) );
#12534 = PCURVE('',#12216,#12535);
#12535 = DEFINITIONAL_REPRESENTATION('',(#12536),#12540);
#12536 = B_SPLINE_CURVE_WITH_KNOTS('',2,(#12537,#12538,#12539),
  .UNSPECIFIED.,.F.,.F.,(3,3),(0.,1.),.PIECEWISE_BEZIER_KNOTS.);
#12537 = CARTESIAN_POINT('',(2.28900390625,0.59400390625));
#12538 = CARTESIAN_POINT('',(2.5380078125,0.8580078125));
#12539 = CARTESIAN_POINT('',(2.5380078125,1.31400390625));
#12540 = ( GEOMETRIC_REPRESENTATION_CONTEXT(2) 
PARAMETRIC_REPRESENTATION_CONTEXT() REPRESENTATION_CONTEXT('2D SPACE',''
  ) );
#12541 = ORIENTED_EDGE('',*,*,#12449,.F.);
#12542 = ORIENTED_EDGE('',*,*,#4857,.F.);
#12543 = ADVANCED_FACE('',(#12544),#4843,.T.);
#12544 = FACE_BOUND('',#12545,.T.);
#12545 = EDGE_LOOP('',(#12546,#12569,#12590,#12591));
#12546 = ORIENTED_EDGE('',*,*,#12547,.T.);
#12547 = EDGE_CURVE('',#4798,#12548,#12550,.T.);
#12548 = VERTEX_POINT('',#12549);
#12549 = CARTESIAN_POINT('',(19.4330078125,62.129999694824,1.4));
#12550 = SURFACE_CURVE('',#12551,(#12555,#12562),.PCURVE_S1.);
#12551 = LINE('',#12552,#12553);
#12552 = CARTESIAN_POINT('',(19.4330078125,62.129999694824,1.));
#12553 = VECTOR('',#12554,1.);
#12554 = DIRECTION('',(0.,0.,1.));
#12555 = PCURVE('',#4843,#12556);
#12556 = DEFINITIONAL_REPRESENTATION('',(#12557),#12561);
#12557 = LINE('',#12558,#12559);
#12558 = CARTESIAN_POINT('',(0.,0.));
#12559 = VECTOR('',#12560,1.);
#12560 = DIRECTION('',(0.,-1.));
#12561 = ( GEOMETRIC_REPRESENTATION_CONTEXT(2) 
PARAMETRIC_REPRESENTATION_CONTEXT() REPRESENTATION_CONTEXT('2D SPACE',''
  ) );
#12562 = PCURVE('',#4813,#12563);
#12563 = DEFINITIONAL_REPRESENTATION('',(#12564),#12568);
#12564 = LINE('',#12565,#12566);
#12565 = CARTESIAN_POINT('',(1.,0.));
#12566 = VECTOR('',#12567,1.);
#12567 = DIRECTION('',(0.,-1.));
#12568 = ( GEOMETRIC_REPRESENTATION_CONTEXT(2) 
PARAMETRIC_REPRESENTATION_CONTEXT() REPRESENTATION_CONTEXT('2D SPACE',''
  ) );
#12569 = ORIENTED_EDGE('',*,*,#12570,.T.);
#12570 = EDGE_CURVE('',#12548,#12499,#12571,.T.);
#12571 = SURFACE_CURVE('',#12572,(#12576,#12583),.PCURVE_S1.);
#12572 = B_SPLINE_CURVE_WITH_KNOTS('',2,(#12573,#12574,#12575),
  .UNSPECIFIED.,.F.,.F.,(3,3),(0.,1.),.PIECEWISE_BEZIER_KNOTS.);
#12573 = CARTESIAN_POINT('',(19.4330078125,62.129999694824,1.4));
#12574 = CARTESIAN_POINT('',(19.865,62.129999694824,1.4));
#12575 = CARTESIAN_POINT('',(20.11400390625,62.394003601074,1.4));
#12576 = PCURVE('',#4843,#12577);
#12577 = DEFINITIONAL_REPRESENTATION('',(#12578),#12582);
#12578 = LINE('',#12579,#12580);
#12579 = CARTESIAN_POINT('',(0.,-0.4));
#12580 = VECTOR('',#12581,1.);
#12581 = DIRECTION('',(1.,0.));
#12582 = ( GEOMETRIC_REPRESENTATION_CONTEXT(2) 
PARAMETRIC_REPRESENTATION_CONTEXT() REPRESENTATION_CONTEXT('2D SPACE',''
  ) );
#12583 = PCURVE('',#12216,#12584);
#12584 = DEFINITIONAL_REPRESENTATION('',(#12585),#12589);
#12585 = B_SPLINE_CURVE_WITH_KNOTS('',2,(#12586,#12587,#12588),
  .UNSPECIFIED.,.F.,.F.,(3,3),(0.,1.),.PIECEWISE_BEZIER_KNOTS.);
#12586 = CARTESIAN_POINT('',(1.6080078125,0.33));
#12587 = CARTESIAN_POINT('',(2.04,0.33));
#12588 = CARTESIAN_POINT('',(2.28900390625,0.59400390625));
#12589 = ( GEOMETRIC_REPRESENTATION_CONTEXT(2) 
PARAMETRIC_REPRESENTATION_CONTEXT() REPRESENTATION_CONTEXT('2D SPACE',''
  ) );
#12590 = ORIENTED_EDGE('',*,*,#12498,.F.);
#12591 = ORIENTED_EDGE('',*,*,#4827,.F.);
#12592 = ADVANCED_FACE('',(#12593),#4813,.T.);
#12593 = FACE_BOUND('',#12594,.T.);
#12594 = EDGE_LOOP('',(#12595,#12618,#12639,#12640));
#12595 = ORIENTED_EDGE('',*,*,#12596,.T.);
#12596 = EDGE_CURVE('',#4770,#12597,#12599,.T.);
#12597 = VERTEX_POINT('',#12598);
#12598 = CARTESIAN_POINT('',(18.5630078125,62.844003601074,1.4));
#12599 = SURFACE_CURVE('',#12600,(#12604,#12611),.PCURVE_S1.);
#12600 = LINE('',#12601,#12602);
#12601 = CARTESIAN_POINT('',(18.5630078125,62.844003601074,1.));
#12602 = VECTOR('',#12603,1.);
#12603 = DIRECTION('',(0.,0.,1.));
#12604 = PCURVE('',#4813,#12605);
#12605 = DEFINITIONAL_REPRESENTATION('',(#12606),#12610);
#12606 = LINE('',#12607,#12608);
#12607 = CARTESIAN_POINT('',(0.,0.));
#12608 = VECTOR('',#12609,1.);
#12609 = DIRECTION('',(0.,-1.));
#12610 = ( GEOMETRIC_REPRESENTATION_CONTEXT(2) 
PARAMETRIC_REPRESENTATION_CONTEXT() REPRESENTATION_CONTEXT('2D SPACE',''
  ) );
#12611 = PCURVE('',#4785,#12612);
#12612 = DEFINITIONAL_REPRESENTATION('',(#12613),#12617);
#12613 = LINE('',#12614,#12615);
#12614 = CARTESIAN_POINT('',(0.5280078125,0.));
#12615 = VECTOR('',#12616,1.);
#12616 = DIRECTION('',(0.,-1.));
#12617 = ( GEOMETRIC_REPRESENTATION_CONTEXT(2) 
PARAMETRIC_REPRESENTATION_CONTEXT() REPRESENTATION_CONTEXT('2D SPACE',''
  ) );
#12618 = ORIENTED_EDGE('',*,*,#12619,.T.);
#12619 = EDGE_CURVE('',#12597,#12548,#12620,.T.);
#12620 = SURFACE_CURVE('',#12621,(#12625,#12632),.PCURVE_S1.);
#12621 = B_SPLINE_CURVE_WITH_KNOTS('',2,(#12622,#12623,#12624),
  .UNSPECIFIED.,.F.,.F.,(3,3),(0.,1.),.PIECEWISE_BEZIER_KNOTS.);
#12622 = CARTESIAN_POINT('',(18.5630078125,62.844003601074,1.4));
#12623 = CARTESIAN_POINT('',(18.74900390625,62.129999694824,1.4));
#12624 = CARTESIAN_POINT('',(19.4330078125,62.129999694824,1.4));
#12625 = PCURVE('',#4813,#12626);
#12626 = DEFINITIONAL_REPRESENTATION('',(#12627),#12631);
#12627 = LINE('',#12628,#12629);
#12628 = CARTESIAN_POINT('',(0.,-0.4));
#12629 = VECTOR('',#12630,1.);
#12630 = DIRECTION('',(1.,0.));
#12631 = ( GEOMETRIC_REPRESENTATION_CONTEXT(2) 
PARAMETRIC_REPRESENTATION_CONTEXT() REPRESENTATION_CONTEXT('2D SPACE',''
  ) );
#12632 = PCURVE('',#12216,#12633);
#12633 = DEFINITIONAL_REPRESENTATION('',(#12634),#12638);
#12634 = B_SPLINE_CURVE_WITH_KNOTS('',2,(#12635,#12636,#12637),
  .UNSPECIFIED.,.F.,.F.,(3,3),(0.,1.),.PIECEWISE_BEZIER_KNOTS.);
#12635 = CARTESIAN_POINT('',(0.7380078125,1.04400390625));
#12636 = CARTESIAN_POINT('',(0.92400390625,0.33));
#12637 = CARTESIAN_POINT('',(1.6080078125,0.33));
#12638 = ( GEOMETRIC_REPRESENTATION_CONTEXT(2) 
PARAMETRIC_REPRESENTATION_CONTEXT() REPRESENTATION_CONTEXT('2D SPACE',''
  ) );
#12639 = ORIENTED_EDGE('',*,*,#12547,.F.);
#12640 = ORIENTED_EDGE('',*,*,#4797,.F.);
#12641 = ADVANCED_FACE('',(#12642),#4785,.T.);
#12642 = FACE_BOUND('',#12643,.T.);
#12643 = EDGE_LOOP('',(#12644,#12667,#12688,#12689));
#12644 = ORIENTED_EDGE('',*,*,#12645,.T.);
#12645 = EDGE_CURVE('',#4740,#12646,#12648,.T.);
#12646 = VERTEX_POINT('',#12647);
#12647 = CARTESIAN_POINT('',(18.035,62.844003601074,1.4));
#12648 = SURFACE_CURVE('',#12649,(#12653,#12660),.PCURVE_S1.);
#12649 = LINE('',#12650,#12651);
#12650 = CARTESIAN_POINT('',(18.035,62.844003601074,1.));
#12651 = VECTOR('',#12652,1.);
#12652 = DIRECTION('',(0.,0.,1.));
#12653 = PCURVE('',#4785,#12654);
#12654 = DEFINITIONAL_REPRESENTATION('',(#12655),#12659);
#12655 = LINE('',#12656,#12657);
#12656 = CARTESIAN_POINT('',(0.,0.));
#12657 = VECTOR('',#12658,1.);
#12658 = DIRECTION('',(0.,-1.));
#12659 = ( GEOMETRIC_REPRESENTATION_CONTEXT(2) 
PARAMETRIC_REPRESENTATION_CONTEXT() REPRESENTATION_CONTEXT('2D SPACE',''
  ) );
#12660 = PCURVE('',#4755,#12661);
#12661 = DEFINITIONAL_REPRESENTATION('',(#12662),#12666);
#12662 = LINE('',#12663,#12664);
#12663 = CARTESIAN_POINT('',(1.,0.));
#12664 = VECTOR('',#12665,1.);
#12665 = DIRECTION('',(0.,-1.));
#12666 = ( GEOMETRIC_REPRESENTATION_CONTEXT(2) 
PARAMETRIC_REPRESENTATION_CONTEXT() REPRESENTATION_CONTEXT('2D SPACE',''
  ) );
#12667 = ORIENTED_EDGE('',*,*,#12668,.T.);
#12668 = EDGE_CURVE('',#12646,#12597,#12669,.T.);
#12669 = SURFACE_CURVE('',#12670,(#12674,#12681),.PCURVE_S1.);
#12670 = LINE('',#12671,#12672);
#12671 = CARTESIAN_POINT('',(18.035,62.844003601074,1.4));
#12672 = VECTOR('',#12673,1.);
#12673 = DIRECTION('',(1.,0.,0.));
#12674 = PCURVE('',#4785,#12675);
#12675 = DEFINITIONAL_REPRESENTATION('',(#12676),#12680);
#12676 = LINE('',#12677,#12678);
#12677 = CARTESIAN_POINT('',(3.552713678801E-15,-0.4));
#12678 = VECTOR('',#12679,1.);
#12679 = DIRECTION('',(1.,0.));
#12680 = ( GEOMETRIC_REPRESENTATION_CONTEXT(2) 
PARAMETRIC_REPRESENTATION_CONTEXT() REPRESENTATION_CONTEXT('2D SPACE',''
  ) );
#12681 = PCURVE('',#12216,#12682);
#12682 = DEFINITIONAL_REPRESENTATION('',(#12683),#12687);
#12683 = LINE('',#12684,#12685);
#12684 = CARTESIAN_POINT('',(0.21,1.04400390625));
#12685 = VECTOR('',#12686,1.);
#12686 = DIRECTION('',(1.,0.));
#12687 = ( GEOMETRIC_REPRESENTATION_CONTEXT(2) 
PARAMETRIC_REPRESENTATION_CONTEXT() REPRESENTATION_CONTEXT('2D SPACE',''
  ) );
#12688 = ORIENTED_EDGE('',*,*,#12596,.F.);
#12689 = ORIENTED_EDGE('',*,*,#4769,.F.);
#12690 = ADVANCED_FACE('',(#12691),#4755,.T.);
#12691 = FACE_BOUND('',#12692,.T.);
#12692 = EDGE_LOOP('',(#12693,#12716,#12737,#12738));
#12693 = ORIENTED_EDGE('',*,*,#12694,.T.);
#12694 = EDGE_CURVE('',#4710,#12695,#12697,.T.);
#12695 = VERTEX_POINT('',#12696);
#12696 = CARTESIAN_POINT('',(18.065,62.687997741699,1.4));
#12697 = SURFACE_CURVE('',#12698,(#12702,#12709),.PCURVE_S1.);
#12698 = LINE('',#12699,#12700);
#12699 = CARTESIAN_POINT('',(18.065,62.687997741699,1.));
#12700 = VECTOR('',#12701,1.);
#12701 = DIRECTION('',(0.,0.,1.));
#12702 = PCURVE('',#4755,#12703);
#12703 = DEFINITIONAL_REPRESENTATION('',(#12704),#12708);
#12704 = LINE('',#12705,#12706);
#12705 = CARTESIAN_POINT('',(0.,0.));
#12706 = VECTOR('',#12707,1.);
#12707 = DIRECTION('',(0.,-1.));
#12708 = ( GEOMETRIC_REPRESENTATION_CONTEXT(2) 
PARAMETRIC_REPRESENTATION_CONTEXT() REPRESENTATION_CONTEXT('2D SPACE',''
  ) );
#12709 = PCURVE('',#4725,#12710);
#12710 = DEFINITIONAL_REPRESENTATION('',(#12711),#12715);
#12711 = LINE('',#12712,#12713);
#12712 = CARTESIAN_POINT('',(1.,0.));
#12713 = VECTOR('',#12714,1.);
#12714 = DIRECTION('',(0.,-1.));
#12715 = ( GEOMETRIC_REPRESENTATION_CONTEXT(2) 
PARAMETRIC_REPRESENTATION_CONTEXT() REPRESENTATION_CONTEXT('2D SPACE',''
  ) );
#12716 = ORIENTED_EDGE('',*,*,#12717,.T.);
#12717 = EDGE_CURVE('',#12695,#12646,#12718,.T.);
#12718 = SURFACE_CURVE('',#12719,(#12723,#12730),.PCURVE_S1.);
#12719 = B_SPLINE_CURVE_WITH_KNOTS('',2,(#12720,#12721,#12722),
  .UNSPECIFIED.,.F.,.F.,(3,3),(0.,1.),.PIECEWISE_BEZIER_KNOTS.);
#12720 = CARTESIAN_POINT('',(18.065,62.687997741699,1.4));
#12721 = CARTESIAN_POINT('',(18.0530078125,62.741991882324,1.4));
#12722 = CARTESIAN_POINT('',(18.035,62.844003601074,1.4));
#12723 = PCURVE('',#4755,#12724);
#12724 = DEFINITIONAL_REPRESENTATION('',(#12725),#12729);
#12725 = LINE('',#12726,#12727);
#12726 = CARTESIAN_POINT('',(0.,-0.4));
#12727 = VECTOR('',#12728,1.);
#12728 = DIRECTION('',(1.,0.));
#12729 = ( GEOMETRIC_REPRESENTATION_CONTEXT(2) 
PARAMETRIC_REPRESENTATION_CONTEXT() REPRESENTATION_CONTEXT('2D SPACE',''
  ) );
#12730 = PCURVE('',#12216,#12731);
#12731 = DEFINITIONAL_REPRESENTATION('',(#12732),#12736);
#12732 = B_SPLINE_CURVE_WITH_KNOTS('',2,(#12733,#12734,#12735),
  .UNSPECIFIED.,.F.,.F.,(3,3),(0.,1.),.PIECEWISE_BEZIER_KNOTS.);
#12733 = CARTESIAN_POINT('',(0.24,0.887998046875));
#12734 = CARTESIAN_POINT('',(0.2280078125,0.9419921875));
#12735 = CARTESIAN_POINT('',(0.21,1.04400390625));
#12736 = ( GEOMETRIC_REPRESENTATION_CONTEXT(2) 
PARAMETRIC_REPRESENTATION_CONTEXT() REPRESENTATION_CONTEXT('2D SPACE',''
  ) );
#12737 = ORIENTED_EDGE('',*,*,#12645,.F.);
#12738 = ORIENTED_EDGE('',*,*,#4739,.F.);
#12739 = ADVANCED_FACE('',(#12740),#4725,.T.);
#12740 = FACE_BOUND('',#12741,.T.);
#12741 = EDGE_LOOP('',(#12742,#12765,#12786,#12787));
#12742 = ORIENTED_EDGE('',*,*,#12743,.T.);
#12743 = EDGE_CURVE('',#4680,#12744,#12746,.T.);
#12744 = VERTEX_POINT('',#12745);
#12745 = CARTESIAN_POINT('',(18.127998046875,62.492997741699,1.4));
#12746 = SURFACE_CURVE('',#12747,(#12751,#12758),.PCURVE_S1.);
#12747 = LINE('',#12748,#12749);
#12748 = CARTESIAN_POINT('',(18.127998046875,62.492997741699,1.));
#12749 = VECTOR('',#12750,1.);
#12750 = DIRECTION('',(0.,0.,1.));
#12751 = PCURVE('',#4725,#12752);
#12752 = DEFINITIONAL_REPRESENTATION('',(#12753),#12757);
#12753 = LINE('',#12754,#12755);
#12754 = CARTESIAN_POINT('',(0.,0.));
#12755 = VECTOR('',#12756,1.);
#12756 = DIRECTION('',(0.,-1.));
#12757 = ( GEOMETRIC_REPRESENTATION_CONTEXT(2) 
PARAMETRIC_REPRESENTATION_CONTEXT() REPRESENTATION_CONTEXT('2D SPACE',''
  ) );
#12758 = PCURVE('',#4695,#12759);
#12759 = DEFINITIONAL_REPRESENTATION('',(#12760),#12764);
#12760 = LINE('',#12761,#12762);
#12761 = CARTESIAN_POINT('',(1.,0.));
#12762 = VECTOR('',#12763,1.);
#12763 = DIRECTION('',(0.,-1.));
#12764 = ( GEOMETRIC_REPRESENTATION_CONTEXT(2) 
PARAMETRIC_REPRESENTATION_CONTEXT() REPRESENTATION_CONTEXT('2D SPACE',''
  ) );
#12765 = ORIENTED_EDGE('',*,*,#12766,.T.);
#12766 = EDGE_CURVE('',#12744,#12695,#12767,.T.);
#12767 = SURFACE_CURVE('',#12768,(#12772,#12779),.PCURVE_S1.);
#12768 = B_SPLINE_CURVE_WITH_KNOTS('',2,(#12769,#12770,#12771),
  .UNSPECIFIED.,.F.,.F.,(3,3),(0.,1.),.PIECEWISE_BEZIER_KNOTS.);
#12769 = CARTESIAN_POINT('',(18.127998046875,62.492997741699,1.4));
#12770 = CARTESIAN_POINT('',(18.0769921875,62.634003601074,1.4));
#12771 = CARTESIAN_POINT('',(18.065,62.687997741699,1.4));
#12772 = PCURVE('',#4725,#12773);
#12773 = DEFINITIONAL_REPRESENTATION('',(#12774),#12778);
#12774 = LINE('',#12775,#12776);
#12775 = CARTESIAN_POINT('',(0.,-0.4));
#12776 = VECTOR('',#12777,1.);
#12777 = DIRECTION('',(1.,0.));
#12778 = ( GEOMETRIC_REPRESENTATION_CONTEXT(2) 
PARAMETRIC_REPRESENTATION_CONTEXT() REPRESENTATION_CONTEXT('2D SPACE',''
  ) );
#12779 = PCURVE('',#12216,#12780);
#12780 = DEFINITIONAL_REPRESENTATION('',(#12781),#12785);
#12781 = B_SPLINE_CURVE_WITH_KNOTS('',2,(#12782,#12783,#12784),
  .UNSPECIFIED.,.F.,.F.,(3,3),(0.,1.),.PIECEWISE_BEZIER_KNOTS.);
#12782 = CARTESIAN_POINT('',(0.302998046875,0.692998046875));
#12783 = CARTESIAN_POINT('',(0.2519921875,0.83400390625));
#12784 = CARTESIAN_POINT('',(0.24,0.887998046875));
#12785 = ( GEOMETRIC_REPRESENTATION_CONTEXT(2) 
PARAMETRIC_REPRESENTATION_CONTEXT() REPRESENTATION_CONTEXT('2D SPACE',''
  ) );
#12786 = ORIENTED_EDGE('',*,*,#12694,.F.);
#12787 = ORIENTED_EDGE('',*,*,#4709,.F.);
#12788 = ADVANCED_FACE('',(#12789),#4695,.T.);
#12789 = FACE_BOUND('',#12790,.T.);
#12790 = EDGE_LOOP('',(#12791,#12814,#12835,#12836));
#12791 = ORIENTED_EDGE('',*,*,#12792,.T.);
#12792 = EDGE_CURVE('',#4650,#12793,#12795,.T.);
#12793 = VERTEX_POINT('',#12794);
#12794 = CARTESIAN_POINT('',(18.236005859375,62.258993835449,1.4));
#12795 = SURFACE_CURVE('',#12796,(#12800,#12807),.PCURVE_S1.);
#12796 = LINE('',#12797,#12798);
#12797 = CARTESIAN_POINT('',(18.236005859375,62.258993835449,1.));
#12798 = VECTOR('',#12799,1.);
#12799 = DIRECTION('',(0.,0.,1.));
#12800 = PCURVE('',#4695,#12801);
#12801 = DEFINITIONAL_REPRESENTATION('',(#12802),#12806);
#12802 = LINE('',#12803,#12804);
#12803 = CARTESIAN_POINT('',(0.,0.));
#12804 = VECTOR('',#12805,1.);
#12805 = DIRECTION('',(0.,-1.));
#12806 = ( GEOMETRIC_REPRESENTATION_CONTEXT(2) 
PARAMETRIC_REPRESENTATION_CONTEXT() REPRESENTATION_CONTEXT('2D SPACE',''
  ) );
#12807 = PCURVE('',#4665,#12808);
#12808 = DEFINITIONAL_REPRESENTATION('',(#12809),#12813);
#12809 = LINE('',#12810,#12811);
#12810 = CARTESIAN_POINT('',(1.,0.));
#12811 = VECTOR('',#12812,1.);
#12812 = DIRECTION('',(0.,-1.));
#12813 = ( GEOMETRIC_REPRESENTATION_CONTEXT(2) 
PARAMETRIC_REPRESENTATION_CONTEXT() REPRESENTATION_CONTEXT('2D SPACE',''
  ) );
#12814 = ORIENTED_EDGE('',*,*,#12815,.T.);
#12815 = EDGE_CURVE('',#12793,#12744,#12816,.T.);
#12816 = SURFACE_CURVE('',#12817,(#12821,#12828),.PCURVE_S1.);
#12817 = B_SPLINE_CURVE_WITH_KNOTS('',2,(#12818,#12819,#12820),
  .UNSPECIFIED.,.F.,.F.,(3,3),(0.,1.),.PIECEWISE_BEZIER_KNOTS.);
#12818 = CARTESIAN_POINT('',(18.236005859375,62.258993835449,1.4));
#12819 = CARTESIAN_POINT('',(18.17900390625,62.351991882324,1.4));
#12820 = CARTESIAN_POINT('',(18.127998046875,62.492997741699,1.4));
#12821 = PCURVE('',#4695,#12822);
#12822 = DEFINITIONAL_REPRESENTATION('',(#12823),#12827);
#12823 = LINE('',#12824,#12825);
#12824 = CARTESIAN_POINT('',(0.,-0.4));
#12825 = VECTOR('',#12826,1.);
#12826 = DIRECTION('',(1.,0.));
#12827 = ( GEOMETRIC_REPRESENTATION_CONTEXT(2) 
PARAMETRIC_REPRESENTATION_CONTEXT() REPRESENTATION_CONTEXT('2D SPACE',''
  ) );
#12828 = PCURVE('',#12216,#12829);
#12829 = DEFINITIONAL_REPRESENTATION('',(#12830),#12834);
#12830 = B_SPLINE_CURVE_WITH_KNOTS('',2,(#12831,#12832,#12833),
  .UNSPECIFIED.,.F.,.F.,(3,3),(0.,1.),.PIECEWISE_BEZIER_KNOTS.);
#12831 = CARTESIAN_POINT('',(0.411005859375,0.458994140625));
#12832 = CARTESIAN_POINT('',(0.35400390625,0.5519921875));
#12833 = CARTESIAN_POINT('',(0.302998046875,0.692998046875));
#12834 = ( GEOMETRIC_REPRESENTATION_CONTEXT(2) 
PARAMETRIC_REPRESENTATION_CONTEXT() REPRESENTATION_CONTEXT('2D SPACE',''
  ) );
#12835 = ORIENTED_EDGE('',*,*,#12743,.F.);
#12836 = ORIENTED_EDGE('',*,*,#4679,.F.);
#12837 = ADVANCED_FACE('',(#12838),#4665,.T.);
#12838 = FACE_BOUND('',#12839,.T.);
#12839 = EDGE_LOOP('',(#12840,#12863,#12884,#12885));
#12840 = ORIENTED_EDGE('',*,*,#12841,.T.);
#12841 = EDGE_CURVE('',#4620,#12842,#12844,.T.);
#12842 = VERTEX_POINT('',#12843);
#12843 = CARTESIAN_POINT('',(18.40400390625,62.042997741699,1.4));
#12844 = SURFACE_CURVE('',#12845,(#12849,#12856),.PCURVE_S1.);
#12845 = LINE('',#12846,#12847);
#12846 = CARTESIAN_POINT('',(18.40400390625,62.042997741699,1.));
#12847 = VECTOR('',#12848,1.);
#12848 = DIRECTION('',(0.,0.,1.));
#12849 = PCURVE('',#4665,#12850);
#12850 = DEFINITIONAL_REPRESENTATION('',(#12851),#12855);
#12851 = LINE('',#12852,#12853);
#12852 = CARTESIAN_POINT('',(0.,0.));
#12853 = VECTOR('',#12854,1.);
#12854 = DIRECTION('',(0.,-1.));
#12855 = ( GEOMETRIC_REPRESENTATION_CONTEXT(2) 
PARAMETRIC_REPRESENTATION_CONTEXT() REPRESENTATION_CONTEXT('2D SPACE',''
  ) );
#12856 = PCURVE('',#4635,#12857);
#12857 = DEFINITIONAL_REPRESENTATION('',(#12858),#12862);
#12858 = LINE('',#12859,#12860);
#12859 = CARTESIAN_POINT('',(1.,0.));
#12860 = VECTOR('',#12861,1.);
#12861 = DIRECTION('',(0.,-1.));
#12862 = ( GEOMETRIC_REPRESENTATION_CONTEXT(2) 
PARAMETRIC_REPRESENTATION_CONTEXT() REPRESENTATION_CONTEXT('2D SPACE',''
  ) );
#12863 = ORIENTED_EDGE('',*,*,#12864,.T.);
#12864 = EDGE_CURVE('',#12842,#12793,#12865,.T.);
#12865 = SURFACE_CURVE('',#12866,(#12870,#12877),.PCURVE_S1.);
#12866 = B_SPLINE_CURVE_WITH_KNOTS('',2,(#12867,#12868,#12869),
  .UNSPECIFIED.,.F.,.F.,(3,3),(0.,1.),.PIECEWISE_BEZIER_KNOTS.);
#12867 = CARTESIAN_POINT('',(18.40400390625,62.042997741699,1.4));
#12868 = CARTESIAN_POINT('',(18.2930078125,62.165995788574,1.4));
#12869 = CARTESIAN_POINT('',(18.236005859375,62.258993835449,1.4));
#12870 = PCURVE('',#4665,#12871);
#12871 = DEFINITIONAL_REPRESENTATION('',(#12872),#12876);
#12872 = LINE('',#12873,#12874);
#12873 = CARTESIAN_POINT('',(0.,-0.4));
#12874 = VECTOR('',#12875,1.);
#12875 = DIRECTION('',(1.,0.));
#12876 = ( GEOMETRIC_REPRESENTATION_CONTEXT(2) 
PARAMETRIC_REPRESENTATION_CONTEXT() REPRESENTATION_CONTEXT('2D SPACE',''
  ) );
#12877 = PCURVE('',#12216,#12878);
#12878 = DEFINITIONAL_REPRESENTATION('',(#12879),#12883);
#12879 = B_SPLINE_CURVE_WITH_KNOTS('',2,(#12880,#12881,#12882),
  .UNSPECIFIED.,.F.,.F.,(3,3),(0.,1.),.PIECEWISE_BEZIER_KNOTS.);
#12880 = CARTESIAN_POINT('',(0.57900390625,0.242998046875));
#12881 = CARTESIAN_POINT('',(0.4680078125,0.36599609375));
#12882 = CARTESIAN_POINT('',(0.411005859375,0.458994140625));
#12883 = ( GEOMETRIC_REPRESENTATION_CONTEXT(2) 
PARAMETRIC_REPRESENTATION_CONTEXT() REPRESENTATION_CONTEXT('2D SPACE',''
  ) );
#12884 = ORIENTED_EDGE('',*,*,#12792,.F.);
#12885 = ORIENTED_EDGE('',*,*,#4649,.F.);
#12886 = ADVANCED_FACE('',(#12887),#4635,.T.);
#12887 = FACE_BOUND('',#12888,.T.);
#12888 = EDGE_LOOP('',(#12889,#12912,#12933,#12934));
#12889 = ORIENTED_EDGE('',*,*,#12890,.T.);
#12890 = EDGE_CURVE('',#4590,#12891,#12893,.T.);
#12891 = VERTEX_POINT('',#12892);
#12892 = CARTESIAN_POINT('',(18.65,61.844999694824,1.4));
#12893 = SURFACE_CURVE('',#12894,(#12898,#12905),.PCURVE_S1.);
#12894 = LINE('',#12895,#12896);
#12895 = CARTESIAN_POINT('',(18.65,61.844999694824,1.));
#12896 = VECTOR('',#12897,1.);
#12897 = DIRECTION('',(0.,0.,1.));
#12898 = PCURVE('',#4635,#12899);
#12899 = DEFINITIONAL_REPRESENTATION('',(#12900),#12904);
#12900 = LINE('',#12901,#12902);
#12901 = CARTESIAN_POINT('',(0.,0.));
#12902 = VECTOR('',#12903,1.);
#12903 = DIRECTION('',(0.,-1.));
#12904 = ( GEOMETRIC_REPRESENTATION_CONTEXT(2) 
PARAMETRIC_REPRESENTATION_CONTEXT() REPRESENTATION_CONTEXT('2D SPACE',''
  ) );
#12905 = PCURVE('',#4605,#12906);
#12906 = DEFINITIONAL_REPRESENTATION('',(#12907),#12911);
#12907 = LINE('',#12908,#12909);
#12908 = CARTESIAN_POINT('',(1.,0.));
#12909 = VECTOR('',#12910,1.);
#12910 = DIRECTION('',(0.,-1.));
#12911 = ( GEOMETRIC_REPRESENTATION_CONTEXT(2) 
PARAMETRIC_REPRESENTATION_CONTEXT() REPRESENTATION_CONTEXT('2D SPACE',''
  ) );
#12912 = ORIENTED_EDGE('',*,*,#12913,.T.);
#12913 = EDGE_CURVE('',#12891,#12842,#12914,.T.);
#12914 = SURFACE_CURVE('',#12915,(#12919,#12926),.PCURVE_S1.);
#12915 = B_SPLINE_CURVE_WITH_KNOTS('',2,(#12916,#12917,#12918),
  .UNSPECIFIED.,.F.,.F.,(3,3),(0.,1.),.PIECEWISE_BEZIER_KNOTS.);
#12916 = CARTESIAN_POINT('',(18.65,61.844999694824,1.4));
#12917 = CARTESIAN_POINT('',(18.515,61.919999694824,1.4));
#12918 = CARTESIAN_POINT('',(18.40400390625,62.042997741699,1.4));
#12919 = PCURVE('',#4635,#12920);
#12920 = DEFINITIONAL_REPRESENTATION('',(#12921),#12925);
#12921 = LINE('',#12922,#12923);
#12922 = CARTESIAN_POINT('',(0.,-0.4));
#12923 = VECTOR('',#12924,1.);
#12924 = DIRECTION('',(1.,0.));
#12925 = ( GEOMETRIC_REPRESENTATION_CONTEXT(2) 
PARAMETRIC_REPRESENTATION_CONTEXT() REPRESENTATION_CONTEXT('2D SPACE',''
  ) );
#12926 = PCURVE('',#12216,#12927);
#12927 = DEFINITIONAL_REPRESENTATION('',(#12928),#12932);
#12928 = B_SPLINE_CURVE_WITH_KNOTS('',2,(#12929,#12930,#12931),
  .UNSPECIFIED.,.F.,.F.,(3,3),(0.,1.),.PIECEWISE_BEZIER_KNOTS.);
#12929 = CARTESIAN_POINT('',(0.825,4.5E-02));
#12930 = CARTESIAN_POINT('',(0.69,0.12));
#12931 = CARTESIAN_POINT('',(0.57900390625,0.242998046875));
#12932 = ( GEOMETRIC_REPRESENTATION_CONTEXT(2) 
PARAMETRIC_REPRESENTATION_CONTEXT() REPRESENTATION_CONTEXT('2D SPACE',''
  ) );
#12933 = ORIENTED_EDGE('',*,*,#12841,.F.);
#12934 = ORIENTED_EDGE('',*,*,#4619,.F.);
#12935 = ADVANCED_FACE('',(#12936),#4605,.T.);
#12936 = FACE_BOUND('',#12937,.T.);
#12937 = EDGE_LOOP('',(#12938,#12961,#12982,#12983));
#12938 = ORIENTED_EDGE('',*,*,#12939,.T.);
#12939 = EDGE_CURVE('',#4560,#12940,#12942,.T.);
#12940 = VERTEX_POINT('',#12941);
#12941 = CARTESIAN_POINT('',(18.992001953125,61.715995788574,1.4));
#12942 = SURFACE_CURVE('',#12943,(#12947,#12954),.PCURVE_S1.);
#12943 = LINE('',#12944,#12945);
#12944 = CARTESIAN_POINT('',(18.992001953125,61.715995788574,1.));
#12945 = VECTOR('',#12946,1.);
#12946 = DIRECTION('',(0.,0.,1.));
#12947 = PCURVE('',#4605,#12948);
#12948 = DEFINITIONAL_REPRESENTATION('',(#12949),#12953);
#12949 = LINE('',#12950,#12951);
#12950 = CARTESIAN_POINT('',(0.,0.));
#12951 = VECTOR('',#12952,1.);
#12952 = DIRECTION('',(0.,-1.));
#12953 = ( GEOMETRIC_REPRESENTATION_CONTEXT(2) 
PARAMETRIC_REPRESENTATION_CONTEXT() REPRESENTATION_CONTEXT('2D SPACE',''
  ) );
#12954 = PCURVE('',#4575,#12955);
#12955 = DEFINITIONAL_REPRESENTATION('',(#12956),#12960);
#12956 = LINE('',#12957,#12958);
#12957 = CARTESIAN_POINT('',(1.,0.));
#12958 = VECTOR('',#12959,1.);
#12959 = DIRECTION('',(0.,-1.));
#12960 = ( GEOMETRIC_REPRESENTATION_CONTEXT(2) 
PARAMETRIC_REPRESENTATION_CONTEXT() REPRESENTATION_CONTEXT('2D SPACE',''
  ) );
#12961 = ORIENTED_EDGE('',*,*,#12962,.T.);
#12962 = EDGE_CURVE('',#12940,#12891,#12963,.T.);
#12963 = SURFACE_CURVE('',#12964,(#12968,#12975),.PCURVE_S1.);
#12964 = B_SPLINE_CURVE_WITH_KNOTS('',2,(#12965,#12966,#12967),
  .UNSPECIFIED.,.F.,.F.,(3,3),(0.,1.),.PIECEWISE_BEZIER_KNOTS.);
#12965 = CARTESIAN_POINT('',(18.992001953125,61.715995788574,1.4));
#12966 = CARTESIAN_POINT('',(18.785,61.769999694824,1.4));
#12967 = CARTESIAN_POINT('',(18.65,61.844999694824,1.4));
#12968 = PCURVE('',#4605,#12969);
#12969 = DEFINITIONAL_REPRESENTATION('',(#12970),#12974);
#12970 = LINE('',#12971,#12972);
#12971 = CARTESIAN_POINT('',(0.,-0.4));
#12972 = VECTOR('',#12973,1.);
#12973 = DIRECTION('',(1.,0.));
#12974 = ( GEOMETRIC_REPRESENTATION_CONTEXT(2) 
PARAMETRIC_REPRESENTATION_CONTEXT() REPRESENTATION_CONTEXT('2D SPACE',''
  ) );
#12975 = PCURVE('',#12216,#12976);
#12976 = DEFINITIONAL_REPRESENTATION('',(#12977),#12981);
#12977 = B_SPLINE_CURVE_WITH_KNOTS('',2,(#12978,#12979,#12980),
  .UNSPECIFIED.,.F.,.F.,(3,3),(0.,1.),.PIECEWISE_BEZIER_KNOTS.);
#12978 = CARTESIAN_POINT('',(1.167001953125,-8.400390625E-02));
#12979 = CARTESIAN_POINT('',(0.96,-3.E-02));
#12980 = CARTESIAN_POINT('',(0.825,4.5E-02));
#12981 = ( GEOMETRIC_REPRESENTATION_CONTEXT(2) 
PARAMETRIC_REPRESENTATION_CONTEXT() REPRESENTATION_CONTEXT('2D SPACE',''
  ) );
#12982 = ORIENTED_EDGE('',*,*,#12890,.F.);
#12983 = ORIENTED_EDGE('',*,*,#4589,.F.);
#12984 = ADVANCED_FACE('',(#12985),#4575,.T.);
#12985 = FACE_BOUND('',#12986,.T.);
#12986 = EDGE_LOOP('',(#12987,#13010,#13031,#13032));
#12987 = ORIENTED_EDGE('',*,*,#12988,.T.);
#12988 = EDGE_CURVE('',#4530,#12989,#12991,.T.);
#12989 = VERTEX_POINT('',#12990);
#12990 = CARTESIAN_POINT('',(19.445,61.661991882324,1.4));
#12991 = SURFACE_CURVE('',#12992,(#12996,#13003),.PCURVE_S1.);
#12992 = LINE('',#12993,#12994);
#12993 = CARTESIAN_POINT('',(19.445,61.661991882324,1.));
#12994 = VECTOR('',#12995,1.);
#12995 = DIRECTION('',(0.,0.,1.));
#12996 = PCURVE('',#4575,#12997);
#12997 = DEFINITIONAL_REPRESENTATION('',(#12998),#13002);
#12998 = LINE('',#12999,#13000);
#12999 = CARTESIAN_POINT('',(0.,0.));
#13000 = VECTOR('',#13001,1.);
#13001 = DIRECTION('',(0.,-1.));
#13002 = ( GEOMETRIC_REPRESENTATION_CONTEXT(2) 
PARAMETRIC_REPRESENTATION_CONTEXT() REPRESENTATION_CONTEXT('2D SPACE',''
  ) );
#13003 = PCURVE('',#4545,#13004);
#13004 = DEFINITIONAL_REPRESENTATION('',(#13005),#13009);
#13005 = LINE('',#13006,#13007);
#13006 = CARTESIAN_POINT('',(1.,0.));
#13007 = VECTOR('',#13008,1.);
#13008 = DIRECTION('',(0.,-1.));
#13009 = ( GEOMETRIC_REPRESENTATION_CONTEXT(2) 
PARAMETRIC_REPRESENTATION_CONTEXT() REPRESENTATION_CONTEXT('2D SPACE',''
  ) );
#13010 = ORIENTED_EDGE('',*,*,#13011,.T.);
#13011 = EDGE_CURVE('',#12989,#12940,#13012,.T.);
#13012 = SURFACE_CURVE('',#13013,(#13017,#13024),.PCURVE_S1.);
#13013 = B_SPLINE_CURVE_WITH_KNOTS('',2,(#13014,#13015,#13016),
  .UNSPECIFIED.,.F.,.F.,(3,3),(0.,1.),.PIECEWISE_BEZIER_KNOTS.);
#13014 = CARTESIAN_POINT('',(19.445,61.661991882324,1.4));
#13015 = CARTESIAN_POINT('',(19.19900390625,61.661991882324,1.4));
#13016 = CARTESIAN_POINT('',(18.992001953125,61.715995788574,1.4));
#13017 = PCURVE('',#4575,#13018);
#13018 = DEFINITIONAL_REPRESENTATION('',(#13019),#13023);
#13019 = LINE('',#13020,#13021);
#13020 = CARTESIAN_POINT('',(0.,-0.4));
#13021 = VECTOR('',#13022,1.);
#13022 = DIRECTION('',(1.,0.));
#13023 = ( GEOMETRIC_REPRESENTATION_CONTEXT(2) 
PARAMETRIC_REPRESENTATION_CONTEXT() REPRESENTATION_CONTEXT('2D SPACE',''
  ) );
#13024 = PCURVE('',#12216,#13025);
#13025 = DEFINITIONAL_REPRESENTATION('',(#13026),#13030);
#13026 = B_SPLINE_CURVE_WITH_KNOTS('',2,(#13027,#13028,#13029),
  .UNSPECIFIED.,.F.,.F.,(3,3),(0.,1.),.PIECEWISE_BEZIER_KNOTS.);
#13027 = CARTESIAN_POINT('',(1.62,-0.1380078125));
#13028 = CARTESIAN_POINT('',(1.37400390625,-0.1380078125));
#13029 = CARTESIAN_POINT('',(1.167001953125,-8.400390625E-02));
#13030 = ( GEOMETRIC_REPRESENTATION_CONTEXT(2) 
PARAMETRIC_REPRESENTATION_CONTEXT() REPRESENTATION_CONTEXT('2D SPACE',''
  ) );
#13031 = ORIENTED_EDGE('',*,*,#12939,.F.);
#13032 = ORIENTED_EDGE('',*,*,#4559,.F.);
#13033 = ADVANCED_FACE('',(#13034),#4545,.T.);
#13034 = FACE_BOUND('',#13035,.T.);
#13035 = EDGE_LOOP('',(#13036,#13059,#13080,#13081));
#13036 = ORIENTED_EDGE('',*,*,#13037,.T.);
#13037 = EDGE_CURVE('',#4500,#13038,#13040,.T.);
#13038 = VERTEX_POINT('',#13039);
#13039 = CARTESIAN_POINT('',(20.495,62.087997741699,1.4));
#13040 = SURFACE_CURVE('',#13041,(#13045,#13052),.PCURVE_S1.);
#13041 = LINE('',#13042,#13043);
#13042 = CARTESIAN_POINT('',(20.495,62.087997741699,1.));
#13043 = VECTOR('',#13044,1.);
#13044 = DIRECTION('',(0.,0.,1.));
#13045 = PCURVE('',#4545,#13046);
#13046 = DEFINITIONAL_REPRESENTATION('',(#13047),#13051);
#13047 = LINE('',#13048,#13049);
#13048 = CARTESIAN_POINT('',(0.,0.));
#13049 = VECTOR('',#13050,1.);
#13050 = DIRECTION('',(0.,-1.));
#13051 = ( GEOMETRIC_REPRESENTATION_CONTEXT(2) 
PARAMETRIC_REPRESENTATION_CONTEXT() REPRESENTATION_CONTEXT('2D SPACE',''
  ) );
#13052 = PCURVE('',#4515,#13053);
#13053 = DEFINITIONAL_REPRESENTATION('',(#13054),#13058);
#13054 = LINE('',#13055,#13056);
#13055 = CARTESIAN_POINT('',(1.,0.));
#13056 = VECTOR('',#13057,1.);
#13057 = DIRECTION('',(0.,-1.));
#13058 = ( GEOMETRIC_REPRESENTATION_CONTEXT(2) 
PARAMETRIC_REPRESENTATION_CONTEXT() REPRESENTATION_CONTEXT('2D SPACE',''
  ) );
#13059 = ORIENTED_EDGE('',*,*,#13060,.T.);
#13060 = EDGE_CURVE('',#13038,#12989,#13061,.T.);
#13061 = SURFACE_CURVE('',#13062,(#13066,#13073),.PCURVE_S1.);
#13062 = B_SPLINE_CURVE_WITH_KNOTS('',2,(#13063,#13064,#13065),
  .UNSPECIFIED.,.F.,.F.,(3,3),(0.,1.),.PIECEWISE_BEZIER_KNOTS.);
#13063 = CARTESIAN_POINT('',(20.495,62.087997741699,1.4));
#13064 = CARTESIAN_POINT('',(20.0869921875,61.661991882324,1.4));
#13065 = CARTESIAN_POINT('',(19.445,61.661991882324,1.4));
#13066 = PCURVE('',#4545,#13067);
#13067 = DEFINITIONAL_REPRESENTATION('',(#13068),#13072);
#13068 = LINE('',#13069,#13070);
#13069 = CARTESIAN_POINT('',(0.,-0.4));
#13070 = VECTOR('',#13071,1.);
#13071 = DIRECTION('',(1.,0.));
#13072 = ( GEOMETRIC_REPRESENTATION_CONTEXT(2) 
PARAMETRIC_REPRESENTATION_CONTEXT() REPRESENTATION_CONTEXT('2D SPACE',''
  ) );
#13073 = PCURVE('',#12216,#13074);
#13074 = DEFINITIONAL_REPRESENTATION('',(#13075),#13079);
#13075 = B_SPLINE_CURVE_WITH_KNOTS('',2,(#13076,#13077,#13078),
  .UNSPECIFIED.,.F.,.F.,(3,3),(0.,1.),.PIECEWISE_BEZIER_KNOTS.);
#13076 = CARTESIAN_POINT('',(2.67,0.287998046875));
#13077 = CARTESIAN_POINT('',(2.2619921875,-0.1380078125));
#13078 = CARTESIAN_POINT('',(1.62,-0.1380078125));
#13079 = ( GEOMETRIC_REPRESENTATION_CONTEXT(2) 
PARAMETRIC_REPRESENTATION_CONTEXT() REPRESENTATION_CONTEXT('2D SPACE',''
  ) );
#13080 = ORIENTED_EDGE('',*,*,#12988,.F.);
#13081 = ORIENTED_EDGE('',*,*,#4529,.F.);
#13082 = ADVANCED_FACE('',(#13083),#4515,.T.);
#13083 = FACE_BOUND('',#13084,.T.);
#13084 = EDGE_LOOP('',(#13085,#13108,#13129,#13130));
#13085 = ORIENTED_EDGE('',*,*,#13086,.T.);
#13086 = EDGE_CURVE('',#4470,#13087,#13089,.T.);
#13087 = VERTEX_POINT('',#13088);
#13088 = CARTESIAN_POINT('',(20.9030078125,63.185995788574,1.4));
#13089 = SURFACE_CURVE('',#13090,(#13094,#13101),.PCURVE_S1.);
#13090 = LINE('',#13091,#13092);
#13091 = CARTESIAN_POINT('',(20.9030078125,63.185995788574,1.));
#13092 = VECTOR('',#13093,1.);
#13093 = DIRECTION('',(0.,0.,1.));
#13094 = PCURVE('',#4515,#13095);
#13095 = DEFINITIONAL_REPRESENTATION('',(#13096),#13100);
#13096 = LINE('',#13097,#13098);
#13097 = CARTESIAN_POINT('',(0.,0.));
#13098 = VECTOR('',#13099,1.);
#13099 = DIRECTION('',(0.,-1.));
#13100 = ( GEOMETRIC_REPRESENTATION_CONTEXT(2) 
PARAMETRIC_REPRESENTATION_CONTEXT() REPRESENTATION_CONTEXT('2D SPACE',''
  ) );
#13101 = PCURVE('',#4485,#13102);
#13102 = DEFINITIONAL_REPRESENTATION('',(#13103),#13107);
#13103 = LINE('',#13104,#13105);
#13104 = CARTESIAN_POINT('',(1.,0.));
#13105 = VECTOR('',#13106,1.);
#13106 = DIRECTION('',(0.,-1.));
#13107 = ( GEOMETRIC_REPRESENTATION_CONTEXT(2) 
PARAMETRIC_REPRESENTATION_CONTEXT() REPRESENTATION_CONTEXT('2D SPACE',''
  ) );
#13108 = ORIENTED_EDGE('',*,*,#13109,.T.);
#13109 = EDGE_CURVE('',#13087,#13038,#13110,.T.);
#13110 = SURFACE_CURVE('',#13111,(#13115,#13122),.PCURVE_S1.);
#13111 = B_SPLINE_CURVE_WITH_KNOTS('',2,(#13112,#13113,#13114),
  .UNSPECIFIED.,.F.,.F.,(3,3),(0.,1.),.PIECEWISE_BEZIER_KNOTS.);
#13112 = CARTESIAN_POINT('',(20.9030078125,63.185995788574,1.4));
#13113 = CARTESIAN_POINT('',(20.9030078125,62.514003601074,1.4));
#13114 = CARTESIAN_POINT('',(20.495,62.087997741699,1.4));
#13115 = PCURVE('',#4515,#13116);
#13116 = DEFINITIONAL_REPRESENTATION('',(#13117),#13121);
#13117 = LINE('',#13118,#13119);
#13118 = CARTESIAN_POINT('',(0.,-0.4));
#13119 = VECTOR('',#13120,1.);
#13120 = DIRECTION('',(1.,0.));
#13121 = ( GEOMETRIC_REPRESENTATION_CONTEXT(2) 
PARAMETRIC_REPRESENTATION_CONTEXT() REPRESENTATION_CONTEXT('2D SPACE',''
  ) );
#13122 = PCURVE('',#12216,#13123);
#13123 = DEFINITIONAL_REPRESENTATION('',(#13124),#13128);
#13124 = B_SPLINE_CURVE_WITH_KNOTS('',2,(#13125,#13126,#13127),
  .UNSPECIFIED.,.F.,.F.,(3,3),(0.,1.),.PIECEWISE_BEZIER_KNOTS.);
#13125 = CARTESIAN_POINT('',(3.0780078125,1.38599609375));
#13126 = CARTESIAN_POINT('',(3.0780078125,0.71400390625));
#13127 = CARTESIAN_POINT('',(2.67,0.287998046875));
#13128 = ( GEOMETRIC_REPRESENTATION_CONTEXT(2) 
PARAMETRIC_REPRESENTATION_CONTEXT() REPRESENTATION_CONTEXT('2D SPACE',''
  ) );
#13129 = ORIENTED_EDGE('',*,*,#13037,.F.);
#13130 = ORIENTED_EDGE('',*,*,#4499,.F.);
#13131 = ADVANCED_FACE('',(#13132),#4485,.T.);
#13132 = FACE_BOUND('',#13133,.T.);
#13133 = EDGE_LOOP('',(#13134,#13157,#13178,#13179));
#13134 = ORIENTED_EDGE('',*,*,#13135,.T.);
#13135 = EDGE_CURVE('',#4440,#13136,#13138,.T.);
#13136 = VERTEX_POINT('',#13137);
#13137 = CARTESIAN_POINT('',(20.522001953125,64.208993835449,1.4));
#13138 = SURFACE_CURVE('',#13139,(#13143,#13150),.PCURVE_S1.);
#13139 = LINE('',#13140,#13141);
#13140 = CARTESIAN_POINT('',(20.522001953125,64.208993835449,1.));
#13141 = VECTOR('',#13142,1.);
#13142 = DIRECTION('',(0.,0.,1.));
#13143 = PCURVE('',#4485,#13144);
#13144 = DEFINITIONAL_REPRESENTATION('',(#13145),#13149);
#13145 = LINE('',#13146,#13147);
#13146 = CARTESIAN_POINT('',(0.,0.));
#13147 = VECTOR('',#13148,1.);
#13148 = DIRECTION('',(0.,-1.));
#13149 = ( GEOMETRIC_REPRESENTATION_CONTEXT(2) 
PARAMETRIC_REPRESENTATION_CONTEXT() REPRESENTATION_CONTEXT('2D SPACE',''
  ) );
#13150 = PCURVE('',#4455,#13151);
#13151 = DEFINITIONAL_REPRESENTATION('',(#13152),#13156);
#13152 = LINE('',#13153,#13154);
#13153 = CARTESIAN_POINT('',(1.,0.));
#13154 = VECTOR('',#13155,1.);
#13155 = DIRECTION('',(0.,-1.));
#13156 = ( GEOMETRIC_REPRESENTATION_CONTEXT(2) 
PARAMETRIC_REPRESENTATION_CONTEXT() REPRESENTATION_CONTEXT('2D SPACE',''
  ) );
#13157 = ORIENTED_EDGE('',*,*,#13158,.T.);
#13158 = EDGE_CURVE('',#13136,#13087,#13159,.T.);
#13159 = SURFACE_CURVE('',#13160,(#13164,#13171),.PCURVE_S1.);
#13160 = B_SPLINE_CURVE_WITH_KNOTS('',2,(#13161,#13162,#13163),
  .UNSPECIFIED.,.F.,.F.,(3,3),(0.,1.),.PIECEWISE_BEZIER_KNOTS.);
#13161 = CARTESIAN_POINT('',(20.522001953125,64.208993835449,1.4));
#13162 = CARTESIAN_POINT('',(20.9030078125,63.815995788574,1.4));
#13163 = CARTESIAN_POINT('',(20.9030078125,63.185995788574,1.4));
#13164 = PCURVE('',#4485,#13165);
#13165 = DEFINITIONAL_REPRESENTATION('',(#13166),#13170);
#13166 = LINE('',#13167,#13168);
#13167 = CARTESIAN_POINT('',(0.,-0.4));
#13168 = VECTOR('',#13169,1.);
#13169 = DIRECTION('',(1.,0.));
#13170 = ( GEOMETRIC_REPRESENTATION_CONTEXT(2) 
PARAMETRIC_REPRESENTATION_CONTEXT() REPRESENTATION_CONTEXT('2D SPACE',''
  ) );
#13171 = PCURVE('',#12216,#13172);
#13172 = DEFINITIONAL_REPRESENTATION('',(#13173),#13177);
#13173 = B_SPLINE_CURVE_WITH_KNOTS('',2,(#13174,#13175,#13176),
  .UNSPECIFIED.,.F.,.F.,(3,3),(0.,1.),.PIECEWISE_BEZIER_KNOTS.);
#13174 = CARTESIAN_POINT('',(2.697001953125,2.408994140625));
#13175 = CARTESIAN_POINT('',(3.0780078125,2.01599609375));
#13176 = CARTESIAN_POINT('',(3.0780078125,1.38599609375));
#13177 = ( GEOMETRIC_REPRESENTATION_CONTEXT(2) 
PARAMETRIC_REPRESENTATION_CONTEXT() REPRESENTATION_CONTEXT('2D SPACE',''
  ) );
#13178 = ORIENTED_EDGE('',*,*,#13086,.F.);
#13179 = ORIENTED_EDGE('',*,*,#4469,.F.);
#13180 = ADVANCED_FACE('',(#13181),#4455,.T.);
#13181 = FACE_BOUND('',#13182,.T.);
#13182 = EDGE_LOOP('',(#13183,#13206,#13227,#13228));
#13183 = ORIENTED_EDGE('',*,*,#13184,.T.);
#13184 = EDGE_CURVE('',#4410,#13185,#13187,.T.);
#13185 = VERTEX_POINT('',#13186);
#13186 = CARTESIAN_POINT('',(19.52900390625,64.601991882324,1.4));
#13187 = SURFACE_CURVE('',#13188,(#13192,#13199),.PCURVE_S1.);
#13188 = LINE('',#13189,#13190);
#13189 = CARTESIAN_POINT('',(19.52900390625,64.601991882324,1.));
#13190 = VECTOR('',#13191,1.);
#13191 = DIRECTION('',(0.,0.,1.));
#13192 = PCURVE('',#4455,#13193);
#13193 = DEFINITIONAL_REPRESENTATION('',(#13194),#13198);
#13194 = LINE('',#13195,#13196);
#13195 = CARTESIAN_POINT('',(0.,0.));
#13196 = VECTOR('',#13197,1.);
#13197 = DIRECTION('',(0.,-1.));
#13198 = ( GEOMETRIC_REPRESENTATION_CONTEXT(2) 
PARAMETRIC_REPRESENTATION_CONTEXT() REPRESENTATION_CONTEXT('2D SPACE',''
  ) );
#13199 = PCURVE('',#4425,#13200);
#13200 = DEFINITIONAL_REPRESENTATION('',(#13201),#13205);
#13201 = LINE('',#13202,#13203);
#13202 = CARTESIAN_POINT('',(1.,0.));
#13203 = VECTOR('',#13204,1.);
#13204 = DIRECTION('',(0.,-1.));
#13205 = ( GEOMETRIC_REPRESENTATION_CONTEXT(2) 
PARAMETRIC_REPRESENTATION_CONTEXT() REPRESENTATION_CONTEXT('2D SPACE',''
  ) );
#13206 = ORIENTED_EDGE('',*,*,#13207,.T.);
#13207 = EDGE_CURVE('',#13185,#13136,#13208,.T.);
#13208 = SURFACE_CURVE('',#13209,(#13213,#13220),.PCURVE_S1.);
#13209 = B_SPLINE_CURVE_WITH_KNOTS('',2,(#13210,#13211,#13212),
  .UNSPECIFIED.,.F.,.F.,(3,3),(0.,1.),.PIECEWISE_BEZIER_KNOTS.);
#13210 = CARTESIAN_POINT('',(19.52900390625,64.601991882324,1.4));
#13211 = CARTESIAN_POINT('',(20.14099609375,64.601991882324,1.4));
#13212 = CARTESIAN_POINT('',(20.522001953125,64.208993835449,1.4));
#13213 = PCURVE('',#4455,#13214);
#13214 = DEFINITIONAL_REPRESENTATION('',(#13215),#13219);
#13215 = LINE('',#13216,#13217);
#13216 = CARTESIAN_POINT('',(0.,-0.4));
#13217 = VECTOR('',#13218,1.);
#13218 = DIRECTION('',(1.,0.));
#13219 = ( GEOMETRIC_REPRESENTATION_CONTEXT(2) 
PARAMETRIC_REPRESENTATION_CONTEXT() REPRESENTATION_CONTEXT('2D SPACE',''
  ) );
#13220 = PCURVE('',#12216,#13221);
#13221 = DEFINITIONAL_REPRESENTATION('',(#13222),#13226);
#13222 = B_SPLINE_CURVE_WITH_KNOTS('',2,(#13223,#13224,#13225),
  .UNSPECIFIED.,.F.,.F.,(3,3),(0.,1.),.PIECEWISE_BEZIER_KNOTS.);
#13223 = CARTESIAN_POINT('',(1.70400390625,2.8019921875));
#13224 = CARTESIAN_POINT('',(2.31599609375,2.8019921875));
#13225 = CARTESIAN_POINT('',(2.697001953125,2.408994140625));
#13226 = ( GEOMETRIC_REPRESENTATION_CONTEXT(2) 
PARAMETRIC_REPRESENTATION_CONTEXT() REPRESENTATION_CONTEXT('2D SPACE',''
  ) );
#13227 = ORIENTED_EDGE('',*,*,#13135,.F.);
#13228 = ORIENTED_EDGE('',*,*,#4439,.F.);
#13229 = ADVANCED_FACE('',(#13230),#4425,.T.);
#13230 = FACE_BOUND('',#13231,.T.);
#13231 = EDGE_LOOP('',(#13232,#13255,#13276,#13277));
#13232 = ORIENTED_EDGE('',*,*,#13233,.T.);
#13233 = EDGE_CURVE('',#4382,#13234,#13236,.T.);
#13234 = VERTEX_POINT('',#13235);
#13235 = CARTESIAN_POINT('',(18.7430078125,64.344003601074,1.4));
#13236 = SURFACE_CURVE('',#13237,(#13241,#13248),.PCURVE_S1.);
#13237 = LINE('',#13238,#13239);
#13238 = CARTESIAN_POINT('',(18.7430078125,64.344003601074,1.));
#13239 = VECTOR('',#13240,1.);
#13240 = DIRECTION('',(0.,0.,1.));
#13241 = PCURVE('',#4425,#13242);
#13242 = DEFINITIONAL_REPRESENTATION('',(#13243),#13247);
#13243 = LINE('',#13244,#13245);
#13244 = CARTESIAN_POINT('',(0.,0.));
#13245 = VECTOR('',#13246,1.);
#13246 = DIRECTION('',(0.,-1.));
#13247 = ( GEOMETRIC_REPRESENTATION_CONTEXT(2) 
PARAMETRIC_REPRESENTATION_CONTEXT() REPRESENTATION_CONTEXT('2D SPACE',''
  ) );
#13248 = PCURVE('',#4397,#13249);
#13249 = DEFINITIONAL_REPRESENTATION('',(#13250),#13254);
#13250 = LINE('',#13251,#13252);
#13251 = CARTESIAN_POINT('',(1.199806742365,-0.));
#13252 = VECTOR('',#13253,1.);
#13253 = DIRECTION('',(0.,-1.));
#13254 = ( GEOMETRIC_REPRESENTATION_CONTEXT(2) 
PARAMETRIC_REPRESENTATION_CONTEXT() REPRESENTATION_CONTEXT('2D SPACE',''
  ) );
#13255 = ORIENTED_EDGE('',*,*,#13256,.T.);
#13256 = EDGE_CURVE('',#13234,#13185,#13257,.T.);
#13257 = SURFACE_CURVE('',#13258,(#13262,#13269),.PCURVE_S1.);
#13258 = B_SPLINE_CURVE_WITH_KNOTS('',2,(#13259,#13260,#13261),
  .UNSPECIFIED.,.F.,.F.,(3,3),(0.,1.),.PIECEWISE_BEZIER_KNOTS.);
#13259 = CARTESIAN_POINT('',(18.7430078125,64.344003601074,1.4));
#13260 = CARTESIAN_POINT('',(19.0969921875,64.601991882324,1.4));
#13261 = CARTESIAN_POINT('',(19.52900390625,64.601991882324,1.4));
#13262 = PCURVE('',#4425,#13263);
#13263 = DEFINITIONAL_REPRESENTATION('',(#13264),#13268);
#13264 = LINE('',#13265,#13266);
#13265 = CARTESIAN_POINT('',(0.,-0.4));
#13266 = VECTOR('',#13267,1.);
#13267 = DIRECTION('',(1.,0.));
#13268 = ( GEOMETRIC_REPRESENTATION_CONTEXT(2) 
PARAMETRIC_REPRESENTATION_CONTEXT() REPRESENTATION_CONTEXT('2D SPACE',''
  ) );
#13269 = PCURVE('',#12216,#13270);
#13270 = DEFINITIONAL_REPRESENTATION('',(#13271),#13275);
#13271 = B_SPLINE_CURVE_WITH_KNOTS('',2,(#13272,#13273,#13274),
  .UNSPECIFIED.,.F.,.F.,(3,3),(0.,1.),.PIECEWISE_BEZIER_KNOTS.);
#13272 = CARTESIAN_POINT('',(0.9180078125,2.54400390625));
#13273 = CARTESIAN_POINT('',(1.2719921875,2.8019921875));
#13274 = CARTESIAN_POINT('',(1.70400390625,2.8019921875));
#13275 = ( GEOMETRIC_REPRESENTATION_CONTEXT(2) 
PARAMETRIC_REPRESENTATION_CONTEXT() REPRESENTATION_CONTEXT('2D SPACE',''
  ) );
#13276 = ORIENTED_EDGE('',*,*,#13184,.F.);
#13277 = ORIENTED_EDGE('',*,*,#4409,.F.);
#13278 = ADVANCED_FACE('',(#13279),#4397,.T.);
#13279 = FACE_BOUND('',#13280,.T.);
#13280 = EDGE_LOOP('',(#13281,#13304,#13325,#13326));
#13281 = ORIENTED_EDGE('',*,*,#13282,.T.);
#13282 = EDGE_CURVE('',#4354,#13283,#13285,.T.);
#13283 = VERTEX_POINT('',#13284);
#13284 = CARTESIAN_POINT('',(18.91099609375,65.531991882324,1.4));
#13285 = SURFACE_CURVE('',#13286,(#13290,#13297),.PCURVE_S1.);
#13286 = LINE('',#13287,#13288);
#13287 = CARTESIAN_POINT('',(18.91099609375,65.531991882324,1.));
#13288 = VECTOR('',#13289,1.);
#13289 = DIRECTION('',(0.,0.,1.));
#13290 = PCURVE('',#4397,#13291);
#13291 = DEFINITIONAL_REPRESENTATION('',(#13292),#13296);
#13292 = LINE('',#13293,#13294);
#13293 = CARTESIAN_POINT('',(0.,0.));
#13294 = VECTOR('',#13295,1.);
#13295 = DIRECTION('',(0.,-1.));
#13296 = ( GEOMETRIC_REPRESENTATION_CONTEXT(2) 
PARAMETRIC_REPRESENTATION_CONTEXT() REPRESENTATION_CONTEXT('2D SPACE',''
  ) );
#13297 = PCURVE('',#4369,#13298);
#13298 = DEFINITIONAL_REPRESENTATION('',(#13299),#13303);
#13299 = LINE('',#13300,#13301);
#13300 = CARTESIAN_POINT('',(1.77,0.));
#13301 = VECTOR('',#13302,1.);
#13302 = DIRECTION('',(0.,-1.));
#13303 = ( GEOMETRIC_REPRESENTATION_CONTEXT(2) 
PARAMETRIC_REPRESENTATION_CONTEXT() REPRESENTATION_CONTEXT('2D SPACE',''
  ) );
#13304 = ORIENTED_EDGE('',*,*,#13305,.T.);
#13305 = EDGE_CURVE('',#13283,#13234,#13306,.T.);
#13306 = SURFACE_CURVE('',#13307,(#13311,#13318),.PCURVE_S1.);
#13307 = LINE('',#13308,#13309);
#13308 = CARTESIAN_POINT('',(18.91099609375,65.531991882324,1.4));
#13309 = VECTOR('',#13310,1.);
#13310 = DIRECTION('',(-0.140012783158,-0.990149696032,0.));
#13311 = PCURVE('',#4397,#13312);
#13312 = DEFINITIONAL_REPRESENTATION('',(#13313),#13317);
#13313 = LINE('',#13314,#13315);
#13314 = CARTESIAN_POINT('',(0.,-0.4));
#13315 = VECTOR('',#13316,1.);
#13316 = DIRECTION('',(1.,-0.));
#13317 = ( GEOMETRIC_REPRESENTATION_CONTEXT(2) 
PARAMETRIC_REPRESENTATION_CONTEXT() REPRESENTATION_CONTEXT('2D SPACE',''
  ) );
#13318 = PCURVE('',#12216,#13319);
#13319 = DEFINITIONAL_REPRESENTATION('',(#13320),#13324);
#13320 = LINE('',#13321,#13322);
#13321 = CARTESIAN_POINT('',(1.08599609375,3.7319921875));
#13322 = VECTOR('',#13323,1.);
#13323 = DIRECTION('',(-0.140012783158,-0.990149696032));
#13324 = ( GEOMETRIC_REPRESENTATION_CONTEXT(2) 
PARAMETRIC_REPRESENTATION_CONTEXT() REPRESENTATION_CONTEXT('2D SPACE',''
  ) );
#13325 = ORIENTED_EDGE('',*,*,#13233,.F.);
#13326 = ORIENTED_EDGE('',*,*,#4381,.F.);
#13327 = ADVANCED_FACE('',(#13328),#4369,.T.);
#13328 = FACE_BOUND('',#13329,.T.);
#13329 = EDGE_LOOP('',(#13330,#13353,#13374,#13375));
#13330 = ORIENTED_EDGE('',*,*,#13331,.T.);
#13331 = EDGE_CURVE('',#4326,#13332,#13334,.T.);
#13332 = VERTEX_POINT('',#13333);
#13333 = CARTESIAN_POINT('',(20.68099609375,65.531991882324,1.4));
#13334 = SURFACE_CURVE('',#13335,(#13339,#13346),.PCURVE_S1.);
#13335 = LINE('',#13336,#13337);
#13336 = CARTESIAN_POINT('',(20.68099609375,65.531991882324,1.));
#13337 = VECTOR('',#13338,1.);
#13338 = DIRECTION('',(0.,0.,1.));
#13339 = PCURVE('',#4369,#13340);
#13340 = DEFINITIONAL_REPRESENTATION('',(#13341),#13345);
#13341 = LINE('',#13342,#13343);
#13342 = CARTESIAN_POINT('',(0.,-0.));
#13343 = VECTOR('',#13344,1.);
#13344 = DIRECTION('',(0.,-1.));
#13345 = ( GEOMETRIC_REPRESENTATION_CONTEXT(2) 
PARAMETRIC_REPRESENTATION_CONTEXT() REPRESENTATION_CONTEXT('2D SPACE',''
  ) );
#13346 = PCURVE('',#4341,#13347);
#13347 = DEFINITIONAL_REPRESENTATION('',(#13348),#13352);
#13348 = LINE('',#13349,#13350);
#13349 = CARTESIAN_POINT('',(0.52201171875,0.));
#13350 = VECTOR('',#13351,1.);
#13351 = DIRECTION('',(0.,-1.));
#13352 = ( GEOMETRIC_REPRESENTATION_CONTEXT(2) 
PARAMETRIC_REPRESENTATION_CONTEXT() REPRESENTATION_CONTEXT('2D SPACE',''
  ) );
#13353 = ORIENTED_EDGE('',*,*,#13354,.T.);
#13354 = EDGE_CURVE('',#13332,#13283,#13355,.T.);
#13355 = SURFACE_CURVE('',#13356,(#13360,#13367),.PCURVE_S1.);
#13356 = LINE('',#13357,#13358);
#13357 = CARTESIAN_POINT('',(20.68099609375,65.531991882324,1.4));
#13358 = VECTOR('',#13359,1.);
#13359 = DIRECTION('',(-1.,0.,0.));
#13360 = PCURVE('',#4369,#13361);
#13361 = DEFINITIONAL_REPRESENTATION('',(#13362),#13366);
#13362 = LINE('',#13363,#13364);
#13363 = CARTESIAN_POINT('',(-3.552713678801E-15,-0.4));
#13364 = VECTOR('',#13365,1.);
#13365 = DIRECTION('',(1.,0.));
#13366 = ( GEOMETRIC_REPRESENTATION_CONTEXT(2) 
PARAMETRIC_REPRESENTATION_CONTEXT() REPRESENTATION_CONTEXT('2D SPACE',''
  ) );
#13367 = PCURVE('',#12216,#13368);
#13368 = DEFINITIONAL_REPRESENTATION('',(#13369),#13373);
#13369 = LINE('',#13370,#13371);
#13370 = CARTESIAN_POINT('',(2.85599609375,3.7319921875));
#13371 = VECTOR('',#13372,1.);
#13372 = DIRECTION('',(-1.,0.));
#13373 = ( GEOMETRIC_REPRESENTATION_CONTEXT(2) 
PARAMETRIC_REPRESENTATION_CONTEXT() REPRESENTATION_CONTEXT('2D SPACE',''
  ) );
#13374 = ORIENTED_EDGE('',*,*,#13282,.F.);
#13375 = ORIENTED_EDGE('',*,*,#4353,.F.);
#13376 = ADVANCED_FACE('',(#13377),#4341,.T.);
#13377 = FACE_BOUND('',#13378,.T.);
#13378 = EDGE_LOOP('',(#13379,#13402,#13423,#13424));
#13379 = ORIENTED_EDGE('',*,*,#13380,.T.);
#13380 = EDGE_CURVE('',#4298,#13381,#13383,.T.);
#13381 = VERTEX_POINT('',#13382);
#13382 = CARTESIAN_POINT('',(20.68099609375,66.054003601074,1.4));
#13383 = SURFACE_CURVE('',#13384,(#13388,#13395),.PCURVE_S1.);
#13384 = LINE('',#13385,#13386);
#13385 = CARTESIAN_POINT('',(20.68099609375,66.054003601074,1.));
#13386 = VECTOR('',#13387,1.);
#13387 = DIRECTION('',(0.,0.,1.));
#13388 = PCURVE('',#4341,#13389);
#13389 = DEFINITIONAL_REPRESENTATION('',(#13390),#13394);
#13390 = LINE('',#13391,#13392);
#13391 = CARTESIAN_POINT('',(0.,0.));
#13392 = VECTOR('',#13393,1.);
#13393 = DIRECTION('',(0.,-1.));
#13394 = ( GEOMETRIC_REPRESENTATION_CONTEXT(2) 
PARAMETRIC_REPRESENTATION_CONTEXT() REPRESENTATION_CONTEXT('2D SPACE',''
  ) );
#13395 = PCURVE('',#4313,#13396);
#13396 = DEFINITIONAL_REPRESENTATION('',(#13397),#13401);
#13397 = LINE('',#13398,#13399);
#13398 = CARTESIAN_POINT('',(2.19599609375,0.));
#13399 = VECTOR('',#13400,1.);
#13400 = DIRECTION('',(0.,-1.));
#13401 = ( GEOMETRIC_REPRESENTATION_CONTEXT(2) 
PARAMETRIC_REPRESENTATION_CONTEXT() REPRESENTATION_CONTEXT('2D SPACE',''
  ) );
#13402 = ORIENTED_EDGE('',*,*,#13403,.T.);
#13403 = EDGE_CURVE('',#13381,#13332,#13404,.T.);
#13404 = SURFACE_CURVE('',#13405,(#13409,#13416),.PCURVE_S1.);
#13405 = LINE('',#13406,#13407);
#13406 = CARTESIAN_POINT('',(20.68099609375,66.054003601074,1.4));
#13407 = VECTOR('',#13408,1.);
#13408 = DIRECTION('',(0.,-1.,0.));
#13409 = PCURVE('',#4341,#13410);
#13410 = DEFINITIONAL_REPRESENTATION('',(#13411),#13415);
#13411 = LINE('',#13412,#13413);
#13412 = CARTESIAN_POINT('',(-1.42108547152E-14,-0.4));
#13413 = VECTOR('',#13414,1.);
#13414 = DIRECTION('',(1.,0.));
#13415 = ( GEOMETRIC_REPRESENTATION_CONTEXT(2) 
PARAMETRIC_REPRESENTATION_CONTEXT() REPRESENTATION_CONTEXT('2D SPACE',''
  ) );
#13416 = PCURVE('',#12216,#13417);
#13417 = DEFINITIONAL_REPRESENTATION('',(#13418),#13422);
#13418 = LINE('',#13419,#13420);
#13419 = CARTESIAN_POINT('',(2.85599609375,4.25400390625));
#13420 = VECTOR('',#13421,1.);
#13421 = DIRECTION('',(0.,-1.));
#13422 = ( GEOMETRIC_REPRESENTATION_CONTEXT(2) 
PARAMETRIC_REPRESENTATION_CONTEXT() REPRESENTATION_CONTEXT('2D SPACE',''
  ) );
#13423 = ORIENTED_EDGE('',*,*,#13331,.F.);
#13424 = ORIENTED_EDGE('',*,*,#4325,.F.);
#13425 = ADVANCED_FACE('',(#13426),#4313,.T.);
#13426 = FACE_BOUND('',#13427,.T.);
#13427 = EDGE_LOOP('',(#13428,#13429,#13450,#13451));
#13428 = ORIENTED_EDGE('',*,*,#12228,.T.);
#13429 = ORIENTED_EDGE('',*,*,#13430,.T.);
#13430 = EDGE_CURVE('',#12201,#13381,#13431,.T.);
#13431 = SURFACE_CURVE('',#13432,(#13436,#13443),.PCURVE_S1.);
#13432 = LINE('',#13433,#13434);
#13433 = CARTESIAN_POINT('',(18.485,66.054003601074,1.4));
#13434 = VECTOR('',#13435,1.);
#13435 = DIRECTION('',(1.,0.,0.));
#13436 = PCURVE('',#4313,#13437);
#13437 = DEFINITIONAL_REPRESENTATION('',(#13438),#13442);
#13438 = LINE('',#13439,#13440);
#13439 = CARTESIAN_POINT('',(0.,-0.4));
#13440 = VECTOR('',#13441,1.);
#13441 = DIRECTION('',(1.,0.));
#13442 = ( GEOMETRIC_REPRESENTATION_CONTEXT(2) 
PARAMETRIC_REPRESENTATION_CONTEXT() REPRESENTATION_CONTEXT('2D SPACE',''
  ) );
#13443 = PCURVE('',#12216,#13444);
#13444 = DEFINITIONAL_REPRESENTATION('',(#13445),#13449);
#13445 = LINE('',#13446,#13447);
#13446 = CARTESIAN_POINT('',(0.66,4.25400390625));
#13447 = VECTOR('',#13448,1.);
#13448 = DIRECTION('',(1.,0.));
#13449 = ( GEOMETRIC_REPRESENTATION_CONTEXT(2) 
PARAMETRIC_REPRESENTATION_CONTEXT() REPRESENTATION_CONTEXT('2D SPACE',''
  ) );
#13450 = ORIENTED_EDGE('',*,*,#13380,.F.);
#13451 = ORIENTED_EDGE('',*,*,#4297,.F.);
#13452 = ADVANCED_FACE('',(#13453),#5053,.T.);
#13453 = FACE_BOUND('',#13454,.T.);
#13454 = EDGE_LOOP('',(#13455,#13478,#13479,#13502,#13530));
#13455 = ORIENTED_EDGE('',*,*,#13456,.F.);
#13456 = EDGE_CURVE('',#5036,#13457,#13459,.T.);
#13457 = VERTEX_POINT('',#13458);
#13458 = CARTESIAN_POINT('',(26.5,59.3,3.7));
#13459 = SURFACE_CURVE('',#13460,(#13464,#13471),.PCURVE_S1.);
#13460 = LINE('',#13461,#13462);
#13461 = CARTESIAN_POINT('',(26.5,59.3,-15.3000002));
#13462 = VECTOR('',#13463,1.);
#13463 = DIRECTION('',(0.,0.,1.));
#13464 = PCURVE('',#5053,#13465);
#13465 = DEFINITIONAL_REPRESENTATION('',(#13466),#13470);
#13466 = LINE('',#13467,#13468);
#13467 = CARTESIAN_POINT('',(20.,0.));
#13468 = VECTOR('',#13469,1.);
#13469 = DIRECTION('',(0.,-1.));
#13470 = ( GEOMETRIC_REPRESENTATION_CONTEXT(2) 
PARAMETRIC_REPRESENTATION_CONTEXT() REPRESENTATION_CONTEXT('2D SPACE',''
  ) );
#13471 = PCURVE('',#5081,#13472);
#13472 = DEFINITIONAL_REPRESENTATION('',(#13473),#13477);
#13473 = LINE('',#13474,#13475);
#13474 = CARTESIAN_POINT('',(-16.3000002,-8.3));
#13475 = VECTOR('',#13476,1.);
#13476 = DIRECTION('',(1.,0.));
#13477 = ( GEOMETRIC_REPRESENTATION_CONTEXT(2) 
PARAMETRIC_REPRESENTATION_CONTEXT() REPRESENTATION_CONTEXT('2D SPACE',''
  ) );
#13478 = ORIENTED_EDGE('',*,*,#5035,.T.);
#13479 = ORIENTED_EDGE('',*,*,#13480,.F.);
#13480 = EDGE_CURVE('',#13481,#5038,#13483,.T.);
#13481 = VERTEX_POINT('',#13482);
#13482 = CARTESIAN_POINT('',(33.350396850395,59.3,4.7));
#13483 = SURFACE_CURVE('',#13484,(#13488,#13495),.PCURVE_S1.);
#13484 = LINE('',#13485,#13486);
#13485 = CARTESIAN_POINT('',(33.350396850395,59.3,-17.1747892468));
#13486 = VECTOR('',#13487,1.);
#13487 = DIRECTION('',(-0.,-0.,-1.));
#13488 = PCURVE('',#5053,#13489);
#13489 = DEFINITIONAL_REPRESENTATION('',(#13490),#13494);
#13490 = LINE('',#13491,#13492);
#13491 = CARTESIAN_POINT('',(13.149603149605,1.874789046801));
#13492 = VECTOR('',#13493,1.);
#13493 = DIRECTION('',(0.,1.));
#13494 = ( GEOMETRIC_REPRESENTATION_CONTEXT(2) 
PARAMETRIC_REPRESENTATION_CONTEXT() REPRESENTATION_CONTEXT('2D SPACE',''
  ) );
#13495 = PCURVE('',#5192,#13496);
#13496 = DEFINITIONAL_REPRESENTATION('',(#13497),#13501);
#13497 = LINE('',#13498,#13499);
#13498 = CARTESIAN_POINT('',(-2.51085134995,0.));
#13499 = VECTOR('',#13500,1.);
#13500 = DIRECTION('',(-0.,1.));
#13501 = ( GEOMETRIC_REPRESENTATION_CONTEXT(2) 
PARAMETRIC_REPRESENTATION_CONTEXT() REPRESENTATION_CONTEXT('2D SPACE',''
  ) );
#13502 = ORIENTED_EDGE('',*,*,#13503,.F.);
#13503 = EDGE_CURVE('',#13504,#13481,#13506,.T.);
#13504 = VERTEX_POINT('',#13505);
#13505 = CARTESIAN_POINT('',(27.5,59.3,4.7));
#13506 = SURFACE_CURVE('',#13507,(#13511,#13518),.PCURVE_S1.);
#13507 = LINE('',#13508,#13509);
#13508 = CARTESIAN_POINT('',(36.5,59.3,4.7));
#13509 = VECTOR('',#13510,1.);
#13510 = DIRECTION('',(1.,0.,-0.));
#13511 = PCURVE('',#5053,#13512);
#13512 = DEFINITIONAL_REPRESENTATION('',(#13513),#13517);
#13513 = LINE('',#13514,#13515);
#13514 = CARTESIAN_POINT('',(10.,-20.0000002));
#13515 = VECTOR('',#13516,1.);
#13516 = DIRECTION('',(-1.,-0.));
#13517 = ( GEOMETRIC_REPRESENTATION_CONTEXT(2) 
PARAMETRIC_REPRESENTATION_CONTEXT() REPRESENTATION_CONTEXT('2D SPACE',''
  ) );
#13518 = PCURVE('',#13519,#13524);
#13519 = PLANE('',#13520);
#13520 = AXIS2_PLACEMENT_3D('',#13521,#13522,#13523);
#13521 = CARTESIAN_POINT('',(26.5,51.,4.7));
#13522 = DIRECTION('',(0.,0.,1.));
#13523 = DIRECTION('',(1.,0.,0.));
#13524 = DEFINITIONAL_REPRESENTATION('',(#13525),#13529);
#13525 = LINE('',#13526,#13527);
#13526 = CARTESIAN_POINT('',(10.,8.3));
#13527 = VECTOR('',#13528,1.);
#13528 = DIRECTION('',(1.,0.));
#13529 = ( GEOMETRIC_REPRESENTATION_CONTEXT(2) 
PARAMETRIC_REPRESENTATION_CONTEXT() REPRESENTATION_CONTEXT('2D SPACE',''
  ) );
#13530 = ORIENTED_EDGE('',*,*,#13531,.F.);
#13531 = EDGE_CURVE('',#13457,#13504,#13532,.T.);
#13532 = SURFACE_CURVE('',#13533,(#13538,#13549),.PCURVE_S1.);
#13533 = CIRCLE('',#13534,1.);
#13534 = AXIS2_PLACEMENT_3D('',#13535,#13536,#13537);
#13535 = CARTESIAN_POINT('',(27.5,59.3,3.7));
#13536 = DIRECTION('',(0.,1.,0.));
#13537 = DIRECTION('',(-1.,0.,0.));
#13538 = PCURVE('',#5053,#13539);
#13539 = DEFINITIONAL_REPRESENTATION('',(#13540),#13548);
#13540 = ( BOUNDED_CURVE() B_SPLINE_CURVE(2,(#13541,#13542,#13543,#13544
    ,#13545,#13546,#13547),.UNSPECIFIED.,.T.,.F.) 
B_SPLINE_CURVE_WITH_KNOTS((1,2,2,2,2,1),(-2.094395102393,0.,
    2.094395102393,4.188790204786,6.28318530718,8.377580409573),
.UNSPECIFIED.) CURVE() GEOMETRIC_REPRESENTATION_ITEM() 
RATIONAL_B_SPLINE_CURVE((1.,0.5,1.,0.5,1.,0.5,1.)) REPRESENTATION_ITEM(
  '') );
#13541 = CARTESIAN_POINT('',(20.,-19.0000002));
#13542 = CARTESIAN_POINT('',(20.,-20.73205100756));
#13543 = CARTESIAN_POINT('',(18.5,-19.86602560378));
#13544 = CARTESIAN_POINT('',(17.,-19.0000002));
#13545 = CARTESIAN_POINT('',(18.5,-18.13397479621));
#13546 = CARTESIAN_POINT('',(20.,-17.26794939243));
#13547 = CARTESIAN_POINT('',(20.,-19.0000002));
#13548 = ( GEOMETRIC_REPRESENTATION_CONTEXT(2) 
PARAMETRIC_REPRESENTATION_CONTEXT() REPRESENTATION_CONTEXT('2D SPACE',''
  ) );
#13549 = PCURVE('',#13550,#13555);
#13550 = CYLINDRICAL_SURFACE('',#13551,1.);
#13551 = AXIS2_PLACEMENT_3D('',#13552,#13553,#13554);
#13552 = CARTESIAN_POINT('',(27.5,51.,3.7));
#13553 = DIRECTION('',(0.,1.,0.));
#13554 = DIRECTION('',(-1.,0.,0.));
#13555 = DEFINITIONAL_REPRESENTATION('',(#13556),#13560);
#13556 = LINE('',#13557,#13558);
#13557 = CARTESIAN_POINT('',(0.,8.3));
#13558 = VECTOR('',#13559,1.);
#13559 = DIRECTION('',(1.,0.));
#13560 = ( GEOMETRIC_REPRESENTATION_CONTEXT(2) 
PARAMETRIC_REPRESENTATION_CONTEXT() REPRESENTATION_CONTEXT('2D SPACE',''
  ) );
#13561 = ADVANCED_FACE('',(#13562),#5081,.F.);
#13562 = FACE_BOUND('',#13563,.F.);
#13563 = EDGE_LOOP('',(#13564,#13587,#13588,#13589));
#13564 = ORIENTED_EDGE('',*,*,#13565,.F.);
#13565 = EDGE_CURVE('',#13457,#13566,#13568,.T.);
#13566 = VERTEX_POINT('',#13567);
#13567 = CARTESIAN_POINT('',(26.5,63.,3.7));
#13568 = SURFACE_CURVE('',#13569,(#13573,#13580),.PCURVE_S1.);
#13569 = LINE('',#13570,#13571);
#13570 = CARTESIAN_POINT('',(26.5,51.,3.7));
#13571 = VECTOR('',#13572,1.);
#13572 = DIRECTION('',(0.,1.,0.));
#13573 = PCURVE('',#5081,#13574);
#13574 = DEFINITIONAL_REPRESENTATION('',(#13575),#13579);
#13575 = LINE('',#13576,#13577);
#13576 = CARTESIAN_POINT('',(2.7,0.));
#13577 = VECTOR('',#13578,1.);
#13578 = DIRECTION('',(0.,-1.));
#13579 = ( GEOMETRIC_REPRESENTATION_CONTEXT(2) 
PARAMETRIC_REPRESENTATION_CONTEXT() REPRESENTATION_CONTEXT('2D SPACE',''
  ) );
#13580 = PCURVE('',#13550,#13581);
#13581 = DEFINITIONAL_REPRESENTATION('',(#13582),#13586);
#13582 = LINE('',#13583,#13584);
#13583 = CARTESIAN_POINT('',(0.,0.));
#13584 = VECTOR('',#13585,1.);
#13585 = DIRECTION('',(0.,1.));
#13586 = ( GEOMETRIC_REPRESENTATION_CONTEXT(2) 
PARAMETRIC_REPRESENTATION_CONTEXT() REPRESENTATION_CONTEXT('2D SPACE',''
  ) );
#13587 = ORIENTED_EDGE('',*,*,#13456,.F.);
#13588 = ORIENTED_EDGE('',*,*,#5065,.T.);
#13589 = ORIENTED_EDGE('',*,*,#13590,.T.);
#13590 = EDGE_CURVE('',#5066,#13566,#13591,.T.);
#13591 = SURFACE_CURVE('',#13592,(#13596,#13603),.PCURVE_S1.);
#13592 = LINE('',#13593,#13594);
#13593 = CARTESIAN_POINT('',(26.5,63.,1.));
#13594 = VECTOR('',#13595,1.);
#13595 = DIRECTION('',(0.,0.,1.));
#13596 = PCURVE('',#5081,#13597);
#13597 = DEFINITIONAL_REPRESENTATION('',(#13598),#13602);
#13598 = LINE('',#13599,#13600);
#13599 = CARTESIAN_POINT('',(0.,-12.));
#13600 = VECTOR('',#13601,1.);
#13601 = DIRECTION('',(1.,0.));
#13602 = ( GEOMETRIC_REPRESENTATION_CONTEXT(2) 
PARAMETRIC_REPRESENTATION_CONTEXT() REPRESENTATION_CONTEXT('2D SPACE',''
  ) );
#13603 = PCURVE('',#5109,#13604);
#13604 = DEFINITIONAL_REPRESENTATION('',(#13605),#13609);
#13605 = LINE('',#13606,#13607);
#13606 = CARTESIAN_POINT('',(0.,0.));
#13607 = VECTOR('',#13608,1.);
#13608 = DIRECTION('',(1.,0.));
#13609 = ( GEOMETRIC_REPRESENTATION_CONTEXT(2) 
PARAMETRIC_REPRESENTATION_CONTEXT() REPRESENTATION_CONTEXT('2D SPACE',''
  ) );
#13610 = ADVANCED_FACE('',(#13611),#5192,.F.);
#13611 = FACE_BOUND('',#13612,.T.);
#13612 = EDGE_LOOP('',(#13613,#13614,#13637,#13663));
#13613 = ORIENTED_EDGE('',*,*,#5177,.F.);
#13614 = ORIENTED_EDGE('',*,*,#13615,.F.);
#13615 = EDGE_CURVE('',#13616,#5150,#13618,.T.);
#13616 = VERTEX_POINT('',#13617);
#13617 = CARTESIAN_POINT('',(39.649603149605,59.3,4.7));
#13618 = SURFACE_CURVE('',#13619,(#13623,#13630),.PCURVE_S1.);
#13619 = LINE('',#13620,#13621);
#13620 = CARTESIAN_POINT('',(39.649603149605,59.3,-17.1747892468));
#13621 = VECTOR('',#13622,1.);
#13622 = DIRECTION('',(-0.,-0.,-1.));
#13623 = PCURVE('',#5192,#13624);
#13624 = DEFINITIONAL_REPRESENTATION('',(#13625),#13629);
#13625 = LINE('',#13626,#13627);
#13626 = CARTESIAN_POINT('',(-0.63074130364,0.));
#13627 = VECTOR('',#13628,1.);
#13628 = DIRECTION('',(-0.,1.));
#13629 = ( GEOMETRIC_REPRESENTATION_CONTEXT(2) 
PARAMETRIC_REPRESENTATION_CONTEXT() REPRESENTATION_CONTEXT('2D SPACE',''
  ) );
#13630 = PCURVE('',#5165,#13631);
#13631 = DEFINITIONAL_REPRESENTATION('',(#13632),#13636);
#13632 = LINE('',#13633,#13634);
#13633 = CARTESIAN_POINT('',(6.850396850395,1.874789046801));
#13634 = VECTOR('',#13635,1.);
#13635 = DIRECTION('',(0.,1.));
#13636 = ( GEOMETRIC_REPRESENTATION_CONTEXT(2) 
PARAMETRIC_REPRESENTATION_CONTEXT() REPRESENTATION_CONTEXT('2D SPACE',''
  ) );
#13637 = ORIENTED_EDGE('',*,*,#13638,.F.);
#13638 = EDGE_CURVE('',#13481,#13616,#13639,.T.);
#13639 = SURFACE_CURVE('',#13640,(#13645,#13652),.PCURVE_S1.);
#13640 = CIRCLE('',#13641,3.9);
#13641 = AXIS2_PLACEMENT_3D('',#13642,#13643,#13644);
#13642 = CARTESIAN_POINT('',(36.5,57.,4.7));
#13643 = DIRECTION('',(0.,0.,-1.));
#13644 = DIRECTION('',(1.,0.,0.));
#13645 = PCURVE('',#5192,#13646);
#13646 = DEFINITIONAL_REPRESENTATION('',(#13647),#13651);
#13647 = LINE('',#13648,#13649);
#13648 = CARTESIAN_POINT('',(-6.28318530718,-21.8747892468));
#13649 = VECTOR('',#13650,1.);
#13650 = DIRECTION('',(1.,-0.));
#13651 = ( GEOMETRIC_REPRESENTATION_CONTEXT(2) 
PARAMETRIC_REPRESENTATION_CONTEXT() REPRESENTATION_CONTEXT('2D SPACE',''
  ) );
#13652 = PCURVE('',#13519,#13653);
#13653 = DEFINITIONAL_REPRESENTATION('',(#13654),#13662);
#13654 = ( BOUNDED_CURVE() B_SPLINE_CURVE(2,(#13655,#13656,#13657,#13658
    ,#13659,#13660,#13661),.UNSPECIFIED.,.T.,.F.) 
B_SPLINE_CURVE_WITH_KNOTS((1,2,2,2,2,1),(-2.094395102393,0.,
    2.094395102393,4.188790204786,6.28318530718,8.377580409573),
.UNSPECIFIED.) CURVE() GEOMETRIC_REPRESENTATION_ITEM() 
RATIONAL_B_SPLINE_CURVE((1.,0.5,1.,0.5,1.,0.5,1.)) REPRESENTATION_ITEM(
  '') );
#13655 = CARTESIAN_POINT('',(13.9,6.));
#13656 = CARTESIAN_POINT('',(13.9,-0.754998149519));
#13657 = CARTESIAN_POINT('',(8.05,2.622500925241));
#13658 = CARTESIAN_POINT('',(2.2,6.));
#13659 = CARTESIAN_POINT('',(8.05,9.377499074759));
#13660 = CARTESIAN_POINT('',(13.9,12.754998149519));
#13661 = CARTESIAN_POINT('',(13.9,6.));
#13662 = ( GEOMETRIC_REPRESENTATION_CONTEXT(2) 
PARAMETRIC_REPRESENTATION_CONTEXT() REPRESENTATION_CONTEXT('2D SPACE',''
  ) );
#13663 = ORIENTED_EDGE('',*,*,#13480,.T.);
#13664 = ADVANCED_FACE('',(#13665),#5109,.T.);
#13665 = FACE_BOUND('',#13666,.T.);
#13666 = EDGE_LOOP('',(#13667,#13690,#13691,#13692));
#13667 = ORIENTED_EDGE('',*,*,#13668,.F.);
#13668 = EDGE_CURVE('',#5094,#13669,#13671,.T.);
#13669 = VERTEX_POINT('',#13670);
#13670 = CARTESIAN_POINT('',(46.5,63.,3.7));
#13671 = SURFACE_CURVE('',#13672,(#13676,#13683),.PCURVE_S1.);
#13672 = LINE('',#13673,#13674);
#13673 = CARTESIAN_POINT('',(46.5,63.,1.));
#13674 = VECTOR('',#13675,1.);
#13675 = DIRECTION('',(0.,0.,1.));
#13676 = PCURVE('',#5109,#13677);
#13677 = DEFINITIONAL_REPRESENTATION('',(#13678),#13682);
#13678 = LINE('',#13679,#13680);
#13679 = CARTESIAN_POINT('',(0.,20.));
#13680 = VECTOR('',#13681,1.);
#13681 = DIRECTION('',(1.,0.));
#13682 = ( GEOMETRIC_REPRESENTATION_CONTEXT(2) 
PARAMETRIC_REPRESENTATION_CONTEXT() REPRESENTATION_CONTEXT('2D SPACE',''
  ) );
#13683 = PCURVE('',#5137,#13684);
#13684 = DEFINITIONAL_REPRESENTATION('',(#13685),#13689);
#13685 = LINE('',#13686,#13687);
#13686 = CARTESIAN_POINT('',(0.,-12.));
#13687 = VECTOR('',#13688,1.);
#13688 = DIRECTION('',(1.,0.));
#13689 = ( GEOMETRIC_REPRESENTATION_CONTEXT(2) 
PARAMETRIC_REPRESENTATION_CONTEXT() REPRESENTATION_CONTEXT('2D SPACE',''
  ) );
#13690 = ORIENTED_EDGE('',*,*,#5093,.F.);
#13691 = ORIENTED_EDGE('',*,*,#13590,.T.);
#13692 = ORIENTED_EDGE('',*,*,#13693,.T.);
#13693 = EDGE_CURVE('',#13566,#13669,#13694,.T.);
#13694 = SURFACE_CURVE('',#13695,(#13699,#13706),.PCURVE_S1.);
#13695 = LINE('',#13696,#13697);
#13696 = CARTESIAN_POINT('',(26.5,63.,3.7));
#13697 = VECTOR('',#13698,1.);
#13698 = DIRECTION('',(1.,0.,0.));
#13699 = PCURVE('',#5109,#13700);
#13700 = DEFINITIONAL_REPRESENTATION('',(#13701),#13705);
#13701 = LINE('',#13702,#13703);
#13702 = CARTESIAN_POINT('',(2.7,0.));
#13703 = VECTOR('',#13704,1.);
#13704 = DIRECTION('',(0.,1.));
#13705 = ( GEOMETRIC_REPRESENTATION_CONTEXT(2) 
PARAMETRIC_REPRESENTATION_CONTEXT() REPRESENTATION_CONTEXT('2D SPACE',''
  ) );
#13706 = PCURVE('',#13707,#13712);
#13707 = CYLINDRICAL_SURFACE('',#13708,1.);
#13708 = AXIS2_PLACEMENT_3D('',#13709,#13710,#13711);
#13709 = CARTESIAN_POINT('',(26.5,62.,3.7));
#13710 = DIRECTION('',(1.,0.,0.));
#13711 = DIRECTION('',(-0.,1.,0.));
#13712 = DEFINITIONAL_REPRESENTATION('',(#13713),#13717);
#13713 = LINE('',#13714,#13715);
#13714 = CARTESIAN_POINT('',(0.,0.));
#13715 = VECTOR('',#13716,1.);
#13716 = DIRECTION('',(0.,1.));
#13717 = ( GEOMETRIC_REPRESENTATION_CONTEXT(2) 
PARAMETRIC_REPRESENTATION_CONTEXT() REPRESENTATION_CONTEXT('2D SPACE',''
  ) );
#13718 = ADVANCED_FACE('',(#13719),#5165,.T.);
#13719 = FACE_BOUND('',#13720,.T.);
#13720 = EDGE_LOOP('',(#13721,#13722,#13745,#13778,#13799));
#13721 = ORIENTED_EDGE('',*,*,#5149,.T.);
#13722 = ORIENTED_EDGE('',*,*,#13723,.T.);
#13723 = EDGE_CURVE('',#5122,#13724,#13726,.T.);
#13724 = VERTEX_POINT('',#13725);
#13725 = CARTESIAN_POINT('',(46.5,59.3,3.7));
#13726 = SURFACE_CURVE('',#13727,(#13731,#13738),.PCURVE_S1.);
#13727 = LINE('',#13728,#13729);
#13728 = CARTESIAN_POINT('',(46.5,59.3,-15.3000002));
#13729 = VECTOR('',#13730,1.);
#13730 = DIRECTION('',(0.,0.,1.));
#13731 = PCURVE('',#5165,#13732);
#13732 = DEFINITIONAL_REPRESENTATION('',(#13733),#13737);
#13733 = LINE('',#13734,#13735);
#13734 = CARTESIAN_POINT('',(0.,-0.));
#13735 = VECTOR('',#13736,1.);
#13736 = DIRECTION('',(0.,-1.));
#13737 = ( GEOMETRIC_REPRESENTATION_CONTEXT(2) 
PARAMETRIC_REPRESENTATION_CONTEXT() REPRESENTATION_CONTEXT('2D SPACE',''
  ) );
#13738 = PCURVE('',#5137,#13739);
#13739 = DEFINITIONAL_REPRESENTATION('',(#13740),#13744);
#13740 = LINE('',#13741,#13742);
#13741 = CARTESIAN_POINT('',(-16.3000002,-8.3));
#13742 = VECTOR('',#13743,1.);
#13743 = DIRECTION('',(1.,0.));
#13744 = ( GEOMETRIC_REPRESENTATION_CONTEXT(2) 
PARAMETRIC_REPRESENTATION_CONTEXT() REPRESENTATION_CONTEXT('2D SPACE',''
  ) );
#13745 = ORIENTED_EDGE('',*,*,#13746,.F.);
#13746 = EDGE_CURVE('',#13747,#13724,#13749,.T.);
#13747 = VERTEX_POINT('',#13748);
#13748 = CARTESIAN_POINT('',(45.5,59.3,4.7));
#13749 = SURFACE_CURVE('',#13750,(#13755,#13766),.PCURVE_S1.);
#13750 = CIRCLE('',#13751,1.);
#13751 = AXIS2_PLACEMENT_3D('',#13752,#13753,#13754);
#13752 = CARTESIAN_POINT('',(45.5,59.3,3.7));
#13753 = DIRECTION('',(0.,1.,0.));
#13754 = DIRECTION('',(1.,0.,-0.));
#13755 = PCURVE('',#5165,#13756);
#13756 = DEFINITIONAL_REPRESENTATION('',(#13757),#13765);
#13757 = ( BOUNDED_CURVE() B_SPLINE_CURVE(2,(#13758,#13759,#13760,#13761
    ,#13762,#13763,#13764),.UNSPECIFIED.,.T.,.F.) 
B_SPLINE_CURVE_WITH_KNOTS((1,2,2,2,2,1),(-2.094395102393,0.,
    2.094395102393,4.188790204786,6.28318530718,8.377580409573),
.UNSPECIFIED.) CURVE() GEOMETRIC_REPRESENTATION_ITEM() 
RATIONAL_B_SPLINE_CURVE((1.,0.5,1.,0.5,1.,0.5,1.)) REPRESENTATION_ITEM(
  '') );
#13758 = CARTESIAN_POINT('',(0.,-19.0000002));
#13759 = CARTESIAN_POINT('',(0.,-17.26794939243));
#13760 = CARTESIAN_POINT('',(1.5,-18.13397479621));
#13761 = CARTESIAN_POINT('',(3.,-19.0000002));
#13762 = CARTESIAN_POINT('',(1.5,-19.86602560378));
#13763 = CARTESIAN_POINT('',(1.554312234475E-15,-20.73205100756));
#13764 = CARTESIAN_POINT('',(0.,-19.0000002));
#13765 = ( GEOMETRIC_REPRESENTATION_CONTEXT(2) 
PARAMETRIC_REPRESENTATION_CONTEXT() REPRESENTATION_CONTEXT('2D SPACE',''
  ) );
#13766 = PCURVE('',#13767,#13772);
#13767 = CYLINDRICAL_SURFACE('',#13768,1.);
#13768 = AXIS2_PLACEMENT_3D('',#13769,#13770,#13771);
#13769 = CARTESIAN_POINT('',(45.5,51.,3.7));
#13770 = DIRECTION('',(0.,1.,0.));
#13771 = DIRECTION('',(1.,0.,-0.));
#13772 = DEFINITIONAL_REPRESENTATION('',(#13773),#13777);
#13773 = LINE('',#13774,#13775);
#13774 = CARTESIAN_POINT('',(-6.28318530718,8.3));
#13775 = VECTOR('',#13776,1.);
#13776 = DIRECTION('',(1.,-0.));
#13777 = ( GEOMETRIC_REPRESENTATION_CONTEXT(2) 
PARAMETRIC_REPRESENTATION_CONTEXT() REPRESENTATION_CONTEXT('2D SPACE',''
  ) );
#13778 = ORIENTED_EDGE('',*,*,#13779,.F.);
#13779 = EDGE_CURVE('',#13616,#13747,#13780,.T.);
#13780 = SURFACE_CURVE('',#13781,(#13785,#13792),.PCURVE_S1.);
#13781 = LINE('',#13782,#13783);
#13782 = CARTESIAN_POINT('',(36.5,59.3,4.7));
#13783 = VECTOR('',#13784,1.);
#13784 = DIRECTION('',(1.,0.,-0.));
#13785 = PCURVE('',#5165,#13786);
#13786 = DEFINITIONAL_REPRESENTATION('',(#13787),#13791);
#13787 = LINE('',#13788,#13789);
#13788 = CARTESIAN_POINT('',(10.,-20.0000002));
#13789 = VECTOR('',#13790,1.);
#13790 = DIRECTION('',(-1.,-0.));
#13791 = ( GEOMETRIC_REPRESENTATION_CONTEXT(2) 
PARAMETRIC_REPRESENTATION_CONTEXT() REPRESENTATION_CONTEXT('2D SPACE',''
  ) );
#13792 = PCURVE('',#13519,#13793);
#13793 = DEFINITIONAL_REPRESENTATION('',(#13794),#13798);
#13794 = LINE('',#13795,#13796);
#13795 = CARTESIAN_POINT('',(10.,8.3));
#13796 = VECTOR('',#13797,1.);
#13797 = DIRECTION('',(1.,0.));
#13798 = ( GEOMETRIC_REPRESENTATION_CONTEXT(2) 
PARAMETRIC_REPRESENTATION_CONTEXT() REPRESENTATION_CONTEXT('2D SPACE',''
  ) );
#13799 = ORIENTED_EDGE('',*,*,#13615,.T.);
#13800 = ADVANCED_FACE('',(#13801),#5137,.T.);
#13801 = FACE_BOUND('',#13802,.T.);
#13802 = EDGE_LOOP('',(#13803,#13824,#13825,#13826));
#13803 = ORIENTED_EDGE('',*,*,#13804,.F.);
#13804 = EDGE_CURVE('',#13724,#13669,#13805,.T.);
#13805 = SURFACE_CURVE('',#13806,(#13810,#13817),.PCURVE_S1.);
#13806 = LINE('',#13807,#13808);
#13807 = CARTESIAN_POINT('',(46.5,51.,3.7));
#13808 = VECTOR('',#13809,1.);
#13809 = DIRECTION('',(0.,1.,0.));
#13810 = PCURVE('',#5137,#13811);
#13811 = DEFINITIONAL_REPRESENTATION('',(#13812),#13816);
#13812 = LINE('',#13813,#13814);
#13813 = CARTESIAN_POINT('',(2.7,0.));
#13814 = VECTOR('',#13815,1.);
#13815 = DIRECTION('',(0.,-1.));
#13816 = ( GEOMETRIC_REPRESENTATION_CONTEXT(2) 
PARAMETRIC_REPRESENTATION_CONTEXT() REPRESENTATION_CONTEXT('2D SPACE',''
  ) );
#13817 = PCURVE('',#13767,#13818);
#13818 = DEFINITIONAL_REPRESENTATION('',(#13819),#13823);
#13819 = LINE('',#13820,#13821);
#13820 = CARTESIAN_POINT('',(-0.,0.));
#13821 = VECTOR('',#13822,1.);
#13822 = DIRECTION('',(-0.,1.));
#13823 = ( GEOMETRIC_REPRESENTATION_CONTEXT(2) 
PARAMETRIC_REPRESENTATION_CONTEXT() REPRESENTATION_CONTEXT('2D SPACE',''
  ) );
#13824 = ORIENTED_EDGE('',*,*,#13723,.F.);
#13825 = ORIENTED_EDGE('',*,*,#5121,.T.);
#13826 = ORIENTED_EDGE('',*,*,#13668,.T.);
#13827 = ADVANCED_FACE('',(#13828),#5411,.T.);
#13828 = FACE_BOUND('',#13829,.F.);
#13829 = EDGE_LOOP('',(#13830,#13831,#13832,#13833));
#13830 = ORIENTED_EDGE('',*,*,#5687,.T.);
#13831 = ORIENTED_EDGE('',*,*,#5395,.T.);
#13832 = ORIENTED_EDGE('',*,*,#5848,.F.);
#13833 = ORIENTED_EDGE('',*,*,#13834,.F.);
#13834 = EDGE_CURVE('',#5688,#5849,#13835,.T.);
#13835 = SURFACE_CURVE('',#13836,(#13840,#13847),.PCURVE_S1.);
#13836 = LINE('',#13837,#13838);
#13837 = CARTESIAN_POINT('',(0.,70.,-0.1));
#13838 = VECTOR('',#13839,1.);
#13839 = DIRECTION('',(1.,0.,0.));
#13840 = PCURVE('',#5411,#13841);
#13841 = DEFINITIONAL_REPRESENTATION('',(#13842),#13846);
#13842 = LINE('',#13843,#13844);
#13843 = CARTESIAN_POINT('',(-0.,0.));
#13844 = VECTOR('',#13845,1.);
#13845 = DIRECTION('',(-0.,1.));
#13846 = ( GEOMETRIC_REPRESENTATION_CONTEXT(2) 
PARAMETRIC_REPRESENTATION_CONTEXT() REPRESENTATION_CONTEXT('2D SPACE',''
  ) );
#13847 = PCURVE('',#5731,#13848);
#13848 = DEFINITIONAL_REPRESENTATION('',(#13849),#13853);
#13849 = LINE('',#13850,#13851);
#13850 = CARTESIAN_POINT('',(0.9,0.));
#13851 = VECTOR('',#13852,1.);
#13852 = DIRECTION('',(0.,1.));
#13853 = ( GEOMETRIC_REPRESENTATION_CONTEXT(2) 
PARAMETRIC_REPRESENTATION_CONTEXT() REPRESENTATION_CONTEXT('2D SPACE',''
  ) );
#13854 = ADVANCED_FACE('',(#13855),#5731,.T.);
#13855 = FACE_BOUND('',#13856,.T.);
#13856 = EDGE_LOOP('',(#13857,#13858,#13859,#13860));
#13857 = ORIENTED_EDGE('',*,*,#5876,.F.);
#13858 = ORIENTED_EDGE('',*,*,#13834,.F.);
#13859 = ORIENTED_EDGE('',*,*,#5715,.T.);
#13860 = ORIENTED_EDGE('',*,*,#5822,.T.);
#13861 = ADVANCED_FACE('',(#13862),#5941,.T.);
#13862 = FACE_BOUND('',#13863,.F.);
#13863 = EDGE_LOOP('',(#13864,#13865,#13866,#13867,#13868,#13869,#13870,
    #13871,#13872,#13873,#13874,#13875,#13876,#13877,#13878,#13879,
    #13880,#13881,#13882,#13883,#13884,#13885,#13886,#13887,#13888,
    #13889));
#13864 = ORIENTED_EDGE('',*,*,#7155,.T.);
#13865 = ORIENTED_EDGE('',*,*,#7128,.T.);
#13866 = ORIENTED_EDGE('',*,*,#7079,.T.);
#13867 = ORIENTED_EDGE('',*,*,#7030,.T.);
#13868 = ORIENTED_EDGE('',*,*,#6981,.T.);
#13869 = ORIENTED_EDGE('',*,*,#6932,.T.);
#13870 = ORIENTED_EDGE('',*,*,#6883,.T.);
#13871 = ORIENTED_EDGE('',*,*,#6834,.T.);
#13872 = ORIENTED_EDGE('',*,*,#6785,.T.);
#13873 = ORIENTED_EDGE('',*,*,#6736,.T.);
#13874 = ORIENTED_EDGE('',*,*,#6687,.T.);
#13875 = ORIENTED_EDGE('',*,*,#6638,.T.);
#13876 = ORIENTED_EDGE('',*,*,#6589,.T.);
#13877 = ORIENTED_EDGE('',*,*,#6540,.T.);
#13878 = ORIENTED_EDGE('',*,*,#6491,.T.);
#13879 = ORIENTED_EDGE('',*,*,#6442,.T.);
#13880 = ORIENTED_EDGE('',*,*,#6393,.T.);
#13881 = ORIENTED_EDGE('',*,*,#6344,.T.);
#13882 = ORIENTED_EDGE('',*,*,#6295,.T.);
#13883 = ORIENTED_EDGE('',*,*,#6246,.T.);
#13884 = ORIENTED_EDGE('',*,*,#6197,.T.);
#13885 = ORIENTED_EDGE('',*,*,#6148,.T.);
#13886 = ORIENTED_EDGE('',*,*,#6099,.T.);
#13887 = ORIENTED_EDGE('',*,*,#6050,.T.);
#13888 = ORIENTED_EDGE('',*,*,#6001,.T.);
#13889 = ORIENTED_EDGE('',*,*,#5925,.T.);
#13890 = ADVANCED_FACE('',(#13891,#13904),#7220,.T.);
#13891 = FACE_BOUND('',#13892,.F.);
#13892 = EDGE_LOOP('',(#13893,#13894,#13895,#13896,#13897,#13898,#13899,
    #13900,#13901,#13902,#13903));
#13893 = ORIENTED_EDGE('',*,*,#7699,.T.);
#13894 = ORIENTED_EDGE('',*,*,#7672,.T.);
#13895 = ORIENTED_EDGE('',*,*,#7623,.T.);
#13896 = ORIENTED_EDGE('',*,*,#7574,.T.);
#13897 = ORIENTED_EDGE('',*,*,#7525,.T.);
#13898 = ORIENTED_EDGE('',*,*,#7476,.T.);
#13899 = ORIENTED_EDGE('',*,*,#7427,.T.);
#13900 = ORIENTED_EDGE('',*,*,#7378,.T.);
#13901 = ORIENTED_EDGE('',*,*,#7329,.T.);
#13902 = ORIENTED_EDGE('',*,*,#7280,.T.);
#13903 = ORIENTED_EDGE('',*,*,#7204,.T.);
#13904 = FACE_BOUND('',#13905,.F.);
#13905 = EDGE_LOOP('',(#13906,#13936,#13964));
#13906 = ORIENTED_EDGE('',*,*,#13907,.T.);
#13907 = EDGE_CURVE('',#13908,#13910,#13912,.T.);
#13908 = VERTEX_POINT('',#13909);
#13909 = CARTESIAN_POINT('',(6.56,56.69400390625,1.4));
#13910 = VERTEX_POINT('',#13911);
#13911 = CARTESIAN_POINT('',(7.8919921875,56.69400390625,1.4));
#13912 = SURFACE_CURVE('',#13913,(#13917,#13924),.PCURVE_S1.);
#13913 = LINE('',#13914,#13915);
#13914 = CARTESIAN_POINT('',(6.56,56.69400390625,1.4));
#13915 = VECTOR('',#13916,1.);
#13916 = DIRECTION('',(1.,0.,0.));
#13917 = PCURVE('',#7220,#13918);
#13918 = DEFINITIONAL_REPRESENTATION('',(#13919),#13923);
#13919 = LINE('',#13920,#13921);
#13920 = CARTESIAN_POINT('',(0.63,1.49400390625));
#13921 = VECTOR('',#13922,1.);
#13922 = DIRECTION('',(1.,0.));
#13923 = ( GEOMETRIC_REPRESENTATION_CONTEXT(2) 
PARAMETRIC_REPRESENTATION_CONTEXT() REPRESENTATION_CONTEXT('2D SPACE',''
  ) );
#13924 = PCURVE('',#13925,#13930);
#13925 = PLANE('',#13926);
#13926 = AXIS2_PLACEMENT_3D('',#13927,#13928,#13929);
#13927 = CARTESIAN_POINT('',(6.56,56.69400390625,1.));
#13928 = DIRECTION('',(0.,1.,0.));
#13929 = DIRECTION('',(1.,0.,0.));
#13930 = DEFINITIONAL_REPRESENTATION('',(#13931),#13935);
#13931 = LINE('',#13932,#13933);
#13932 = CARTESIAN_POINT('',(8.881784197001E-16,-0.4));
#13933 = VECTOR('',#13934,1.);
#13934 = DIRECTION('',(1.,0.));
#13935 = ( GEOMETRIC_REPRESENTATION_CONTEXT(2) 
PARAMETRIC_REPRESENTATION_CONTEXT() REPRESENTATION_CONTEXT('2D SPACE',''
  ) );
#13936 = ORIENTED_EDGE('',*,*,#13937,.T.);
#13937 = EDGE_CURVE('',#13910,#13938,#13940,.T.);
#13938 = VERTEX_POINT('',#13939);
#13939 = CARTESIAN_POINT('',(7.8919921875,58.55400390625,1.4));
#13940 = SURFACE_CURVE('',#13941,(#13945,#13952),.PCURVE_S1.);
#13941 = LINE('',#13942,#13943);
#13942 = CARTESIAN_POINT('',(7.8919921875,56.69400390625,1.4));
#13943 = VECTOR('',#13944,1.);
#13944 = DIRECTION('',(0.,1.,0.));
#13945 = PCURVE('',#7220,#13946);
#13946 = DEFINITIONAL_REPRESENTATION('',(#13947),#13951);
#13947 = LINE('',#13948,#13949);
#13948 = CARTESIAN_POINT('',(1.9619921875,1.49400390625));
#13949 = VECTOR('',#13950,1.);
#13950 = DIRECTION('',(0.,1.));
#13951 = ( GEOMETRIC_REPRESENTATION_CONTEXT(2) 
PARAMETRIC_REPRESENTATION_CONTEXT() REPRESENTATION_CONTEXT('2D SPACE',''
  ) );
#13952 = PCURVE('',#13953,#13958);
#13953 = PLANE('',#13954);
#13954 = AXIS2_PLACEMENT_3D('',#13955,#13956,#13957);
#13955 = CARTESIAN_POINT('',(7.8919921875,56.69400390625,1.));
#13956 = DIRECTION('',(-1.,0.,0.));
#13957 = DIRECTION('',(0.,1.,0.));
#13958 = DEFINITIONAL_REPRESENTATION('',(#13959),#13963);
#13959 = LINE('',#13960,#13961);
#13960 = CARTESIAN_POINT('',(0.,-0.4));
#13961 = VECTOR('',#13962,1.);
#13962 = DIRECTION('',(1.,0.));
#13963 = ( GEOMETRIC_REPRESENTATION_CONTEXT(2) 
PARAMETRIC_REPRESENTATION_CONTEXT() REPRESENTATION_CONTEXT('2D SPACE',''
  ) );
#13964 = ORIENTED_EDGE('',*,*,#13965,.T.);
#13965 = EDGE_CURVE('',#13938,#13908,#13966,.T.);
#13966 = SURFACE_CURVE('',#13967,(#13971,#13978),.PCURVE_S1.);
#13967 = LINE('',#13968,#13969);
#13968 = CARTESIAN_POINT('',(7.8919921875,58.55400390625,1.4));
#13969 = VECTOR('',#13970,1.);
#13970 = DIRECTION('',(-0.582227861366,-0.813025656083,0.));
#13971 = PCURVE('',#7220,#13972);
#13972 = DEFINITIONAL_REPRESENTATION('',(#13973),#13977);
#13973 = LINE('',#13974,#13975);
#13974 = CARTESIAN_POINT('',(1.9619921875,3.35400390625));
#13975 = VECTOR('',#13976,1.);
#13976 = DIRECTION('',(-0.582227861366,-0.813025656083));
#13977 = ( GEOMETRIC_REPRESENTATION_CONTEXT(2) 
PARAMETRIC_REPRESENTATION_CONTEXT() REPRESENTATION_CONTEXT('2D SPACE',''
  ) );
#13978 = PCURVE('',#13979,#13984);
#13979 = PLANE('',#13980);
#13980 = AXIS2_PLACEMENT_3D('',#13981,#13982,#13983);
#13981 = CARTESIAN_POINT('',(7.8919921875,58.55400390625,1.));
#13982 = DIRECTION('',(0.813025656083,-0.582227861366,0.));
#13983 = DIRECTION('',(-0.582227861366,-0.813025656083,0.));
#13984 = DEFINITIONAL_REPRESENTATION('',(#13985),#13989);
#13985 = LINE('',#13986,#13987);
#13986 = CARTESIAN_POINT('',(0.,-0.4));
#13987 = VECTOR('',#13988,1.);
#13988 = DIRECTION('',(1.,-0.));
#13989 = ( GEOMETRIC_REPRESENTATION_CONTEXT(2) 
PARAMETRIC_REPRESENTATION_CONTEXT() REPRESENTATION_CONTEXT('2D SPACE',''
  ) );
#13990 = ADVANCED_FACE('',(#13991),#7764,.T.);
#13991 = FACE_BOUND('',#13992,.F.);
#13992 = EDGE_LOOP('',(#13993,#13994,#13995,#13996,#13997,#13998));
#13993 = ORIENTED_EDGE('',*,*,#7998,.T.);
#13994 = ORIENTED_EDGE('',*,*,#7971,.T.);
#13995 = ORIENTED_EDGE('',*,*,#7922,.T.);
#13996 = ORIENTED_EDGE('',*,*,#7873,.T.);
#13997 = ORIENTED_EDGE('',*,*,#7824,.T.);
#13998 = ORIENTED_EDGE('',*,*,#7748,.T.);
#13999 = ADVANCED_FACE('',(#14000),#8063,.T.);
#14000 = FACE_BOUND('',#14001,.F.);
#14001 = EDGE_LOOP('',(#14002,#14003,#14004,#14005,#14006,#14007,#14008)
  );
#14002 = ORIENTED_EDGE('',*,*,#8346,.T.);
#14003 = ORIENTED_EDGE('',*,*,#8319,.T.);
#14004 = ORIENTED_EDGE('',*,*,#8270,.T.);
#14005 = ORIENTED_EDGE('',*,*,#8221,.T.);
#14006 = ORIENTED_EDGE('',*,*,#8172,.T.);
#14007 = ORIENTED_EDGE('',*,*,#8123,.T.);
#14008 = ORIENTED_EDGE('',*,*,#8047,.T.);
#14009 = ADVANCED_FACE('',(#14010),#8411,.T.);
#14010 = FACE_BOUND('',#14011,.F.);
#14011 = EDGE_LOOP('',(#14012,#14013,#14014,#14015,#14016,#14017,#14018,
    #14019));
#14012 = ORIENTED_EDGE('',*,*,#8743,.T.);
#14013 = ORIENTED_EDGE('',*,*,#8716,.T.);
#14014 = ORIENTED_EDGE('',*,*,#8667,.T.);
#14015 = ORIENTED_EDGE('',*,*,#8618,.T.);
#14016 = ORIENTED_EDGE('',*,*,#8569,.T.);
#14017 = ORIENTED_EDGE('',*,*,#8520,.T.);
#14018 = ORIENTED_EDGE('',*,*,#8471,.T.);
#14019 = ORIENTED_EDGE('',*,*,#8395,.T.);
#14020 = ADVANCED_FACE('',(#14021,#14033),#8808,.T.);
#14021 = FACE_BOUND('',#14022,.F.);
#14022 = EDGE_LOOP('',(#14023,#14024,#14025,#14026,#14027,#14028,#14029,
    #14030,#14031,#14032));
#14023 = ORIENTED_EDGE('',*,*,#9238,.T.);
#14024 = ORIENTED_EDGE('',*,*,#9211,.T.);
#14025 = ORIENTED_EDGE('',*,*,#9162,.T.);
#14026 = ORIENTED_EDGE('',*,*,#9113,.T.);
#14027 = ORIENTED_EDGE('',*,*,#9064,.T.);
#14028 = ORIENTED_EDGE('',*,*,#9015,.T.);
#14029 = ORIENTED_EDGE('',*,*,#8966,.T.);
#14030 = ORIENTED_EDGE('',*,*,#8917,.T.);
#14031 = ORIENTED_EDGE('',*,*,#8868,.T.);
#14032 = ORIENTED_EDGE('',*,*,#8792,.T.);
#14033 = FACE_BOUND('',#14034,.F.);
#14034 = EDGE_LOOP('',(#14035,#14067,#14097,#14127,#14157));
#14035 = ORIENTED_EDGE('',*,*,#14036,.T.);
#14036 = EDGE_CURVE('',#14037,#14039,#14041,.T.);
#14037 = VERTEX_POINT('',#14038);
#14038 = CARTESIAN_POINT('',(22.1719921875,57.27,1.4));
#14039 = VERTEX_POINT('',#14040);
#14040 = CARTESIAN_POINT('',(21.32,58.98599609375,1.4));
#14041 = SURFACE_CURVE('',#14042,(#14046,#14053),.PCURVE_S1.);
#14042 = B_SPLINE_CURVE_WITH_KNOTS('',2,(#14043,#14044,#14045),
  .UNSPECIFIED.,.F.,.F.,(3,3),(0.,1.),.PIECEWISE_BEZIER_KNOTS.);
#14043 = CARTESIAN_POINT('',(22.1719921875,57.27,1.4));
#14044 = CARTESIAN_POINT('',(22.1719921875,58.98599609375,1.4));
#14045 = CARTESIAN_POINT('',(21.32,58.98599609375,1.4));
#14046 = PCURVE('',#8808,#14047);
#14047 = DEFINITIONAL_REPRESENTATION('',(#14048),#14052);
#14048 = B_SPLINE_CURVE_WITH_KNOTS('',2,(#14049,#14050,#14051),
  .UNSPECIFIED.,.F.,.F.,(3,3),(0.,1.),.PIECEWISE_BEZIER_KNOTS.);
#14049 = CARTESIAN_POINT('',(2.5019921875,2.07));
#14050 = CARTESIAN_POINT('',(2.5019921875,3.78599609375));
#14051 = CARTESIAN_POINT('',(1.65,3.78599609375));
#14052 = ( GEOMETRIC_REPRESENTATION_CONTEXT(2) 
PARAMETRIC_REPRESENTATION_CONTEXT() REPRESENTATION_CONTEXT('2D SPACE',''
  ) );
#14053 = PCURVE('',#14054,#14061);
#14054 = SURFACE_OF_LINEAR_EXTRUSION('',#14055,#14059);
#14055 = B_SPLINE_CURVE_WITH_KNOTS('',2,(#14056,#14057,#14058),
  .UNSPECIFIED.,.F.,.F.,(3,3),(0.,1.),.PIECEWISE_BEZIER_KNOTS.);
#14056 = CARTESIAN_POINT('',(22.1719921875,57.27,1.));
#14057 = CARTESIAN_POINT('',(22.1719921875,58.98599609375,1.));
#14058 = CARTESIAN_POINT('',(21.32,58.98599609375,1.));
#14059 = VECTOR('',#14060,1.);
#14060 = DIRECTION('',(-0.,-0.,-1.));
#14061 = DEFINITIONAL_REPRESENTATION('',(#14062),#14066);
#14062 = LINE('',#14063,#14064);
#14063 = CARTESIAN_POINT('',(0.,-0.4));
#14064 = VECTOR('',#14065,1.);
#14065 = DIRECTION('',(1.,0.));
#14066 = ( GEOMETRIC_REPRESENTATION_CONTEXT(2) 
PARAMETRIC_REPRESENTATION_CONTEXT() REPRESENTATION_CONTEXT('2D SPACE',''
  ) );
#14067 = ORIENTED_EDGE('',*,*,#14068,.T.);
#14068 = EDGE_CURVE('',#14039,#14069,#14071,.T.);
#14069 = VERTEX_POINT('',#14070);
#14070 = CARTESIAN_POINT('',(20.4680078125,57.2519921875,1.4));
#14071 = SURFACE_CURVE('',#14072,(#14076,#14083),.PCURVE_S1.);
#14072 = B_SPLINE_CURVE_WITH_KNOTS('',2,(#14073,#14074,#14075),
  .UNSPECIFIED.,.F.,.F.,(3,3),(0.,1.),.PIECEWISE_BEZIER_KNOTS.);
#14073 = CARTESIAN_POINT('',(21.32,58.98599609375,1.4));
#14074 = CARTESIAN_POINT('',(20.4680078125,58.98599609375,1.4));
#14075 = CARTESIAN_POINT('',(20.4680078125,57.2519921875,1.4));
#14076 = PCURVE('',#8808,#14077);
#14077 = DEFINITIONAL_REPRESENTATION('',(#14078),#14082);
#14078 = B_SPLINE_CURVE_WITH_KNOTS('',2,(#14079,#14080,#14081),
  .UNSPECIFIED.,.F.,.F.,(3,3),(0.,1.),.PIECEWISE_BEZIER_KNOTS.);
#14079 = CARTESIAN_POINT('',(1.65,3.78599609375));
#14080 = CARTESIAN_POINT('',(0.7980078125,3.78599609375));
#14081 = CARTESIAN_POINT('',(0.7980078125,2.0519921875));
#14082 = ( GEOMETRIC_REPRESENTATION_CONTEXT(2) 
PARAMETRIC_REPRESENTATION_CONTEXT() REPRESENTATION_CONTEXT('2D SPACE',''
  ) );
#14083 = PCURVE('',#14084,#14091);
#14084 = SURFACE_OF_LINEAR_EXTRUSION('',#14085,#14089);
#14085 = B_SPLINE_CURVE_WITH_KNOTS('',2,(#14086,#14087,#14088),
  .UNSPECIFIED.,.F.,.F.,(3,3),(0.,1.),.PIECEWISE_BEZIER_KNOTS.);
#14086 = CARTESIAN_POINT('',(21.32,58.98599609375,1.));
#14087 = CARTESIAN_POINT('',(20.4680078125,58.98599609375,1.));
#14088 = CARTESIAN_POINT('',(20.4680078125,57.2519921875,1.));
#14089 = VECTOR('',#14090,1.);
#14090 = DIRECTION('',(-0.,-0.,-1.));
#14091 = DEFINITIONAL_REPRESENTATION('',(#14092),#14096);
#14092 = LINE('',#14093,#14094);
#14093 = CARTESIAN_POINT('',(0.,-0.4));
#14094 = VECTOR('',#14095,1.);
#14095 = DIRECTION('',(1.,0.));
#14096 = ( GEOMETRIC_REPRESENTATION_CONTEXT(2) 
PARAMETRIC_REPRESENTATION_CONTEXT() REPRESENTATION_CONTEXT('2D SPACE',''
  ) );
#14097 = ORIENTED_EDGE('',*,*,#14098,.T.);
#14098 = EDGE_CURVE('',#14069,#14099,#14101,.T.);
#14099 = VERTEX_POINT('',#14100);
#14100 = CARTESIAN_POINT('',(21.3080078125,55.5,1.4));
#14101 = SURFACE_CURVE('',#14102,(#14106,#14113),.PCURVE_S1.);
#14102 = B_SPLINE_CURVE_WITH_KNOTS('',2,(#14103,#14104,#14105),
  .UNSPECIFIED.,.F.,.F.,(3,3),(0.,1.),.PIECEWISE_BEZIER_KNOTS.);
#14103 = CARTESIAN_POINT('',(20.4680078125,57.2519921875,1.4));
#14104 = CARTESIAN_POINT('',(20.4680078125,55.5,1.4));
#14105 = CARTESIAN_POINT('',(21.3080078125,55.5,1.4));
#14106 = PCURVE('',#8808,#14107);
#14107 = DEFINITIONAL_REPRESENTATION('',(#14108),#14112);
#14108 = B_SPLINE_CURVE_WITH_KNOTS('',2,(#14109,#14110,#14111),
  .UNSPECIFIED.,.F.,.F.,(3,3),(0.,1.),.PIECEWISE_BEZIER_KNOTS.);
#14109 = CARTESIAN_POINT('',(0.7980078125,2.0519921875));
#14110 = CARTESIAN_POINT('',(0.7980078125,0.3));
#14111 = CARTESIAN_POINT('',(1.6380078125,0.3));
#14112 = ( GEOMETRIC_REPRESENTATION_CONTEXT(2) 
PARAMETRIC_REPRESENTATION_CONTEXT() REPRESENTATION_CONTEXT('2D SPACE',''
  ) );
#14113 = PCURVE('',#14114,#14121);
#14114 = SURFACE_OF_LINEAR_EXTRUSION('',#14115,#14119);
#14115 = B_SPLINE_CURVE_WITH_KNOTS('',2,(#14116,#14117,#14118),
  .UNSPECIFIED.,.F.,.F.,(3,3),(0.,1.),.PIECEWISE_BEZIER_KNOTS.);
#14116 = CARTESIAN_POINT('',(20.4680078125,57.2519921875,1.));
#14117 = CARTESIAN_POINT('',(20.4680078125,55.5,1.));
#14118 = CARTESIAN_POINT('',(21.3080078125,55.5,1.));
#14119 = VECTOR('',#14120,1.);
#14120 = DIRECTION('',(-0.,-0.,-1.));
#14121 = DEFINITIONAL_REPRESENTATION('',(#14122),#14126);
#14122 = LINE('',#14123,#14124);
#14123 = CARTESIAN_POINT('',(0.,-0.4));
#14124 = VECTOR('',#14125,1.);
#14125 = DIRECTION('',(1.,0.));
#14126 = ( GEOMETRIC_REPRESENTATION_CONTEXT(2) 
PARAMETRIC_REPRESENTATION_CONTEXT() REPRESENTATION_CONTEXT('2D SPACE',''
  ) );
#14127 = ORIENTED_EDGE('',*,*,#14128,.T.);
#14128 = EDGE_CURVE('',#14099,#14129,#14131,.T.);
#14129 = VERTEX_POINT('',#14130);
#14130 = CARTESIAN_POINT('',(21.9619921875,55.932001953125,1.4));
#14131 = SURFACE_CURVE('',#14132,(#14136,#14143),.PCURVE_S1.);
#14132 = B_SPLINE_CURVE_WITH_KNOTS('',2,(#14133,#14134,#14135),
  .UNSPECIFIED.,.F.,.F.,(3,3),(0.,1.),.PIECEWISE_BEZIER_KNOTS.);
#14133 = CARTESIAN_POINT('',(21.3080078125,55.5,1.4));
#14134 = CARTESIAN_POINT('',(21.7519921875,55.5,1.4));
#14135 = CARTESIAN_POINT('',(21.9619921875,55.932001953125,1.4));
#14136 = PCURVE('',#8808,#14137);
#14137 = DEFINITIONAL_REPRESENTATION('',(#14138),#14142);
#14138 = B_SPLINE_CURVE_WITH_KNOTS('',2,(#14139,#14140,#14141),
  .UNSPECIFIED.,.F.,.F.,(3,3),(0.,1.),.PIECEWISE_BEZIER_KNOTS.);
#14139 = CARTESIAN_POINT('',(1.6380078125,0.3));
#14140 = CARTESIAN_POINT('',(2.0819921875,0.3));
#14141 = CARTESIAN_POINT('',(2.2919921875,0.732001953125));
#14142 = ( GEOMETRIC_REPRESENTATION_CONTEXT(2) 
PARAMETRIC_REPRESENTATION_CONTEXT() REPRESENTATION_CONTEXT('2D SPACE',''
  ) );
#14143 = PCURVE('',#14144,#14151);
#14144 = SURFACE_OF_LINEAR_EXTRUSION('',#14145,#14149);
#14145 = B_SPLINE_CURVE_WITH_KNOTS('',2,(#14146,#14147,#14148),
  .UNSPECIFIED.,.F.,.F.,(3,3),(0.,1.),.PIECEWISE_BEZIER_KNOTS.);
#14146 = CARTESIAN_POINT('',(21.3080078125,55.5,1.));
#14147 = CARTESIAN_POINT('',(21.7519921875,55.5,1.));
#14148 = CARTESIAN_POINT('',(21.9619921875,55.932001953125,1.));
#14149 = VECTOR('',#14150,1.);
#14150 = DIRECTION('',(-0.,-0.,-1.));
#14151 = DEFINITIONAL_REPRESENTATION('',(#14152),#14156);
#14152 = LINE('',#14153,#14154);
#14153 = CARTESIAN_POINT('',(0.,-0.4));
#14154 = VECTOR('',#14155,1.);
#14155 = DIRECTION('',(1.,0.));
#14156 = ( GEOMETRIC_REPRESENTATION_CONTEXT(2) 
PARAMETRIC_REPRESENTATION_CONTEXT() REPRESENTATION_CONTEXT('2D SPACE',''
  ) );
#14157 = ORIENTED_EDGE('',*,*,#14158,.T.);
#14158 = EDGE_CURVE('',#14129,#14037,#14159,.T.);
#14159 = SURFACE_CURVE('',#14160,(#14164,#14171),.PCURVE_S1.);
#14160 = B_SPLINE_CURVE_WITH_KNOTS('',2,(#14161,#14162,#14163),
  .UNSPECIFIED.,.F.,.F.,(3,3),(0.,1.),.PIECEWISE_BEZIER_KNOTS.);
#14161 = CARTESIAN_POINT('',(21.9619921875,55.932001953125,1.4));
#14162 = CARTESIAN_POINT('',(22.1719921875,56.36400390625,1.4));
#14163 = CARTESIAN_POINT('',(22.1719921875,57.27,1.4));
#14164 = PCURVE('',#8808,#14165);
#14165 = DEFINITIONAL_REPRESENTATION('',(#14166),#14170);
#14166 = B_SPLINE_CURVE_WITH_KNOTS('',2,(#14167,#14168,#14169),
  .UNSPECIFIED.,.F.,.F.,(3,3),(0.,1.),.PIECEWISE_BEZIER_KNOTS.);
#14167 = CARTESIAN_POINT('',(2.2919921875,0.732001953125));
#14168 = CARTESIAN_POINT('',(2.5019921875,1.16400390625));
#14169 = CARTESIAN_POINT('',(2.5019921875,2.07));
#14170 = ( GEOMETRIC_REPRESENTATION_CONTEXT(2) 
PARAMETRIC_REPRESENTATION_CONTEXT() REPRESENTATION_CONTEXT('2D SPACE',''
  ) );
#14171 = PCURVE('',#14172,#14179);
#14172 = SURFACE_OF_LINEAR_EXTRUSION('',#14173,#14177);
#14173 = B_SPLINE_CURVE_WITH_KNOTS('',2,(#14174,#14175,#14176),
  .UNSPECIFIED.,.F.,.F.,(3,3),(0.,1.),.PIECEWISE_BEZIER_KNOTS.);
#14174 = CARTESIAN_POINT('',(21.9619921875,55.932001953125,1.));
#14175 = CARTESIAN_POINT('',(22.1719921875,56.36400390625,1.));
#14176 = CARTESIAN_POINT('',(22.1719921875,57.27,1.));
#14177 = VECTOR('',#14178,1.);
#14178 = DIRECTION('',(-0.,-0.,-1.));
#14179 = DEFINITIONAL_REPRESENTATION('',(#14180),#14184);
#14180 = LINE('',#14181,#14182);
#14181 = CARTESIAN_POINT('',(0.,-0.4));
#14182 = VECTOR('',#14183,1.);
#14183 = DIRECTION('',(1.,0.));
#14184 = ( GEOMETRIC_REPRESENTATION_CONTEXT(2) 
PARAMETRIC_REPRESENTATION_CONTEXT() REPRESENTATION_CONTEXT('2D SPACE',''
  ) );
#14185 = ADVANCED_FACE('',(#14186),#9325,.T.);
#14186 = FACE_BOUND('',#14187,.F.);
#14187 = EDGE_LOOP('',(#14188,#14222,#14245,#14277));
#14188 = ORIENTED_EDGE('',*,*,#14189,.T.);
#14189 = EDGE_CURVE('',#9289,#14190,#14192,.T.);
#14190 = VERTEX_POINT('',#14191);
#14191 = CARTESIAN_POINT('',(27.5,52.,4.7));
#14192 = SURFACE_CURVE('',#14193,(#14198,#14210),.PCURVE_S1.);
#14193 = ELLIPSE('',#14194,1.414213562373,1.);
#14194 = AXIS2_PLACEMENT_3D('',#14195,#14196,#14197);
#14195 = CARTESIAN_POINT('',(27.5,52.,3.7));
#14196 = DIRECTION('',(-0.707106781187,0.707106781187,0.));
#14197 = DIRECTION('',(0.707106781187,0.707106781187,0.));
#14198 = PCURVE('',#9325,#14199);
#14199 = DEFINITIONAL_REPRESENTATION('',(#14200),#14209);
#14200 = B_SPLINE_CURVE_WITH_KNOTS('',7,(#14201,#14202,#14203,#14204,
    #14205,#14206,#14207,#14208),.UNSPECIFIED.,.F.,.F.,(8,8),(
    3.14159265359,4.712388980385),.PIECEWISE_BEZIER_KNOTS.);
#14201 = CARTESIAN_POINT('',(0.,0.));
#14202 = CARTESIAN_POINT('',(-0.224399475256,-2.748100991031E-17));
#14203 = CARTESIAN_POINT('',(-0.448798950513,5.874867260997E-02));
#14204 = CARTESIAN_POINT('',(-0.67319842577,0.176237495375));
#14205 = CARTESIAN_POINT('',(-0.897597901025,0.345253174226));
#14206 = CARTESIAN_POINT('',(-1.121997376282,0.551201960681));
#14207 = CARTESIAN_POINT('',(-1.346396851538,0.775600524744));
#14208 = CARTESIAN_POINT('',(-1.570796326795,1.));
#14209 = ( GEOMETRIC_REPRESENTATION_CONTEXT(2) 
PARAMETRIC_REPRESENTATION_CONTEXT() REPRESENTATION_CONTEXT('2D SPACE',''
  ) );
#14210 = PCURVE('',#9410,#14211);
#14211 = DEFINITIONAL_REPRESENTATION('',(#14212),#14221);
#14212 = B_SPLINE_CURVE_WITH_KNOTS('',7,(#14213,#14214,#14215,#14216,
    #14217,#14218,#14219,#14220),.UNSPECIFIED.,.F.,.F.,(8,8),(
    3.14159265359,4.712388980385),.PIECEWISE_BEZIER_KNOTS.);
#14213 = CARTESIAN_POINT('',(0.,0.));
#14214 = CARTESIAN_POINT('',(0.224399475256,-2.748100991031E-17));
#14215 = CARTESIAN_POINT('',(0.448798950513,5.874867261002E-02));
#14216 = CARTESIAN_POINT('',(0.673198425769,0.176237495375));
#14217 = CARTESIAN_POINT('',(0.897597901026,0.345253174226));
#14218 = CARTESIAN_POINT('',(1.121997376282,0.551201960681));
#14219 = CARTESIAN_POINT('',(1.346396851538,0.775600524744));
#14220 = CARTESIAN_POINT('',(1.570796326795,1.));
#14221 = ( GEOMETRIC_REPRESENTATION_CONTEXT(2) 
PARAMETRIC_REPRESENTATION_CONTEXT() REPRESENTATION_CONTEXT('2D SPACE',''
  ) );
#14222 = ORIENTED_EDGE('',*,*,#14223,.T.);
#14223 = EDGE_CURVE('',#14190,#14224,#14226,.T.);
#14224 = VERTEX_POINT('',#14225);
#14225 = CARTESIAN_POINT('',(45.5,52.,4.7));
#14226 = SURFACE_CURVE('',#14227,(#14231,#14238),.PCURVE_S1.);
#14227 = LINE('',#14228,#14229);
#14228 = CARTESIAN_POINT('',(26.5,52.,4.7));
#14229 = VECTOR('',#14230,1.);
#14230 = DIRECTION('',(1.,0.,0.));
#14231 = PCURVE('',#9325,#14232);
#14232 = DEFINITIONAL_REPRESENTATION('',(#14233),#14237);
#14233 = LINE('',#14234,#14235);
#14234 = CARTESIAN_POINT('',(-1.570796326795,0.));
#14235 = VECTOR('',#14236,1.);
#14236 = DIRECTION('',(-0.,1.));
#14237 = ( GEOMETRIC_REPRESENTATION_CONTEXT(2) 
PARAMETRIC_REPRESENTATION_CONTEXT() REPRESENTATION_CONTEXT('2D SPACE',''
  ) );
#14238 = PCURVE('',#9489,#14239);
#14239 = DEFINITIONAL_REPRESENTATION('',(#14240),#14244);
#14240 = LINE('',#14241,#14242);
#14241 = CARTESIAN_POINT('',(0.,1.));
#14242 = VECTOR('',#14243,1.);
#14243 = DIRECTION('',(1.,0.));
#14244 = ( GEOMETRIC_REPRESENTATION_CONTEXT(2) 
PARAMETRIC_REPRESENTATION_CONTEXT() REPRESENTATION_CONTEXT('2D SPACE',''
  ) );
#14245 = ORIENTED_EDGE('',*,*,#14246,.F.);
#14246 = EDGE_CURVE('',#9265,#14224,#14247,.T.);
#14247 = SURFACE_CURVE('',#14248,(#14253,#14265),.PCURVE_S1.);
#14248 = ELLIPSE('',#14249,1.414213562373,1.);
#14249 = AXIS2_PLACEMENT_3D('',#14250,#14251,#14252);
#14250 = CARTESIAN_POINT('',(45.5,52.,3.7));
#14251 = DIRECTION('',(-0.707106781187,-0.707106781187,-0.));
#14252 = DIRECTION('',(-0.707106781187,0.707106781187,0.));
#14253 = PCURVE('',#9325,#14254);
#14254 = DEFINITIONAL_REPRESENTATION('',(#14255),#14264);
#14255 = B_SPLINE_CURVE_WITH_KNOTS('',7,(#14256,#14257,#14258,#14259,
    #14260,#14261,#14262,#14263),.UNSPECIFIED.,.F.,.F.,(8,8),(
    3.14159265359,4.712388980385),.PIECEWISE_BEZIER_KNOTS.);
#14256 = CARTESIAN_POINT('',(-1.110223024625E-16,20.));
#14257 = CARTESIAN_POINT('',(-0.224399475256,20.));
#14258 = CARTESIAN_POINT('',(-0.448798950513,19.941251327389));
#14259 = CARTESIAN_POINT('',(-0.673198425769,19.823762504628));
#14260 = CARTESIAN_POINT('',(-0.897597901026,19.654746825774));
#14261 = CARTESIAN_POINT('',(-1.121997376282,19.448798039321));
#14262 = CARTESIAN_POINT('',(-1.346396851538,19.224399475256));
#14263 = CARTESIAN_POINT('',(-1.570796326795,19.));
#14264 = ( GEOMETRIC_REPRESENTATION_CONTEXT(2) 
PARAMETRIC_REPRESENTATION_CONTEXT() REPRESENTATION_CONTEXT('2D SPACE',''
  ) );
#14265 = PCURVE('',#9356,#14266);
#14266 = DEFINITIONAL_REPRESENTATION('',(#14267),#14276);
#14267 = B_SPLINE_CURVE_WITH_KNOTS('',7,(#14268,#14269,#14270,#14271,
    #14272,#14273,#14274,#14275),.UNSPECIFIED.,.F.,.F.,(8,8),(
    3.14159265359,4.712388980385),.PIECEWISE_BEZIER_KNOTS.);
#14268 = CARTESIAN_POINT('',(-1.110223024625E-16,0.));
#14269 = CARTESIAN_POINT('',(-0.224399475256,2.748100991031E-17));
#14270 = CARTESIAN_POINT('',(-0.448798950513,5.874867260992E-02));
#14271 = CARTESIAN_POINT('',(-0.673198425769,0.176237495375));
#14272 = CARTESIAN_POINT('',(-0.897597901026,0.345253174226));
#14273 = CARTESIAN_POINT('',(-1.121997376282,0.551201960681));
#14274 = CARTESIAN_POINT('',(-1.346396851538,0.775600524744));
#14275 = CARTESIAN_POINT('',(-1.570796326795,1.));
#14276 = ( GEOMETRIC_REPRESENTATION_CONTEXT(2) 
PARAMETRIC_REPRESENTATION_CONTEXT() REPRESENTATION_CONTEXT('2D SPACE',''
  ) );
#14277 = ORIENTED_EDGE('',*,*,#9311,.F.);
#14278 = ADVANCED_FACE('',(#14279),#9356,.T.);
#14279 = FACE_BOUND('',#14280,.F.);
#14280 = EDGE_LOOP('',(#14281,#14282,#14283,#14304));
#14281 = ORIENTED_EDGE('',*,*,#9340,.F.);
#14282 = ORIENTED_EDGE('',*,*,#14246,.T.);
#14283 = ORIENTED_EDGE('',*,*,#14284,.T.);
#14284 = EDGE_CURVE('',#14224,#9474,#14285,.T.);
#14285 = SURFACE_CURVE('',#14286,(#14290,#14297),.PCURVE_S1.);
#14286 = LINE('',#14287,#14288);
#14287 = CARTESIAN_POINT('',(45.5,51.,4.7));
#14288 = VECTOR('',#14289,1.);
#14289 = DIRECTION('',(0.,1.,0.));
#14290 = PCURVE('',#9356,#14291);
#14291 = DEFINITIONAL_REPRESENTATION('',(#14292),#14296);
#14292 = LINE('',#14293,#14294);
#14293 = CARTESIAN_POINT('',(-1.570796326795,0.));
#14294 = VECTOR('',#14295,1.);
#14295 = DIRECTION('',(-0.,1.));
#14296 = ( GEOMETRIC_REPRESENTATION_CONTEXT(2) 
PARAMETRIC_REPRESENTATION_CONTEXT() REPRESENTATION_CONTEXT('2D SPACE',''
  ) );
#14297 = PCURVE('',#9489,#14298);
#14298 = DEFINITIONAL_REPRESENTATION('',(#14299),#14303);
#14299 = LINE('',#14300,#14301);
#14300 = CARTESIAN_POINT('',(19.,0.));
#14301 = VECTOR('',#14302,1.);
#14302 = DIRECTION('',(0.,1.));
#14303 = ( GEOMETRIC_REPRESENTATION_CONTEXT(2) 
PARAMETRIC_REPRESENTATION_CONTEXT() REPRESENTATION_CONTEXT('2D SPACE',''
  ) );
#14304 = ORIENTED_EDGE('',*,*,#9501,.T.);
#14305 = ADVANCED_FACE('',(#14306),#9410,.T.);
#14306 = FACE_BOUND('',#14307,.T.);
#14307 = EDGE_LOOP('',(#14308,#14309,#14310,#14331));
#14308 = ORIENTED_EDGE('',*,*,#9394,.F.);
#14309 = ORIENTED_EDGE('',*,*,#14189,.T.);
#14310 = ORIENTED_EDGE('',*,*,#14311,.T.);
#14311 = EDGE_CURVE('',#14190,#9529,#14312,.T.);
#14312 = SURFACE_CURVE('',#14313,(#14317,#14324),.PCURVE_S1.);
#14313 = LINE('',#14314,#14315);
#14314 = CARTESIAN_POINT('',(27.5,51.,4.7));
#14315 = VECTOR('',#14316,1.);
#14316 = DIRECTION('',(0.,1.,0.));
#14317 = PCURVE('',#9410,#14318);
#14318 = DEFINITIONAL_REPRESENTATION('',(#14319),#14323);
#14319 = LINE('',#14320,#14321);
#14320 = CARTESIAN_POINT('',(1.570796326795,0.));
#14321 = VECTOR('',#14322,1.);
#14322 = DIRECTION('',(0.,1.));
#14323 = ( GEOMETRIC_REPRESENTATION_CONTEXT(2) 
PARAMETRIC_REPRESENTATION_CONTEXT() REPRESENTATION_CONTEXT('2D SPACE',''
  ) );
#14324 = PCURVE('',#9489,#14325);
#14325 = DEFINITIONAL_REPRESENTATION('',(#14326),#14330);
#14326 = LINE('',#14327,#14328);
#14327 = CARTESIAN_POINT('',(1.,0.));
#14328 = VECTOR('',#14329,1.);
#14329 = DIRECTION('',(0.,1.));
#14330 = ( GEOMETRIC_REPRESENTATION_CONTEXT(2) 
PARAMETRIC_REPRESENTATION_CONTEXT() REPRESENTATION_CONTEXT('2D SPACE',''
  ) );
#14331 = ORIENTED_EDGE('',*,*,#9528,.F.);
#14332 = ADVANCED_FACE('',(#14333),#9489,.T.);
#14333 = FACE_BOUND('',#14334,.T.);
#14334 = EDGE_LOOP('',(#14335,#14336,#14337,#14338,#14339,#14340));
#14335 = ORIENTED_EDGE('',*,*,#14311,.F.);
#14336 = ORIENTED_EDGE('',*,*,#14223,.T.);
#14337 = ORIENTED_EDGE('',*,*,#14284,.T.);
#14338 = ORIENTED_EDGE('',*,*,#9473,.T.);
#14339 = ORIENTED_EDGE('',*,*,#9602,.T.);
#14340 = ORIENTED_EDGE('',*,*,#9552,.T.);
#14341 = ADVANCED_FACE('',(#14342),#9697,.T.);
#14342 = FACE_BOUND('',#14343,.F.);
#14343 = EDGE_LOOP('',(#14344,#14345,#14346,#14347,#14348,#14349,#14350,
    #14351,#14352,#14353,#14354,#14355,#14356,#14357,#14358,#14359,
    #14360,#14361,#14362,#14363,#14364,#14365,#14366,#14367,#14368,
    #14369));
#14344 = ORIENTED_EDGE('',*,*,#10911,.T.);
#14345 = ORIENTED_EDGE('',*,*,#10884,.T.);
#14346 = ORIENTED_EDGE('',*,*,#10835,.T.);
#14347 = ORIENTED_EDGE('',*,*,#10786,.T.);
#14348 = ORIENTED_EDGE('',*,*,#10737,.T.);
#14349 = ORIENTED_EDGE('',*,*,#10688,.T.);
#14350 = ORIENTED_EDGE('',*,*,#10639,.T.);
#14351 = ORIENTED_EDGE('',*,*,#10590,.T.);
#14352 = ORIENTED_EDGE('',*,*,#10541,.T.);
#14353 = ORIENTED_EDGE('',*,*,#10492,.T.);
#14354 = ORIENTED_EDGE('',*,*,#10443,.T.);
#14355 = ORIENTED_EDGE('',*,*,#10394,.T.);
#14356 = ORIENTED_EDGE('',*,*,#10345,.T.);
#14357 = ORIENTED_EDGE('',*,*,#10296,.T.);
#14358 = ORIENTED_EDGE('',*,*,#10247,.T.);
#14359 = ORIENTED_EDGE('',*,*,#10198,.T.);
#14360 = ORIENTED_EDGE('',*,*,#10149,.T.);
#14361 = ORIENTED_EDGE('',*,*,#10100,.T.);
#14362 = ORIENTED_EDGE('',*,*,#10051,.T.);
#14363 = ORIENTED_EDGE('',*,*,#10002,.T.);
#14364 = ORIENTED_EDGE('',*,*,#9953,.T.);
#14365 = ORIENTED_EDGE('',*,*,#9904,.T.);
#14366 = ORIENTED_EDGE('',*,*,#9855,.T.);
#14367 = ORIENTED_EDGE('',*,*,#9806,.T.);
#14368 = ORIENTED_EDGE('',*,*,#9757,.T.);
#14369 = ORIENTED_EDGE('',*,*,#9681,.T.);
#14370 = ADVANCED_FACE('',(#14371,#14384),#10976,.T.);
#14371 = FACE_BOUND('',#14372,.F.);
#14372 = EDGE_LOOP('',(#14373,#14374,#14375,#14376,#14377,#14378,#14379,
    #14380,#14381,#14382,#14383));
#14373 = ORIENTED_EDGE('',*,*,#11455,.T.);
#14374 = ORIENTED_EDGE('',*,*,#11428,.T.);
#14375 = ORIENTED_EDGE('',*,*,#11379,.T.);
#14376 = ORIENTED_EDGE('',*,*,#11330,.T.);
#14377 = ORIENTED_EDGE('',*,*,#11281,.T.);
#14378 = ORIENTED_EDGE('',*,*,#11232,.T.);
#14379 = ORIENTED_EDGE('',*,*,#11183,.T.);
#14380 = ORIENTED_EDGE('',*,*,#11134,.T.);
#14381 = ORIENTED_EDGE('',*,*,#11085,.T.);
#14382 = ORIENTED_EDGE('',*,*,#11036,.T.);
#14383 = ORIENTED_EDGE('',*,*,#10960,.T.);
#14384 = FACE_BOUND('',#14385,.F.);
#14385 = EDGE_LOOP('',(#14386,#14416,#14444));
#14386 = ORIENTED_EDGE('',*,*,#14387,.T.);
#14387 = EDGE_CURVE('',#14388,#14390,#14392,.T.);
#14388 = VERTEX_POINT('',#14389);
#14389 = CARTESIAN_POINT('',(8.405,63.294003601074,1.4));
#14390 = VERTEX_POINT('',#14391);
#14391 = CARTESIAN_POINT('',(9.7369921875,63.294003601074,1.4));
#14392 = SURFACE_CURVE('',#14393,(#14397,#14404),.PCURVE_S1.);
#14393 = LINE('',#14394,#14395);
#14394 = CARTESIAN_POINT('',(8.405,63.294003601074,1.4));
#14395 = VECTOR('',#14396,1.);
#14396 = DIRECTION('',(1.,0.,0.));
#14397 = PCURVE('',#10976,#14398);
#14398 = DEFINITIONAL_REPRESENTATION('',(#14399),#14403);
#14399 = LINE('',#14400,#14401);
#14400 = CARTESIAN_POINT('',(0.63,1.49400390625));
#14401 = VECTOR('',#14402,1.);
#14402 = DIRECTION('',(1.,0.));
#14403 = ( GEOMETRIC_REPRESENTATION_CONTEXT(2) 
PARAMETRIC_REPRESENTATION_CONTEXT() REPRESENTATION_CONTEXT('2D SPACE',''
  ) );
#14404 = PCURVE('',#14405,#14410);
#14405 = PLANE('',#14406);
#14406 = AXIS2_PLACEMENT_3D('',#14407,#14408,#14409);
#14407 = CARTESIAN_POINT('',(8.405,63.294003601074,1.));
#14408 = DIRECTION('',(0.,1.,0.));
#14409 = DIRECTION('',(1.,0.,0.));
#14410 = DEFINITIONAL_REPRESENTATION('',(#14411),#14415);
#14411 = LINE('',#14412,#14413);
#14412 = CARTESIAN_POINT('',(1.7763568394E-15,-0.4));
#14413 = VECTOR('',#14414,1.);
#14414 = DIRECTION('',(1.,0.));
#14415 = ( GEOMETRIC_REPRESENTATION_CONTEXT(2) 
PARAMETRIC_REPRESENTATION_CONTEXT() REPRESENTATION_CONTEXT('2D SPACE',''
  ) );
#14416 = ORIENTED_EDGE('',*,*,#14417,.T.);
#14417 = EDGE_CURVE('',#14390,#14418,#14420,.T.);
#14418 = VERTEX_POINT('',#14419);
#14419 = CARTESIAN_POINT('',(9.7369921875,65.154003601074,1.4));
#14420 = SURFACE_CURVE('',#14421,(#14425,#14432),.PCURVE_S1.);
#14421 = LINE('',#14422,#14423);
#14422 = CARTESIAN_POINT('',(9.7369921875,63.294003601074,1.4));
#14423 = VECTOR('',#14424,1.);
#14424 = DIRECTION('',(0.,1.,0.));
#14425 = PCURVE('',#10976,#14426);
#14426 = DEFINITIONAL_REPRESENTATION('',(#14427),#14431);
#14427 = LINE('',#14428,#14429);
#14428 = CARTESIAN_POINT('',(1.9619921875,1.49400390625));
#14429 = VECTOR('',#14430,1.);
#14430 = DIRECTION('',(0.,1.));
#14431 = ( GEOMETRIC_REPRESENTATION_CONTEXT(2) 
PARAMETRIC_REPRESENTATION_CONTEXT() REPRESENTATION_CONTEXT('2D SPACE',''
  ) );
#14432 = PCURVE('',#14433,#14438);
#14433 = PLANE('',#14434);
#14434 = AXIS2_PLACEMENT_3D('',#14435,#14436,#14437);
#14435 = CARTESIAN_POINT('',(9.7369921875,63.294003601074,1.));
#14436 = DIRECTION('',(-1.,0.,0.));
#14437 = DIRECTION('',(0.,1.,0.));
#14438 = DEFINITIONAL_REPRESENTATION('',(#14439),#14443);
#14439 = LINE('',#14440,#14441);
#14440 = CARTESIAN_POINT('',(-7.105427357601E-15,-0.4));
#14441 = VECTOR('',#14442,1.);
#14442 = DIRECTION('',(1.,0.));
#14443 = ( GEOMETRIC_REPRESENTATION_CONTEXT(2) 
PARAMETRIC_REPRESENTATION_CONTEXT() REPRESENTATION_CONTEXT('2D SPACE',''
  ) );
#14444 = ORIENTED_EDGE('',*,*,#14445,.T.);
#14445 = EDGE_CURVE('',#14418,#14388,#14446,.T.);
#14446 = SURFACE_CURVE('',#14447,(#14451,#14458),.PCURVE_S1.);
#14447 = LINE('',#14448,#14449);
#14448 = CARTESIAN_POINT('',(9.7369921875,65.154003601074,1.4));
#14449 = VECTOR('',#14450,1.);
#14450 = DIRECTION('',(-0.582227861366,-0.813025656083,0.));
#14451 = PCURVE('',#10976,#14452);
#14452 = DEFINITIONAL_REPRESENTATION('',(#14453),#14457);
#14453 = LINE('',#14454,#14455);
#14454 = CARTESIAN_POINT('',(1.9619921875,3.35400390625));
#14455 = VECTOR('',#14456,1.);
#14456 = DIRECTION('',(-0.582227861366,-0.813025656083));
#14457 = ( GEOMETRIC_REPRESENTATION_CONTEXT(2) 
PARAMETRIC_REPRESENTATION_CONTEXT() REPRESENTATION_CONTEXT('2D SPACE',''
  ) );
#14458 = PCURVE('',#14459,#14464);
#14459 = PLANE('',#14460);
#14460 = AXIS2_PLACEMENT_3D('',#14461,#14462,#14463);
#14461 = CARTESIAN_POINT('',(9.7369921875,65.154003601074,1.));
#14462 = DIRECTION('',(0.813025656083,-0.582227861366,0.));
#14463 = DIRECTION('',(-0.582227861366,-0.813025656083,0.));
#14464 = DEFINITIONAL_REPRESENTATION('',(#14465),#14469);
#14465 = LINE('',#14466,#14467);
#14466 = CARTESIAN_POINT('',(0.,-0.4));
#14467 = VECTOR('',#14468,1.);
#14468 = DIRECTION('',(1.,-0.));
#14469 = ( GEOMETRIC_REPRESENTATION_CONTEXT(2) 
PARAMETRIC_REPRESENTATION_CONTEXT() REPRESENTATION_CONTEXT('2D SPACE',''
  ) );
#14470 = ADVANCED_FACE('',(#14471),#11520,.T.);
#14471 = FACE_BOUND('',#14472,.F.);
#14472 = EDGE_LOOP('',(#14473,#14474,#14475,#14476,#14477,#14478));
#14473 = ORIENTED_EDGE('',*,*,#11754,.T.);
#14474 = ORIENTED_EDGE('',*,*,#11727,.T.);
#14475 = ORIENTED_EDGE('',*,*,#11678,.T.);
#14476 = ORIENTED_EDGE('',*,*,#11629,.T.);
#14477 = ORIENTED_EDGE('',*,*,#11580,.T.);
#14478 = ORIENTED_EDGE('',*,*,#11504,.T.);
#14479 = ADVANCED_FACE('',(#14480),#11819,.T.);
#14480 = FACE_BOUND('',#14481,.F.);
#14481 = EDGE_LOOP('',(#14482,#14483,#14484,#14485,#14486,#14487,#14488,
    #14489));
#14482 = ORIENTED_EDGE('',*,*,#12151,.T.);
#14483 = ORIENTED_EDGE('',*,*,#12124,.T.);
#14484 = ORIENTED_EDGE('',*,*,#12075,.T.);
#14485 = ORIENTED_EDGE('',*,*,#12026,.T.);
#14486 = ORIENTED_EDGE('',*,*,#11977,.T.);
#14487 = ORIENTED_EDGE('',*,*,#11928,.T.);
#14488 = ORIENTED_EDGE('',*,*,#11879,.T.);
#14489 = ORIENTED_EDGE('',*,*,#11803,.T.);
#14490 = ADVANCED_FACE('',(#14491),#12216,.T.);
#14491 = FACE_BOUND('',#14492,.F.);
#14492 = EDGE_LOOP('',(#14493,#14494,#14495,#14496,#14497,#14498,#14499,
    #14500,#14501,#14502,#14503,#14504,#14505,#14506,#14507,#14508,
    #14509,#14510,#14511,#14512,#14513,#14514,#14515,#14516,#14517,
    #14518));
#14493 = ORIENTED_EDGE('',*,*,#13430,.T.);
#14494 = ORIENTED_EDGE('',*,*,#13403,.T.);
#14495 = ORIENTED_EDGE('',*,*,#13354,.T.);
#14496 = ORIENTED_EDGE('',*,*,#13305,.T.);
#14497 = ORIENTED_EDGE('',*,*,#13256,.T.);
#14498 = ORIENTED_EDGE('',*,*,#13207,.T.);
#14499 = ORIENTED_EDGE('',*,*,#13158,.T.);
#14500 = ORIENTED_EDGE('',*,*,#13109,.T.);
#14501 = ORIENTED_EDGE('',*,*,#13060,.T.);
#14502 = ORIENTED_EDGE('',*,*,#13011,.T.);
#14503 = ORIENTED_EDGE('',*,*,#12962,.T.);
#14504 = ORIENTED_EDGE('',*,*,#12913,.T.);
#14505 = ORIENTED_EDGE('',*,*,#12864,.T.);
#14506 = ORIENTED_EDGE('',*,*,#12815,.T.);
#14507 = ORIENTED_EDGE('',*,*,#12766,.T.);
#14508 = ORIENTED_EDGE('',*,*,#12717,.T.);
#14509 = ORIENTED_EDGE('',*,*,#12668,.T.);
#14510 = ORIENTED_EDGE('',*,*,#12619,.T.);
#14511 = ORIENTED_EDGE('',*,*,#12570,.T.);
#14512 = ORIENTED_EDGE('',*,*,#12521,.T.);
#14513 = ORIENTED_EDGE('',*,*,#12472,.T.);
#14514 = ORIENTED_EDGE('',*,*,#12423,.T.);
#14515 = ORIENTED_EDGE('',*,*,#12374,.T.);
#14516 = ORIENTED_EDGE('',*,*,#12325,.T.);
#14517 = ORIENTED_EDGE('',*,*,#12276,.T.);
#14518 = ORIENTED_EDGE('',*,*,#12200,.T.);
#14519 = ADVANCED_FACE('',(#14520),#13550,.T.);
#14520 = FACE_BOUND('',#14521,.T.);
#14521 = EDGE_LOOP('',(#14522,#14523,#14524,#14547));
#14522 = ORIENTED_EDGE('',*,*,#13565,.F.);
#14523 = ORIENTED_EDGE('',*,*,#13531,.T.);
#14524 = ORIENTED_EDGE('',*,*,#14525,.T.);
#14525 = EDGE_CURVE('',#13504,#14526,#14528,.T.);
#14526 = VERTEX_POINT('',#14527);
#14527 = CARTESIAN_POINT('',(27.5,62.,4.7));
#14528 = SURFACE_CURVE('',#14529,(#14533,#14540),.PCURVE_S1.);
#14529 = LINE('',#14530,#14531);
#14530 = CARTESIAN_POINT('',(27.5,51.,4.7));
#14531 = VECTOR('',#14532,1.);
#14532 = DIRECTION('',(0.,1.,0.));
#14533 = PCURVE('',#13550,#14534);
#14534 = DEFINITIONAL_REPRESENTATION('',(#14535),#14539);
#14535 = LINE('',#14536,#14537);
#14536 = CARTESIAN_POINT('',(1.570796326795,0.));
#14537 = VECTOR('',#14538,1.);
#14538 = DIRECTION('',(0.,1.));
#14539 = ( GEOMETRIC_REPRESENTATION_CONTEXT(2) 
PARAMETRIC_REPRESENTATION_CONTEXT() REPRESENTATION_CONTEXT('2D SPACE',''
  ) );
#14540 = PCURVE('',#13519,#14541);
#14541 = DEFINITIONAL_REPRESENTATION('',(#14542),#14546);
#14542 = LINE('',#14543,#14544);
#14543 = CARTESIAN_POINT('',(1.,0.));
#14544 = VECTOR('',#14545,1.);
#14545 = DIRECTION('',(0.,1.));
#14546 = ( GEOMETRIC_REPRESENTATION_CONTEXT(2) 
PARAMETRIC_REPRESENTATION_CONTEXT() REPRESENTATION_CONTEXT('2D SPACE',''
  ) );
#14547 = ORIENTED_EDGE('',*,*,#14548,.F.);
#14548 = EDGE_CURVE('',#13566,#14526,#14549,.T.);
#14549 = SURFACE_CURVE('',#14550,(#14555,#14567),.PCURVE_S1.);
#14550 = ELLIPSE('',#14551,1.414213562373,1.);
#14551 = AXIS2_PLACEMENT_3D('',#14552,#14553,#14554);
#14552 = CARTESIAN_POINT('',(27.5,62.,3.7));
#14553 = DIRECTION('',(0.707106781187,0.707106781187,0.));
#14554 = DIRECTION('',(-0.707106781187,0.707106781187,0.));
#14555 = PCURVE('',#13550,#14556);
#14556 = DEFINITIONAL_REPRESENTATION('',(#14557),#14566);
#14557 = B_SPLINE_CURVE_WITH_KNOTS('',7,(#14558,#14559,#14560,#14561,
    #14562,#14563,#14564,#14565),.UNSPECIFIED.,.F.,.F.,(8,8),(0.,
    1.570796326795),.PIECEWISE_BEZIER_KNOTS.);
#14558 = CARTESIAN_POINT('',(0.,12.));
#14559 = CARTESIAN_POINT('',(0.224399475256,12.));
#14560 = CARTESIAN_POINT('',(0.448798950513,11.941251327391));
#14561 = CARTESIAN_POINT('',(0.673198425769,11.823762504621));
#14562 = CARTESIAN_POINT('',(0.897597901026,11.654746825776));
#14563 = CARTESIAN_POINT('',(1.121997376282,11.448798039319));
#14564 = CARTESIAN_POINT('',(1.346396851538,11.224399475256));
#14565 = CARTESIAN_POINT('',(1.570796326795,11.));
#14566 = ( GEOMETRIC_REPRESENTATION_CONTEXT(2) 
PARAMETRIC_REPRESENTATION_CONTEXT() REPRESENTATION_CONTEXT('2D SPACE',''
  ) );
#14567 = PCURVE('',#13707,#14568);
#14568 = DEFINITIONAL_REPRESENTATION('',(#14569),#14578);
#14569 = B_SPLINE_CURVE_WITH_KNOTS('',7,(#14570,#14571,#14572,#14573,
    #14574,#14575,#14576,#14577),.UNSPECIFIED.,.F.,.F.,(8,8),(0.,
    1.570796326795),.PIECEWISE_BEZIER_KNOTS.);
#14570 = CARTESIAN_POINT('',(0.,0.));
#14571 = CARTESIAN_POINT('',(0.224399475256,0.));
#14572 = CARTESIAN_POINT('',(0.448798950513,5.874867260995E-02));
#14573 = CARTESIAN_POINT('',(0.673198425769,0.176237495375));
#14574 = CARTESIAN_POINT('',(0.897597901026,0.345253174226));
#14575 = CARTESIAN_POINT('',(1.121997376282,0.551201960681));
#14576 = CARTESIAN_POINT('',(1.346396851538,0.775600524744));
#14577 = CARTESIAN_POINT('',(1.570796326795,1.));
#14578 = ( GEOMETRIC_REPRESENTATION_CONTEXT(2) 
PARAMETRIC_REPRESENTATION_CONTEXT() REPRESENTATION_CONTEXT('2D SPACE',''
  ) );
#14579 = ADVANCED_FACE('',(#14580),#13519,.T.);
#14580 = FACE_BOUND('',#14581,.T.);
#14581 = EDGE_LOOP('',(#14582,#14583,#14584,#14585,#14586,#14609));
#14582 = ORIENTED_EDGE('',*,*,#14525,.F.);
#14583 = ORIENTED_EDGE('',*,*,#13503,.T.);
#14584 = ORIENTED_EDGE('',*,*,#13638,.T.);
#14585 = ORIENTED_EDGE('',*,*,#13779,.T.);
#14586 = ORIENTED_EDGE('',*,*,#14587,.T.);
#14587 = EDGE_CURVE('',#13747,#14588,#14590,.T.);
#14588 = VERTEX_POINT('',#14589);
#14589 = CARTESIAN_POINT('',(45.5,62.,4.7));
#14590 = SURFACE_CURVE('',#14591,(#14595,#14602),.PCURVE_S1.);
#14591 = LINE('',#14592,#14593);
#14592 = CARTESIAN_POINT('',(45.5,51.,4.7));
#14593 = VECTOR('',#14594,1.);
#14594 = DIRECTION('',(0.,1.,0.));
#14595 = PCURVE('',#13519,#14596);
#14596 = DEFINITIONAL_REPRESENTATION('',(#14597),#14601);
#14597 = LINE('',#14598,#14599);
#14598 = CARTESIAN_POINT('',(19.,0.));
#14599 = VECTOR('',#14600,1.);
#14600 = DIRECTION('',(0.,1.));
#14601 = ( GEOMETRIC_REPRESENTATION_CONTEXT(2) 
PARAMETRIC_REPRESENTATION_CONTEXT() REPRESENTATION_CONTEXT('2D SPACE',''
  ) );
#14602 = PCURVE('',#13767,#14603);
#14603 = DEFINITIONAL_REPRESENTATION('',(#14604),#14608);
#14604 = LINE('',#14605,#14606);
#14605 = CARTESIAN_POINT('',(-1.570796326795,0.));
#14606 = VECTOR('',#14607,1.);
#14607 = DIRECTION('',(-0.,1.));
#14608 = ( GEOMETRIC_REPRESENTATION_CONTEXT(2) 
PARAMETRIC_REPRESENTATION_CONTEXT() REPRESENTATION_CONTEXT('2D SPACE',''
  ) );
#14609 = ORIENTED_EDGE('',*,*,#14610,.F.);
#14610 = EDGE_CURVE('',#14526,#14588,#14611,.T.);
#14611 = SURFACE_CURVE('',#14612,(#14616,#14623),.PCURVE_S1.);
#14612 = LINE('',#14613,#14614);
#14613 = CARTESIAN_POINT('',(26.5,62.,4.7));
#14614 = VECTOR('',#14615,1.);
#14615 = DIRECTION('',(1.,0.,0.));
#14616 = PCURVE('',#13519,#14617);
#14617 = DEFINITIONAL_REPRESENTATION('',(#14618),#14622);
#14618 = LINE('',#14619,#14620);
#14619 = CARTESIAN_POINT('',(0.,11.));
#14620 = VECTOR('',#14621,1.);
#14621 = DIRECTION('',(1.,0.));
#14622 = ( GEOMETRIC_REPRESENTATION_CONTEXT(2) 
PARAMETRIC_REPRESENTATION_CONTEXT() REPRESENTATION_CONTEXT('2D SPACE',''
  ) );
#14623 = PCURVE('',#13707,#14624);
#14624 = DEFINITIONAL_REPRESENTATION('',(#14625),#14629);
#14625 = LINE('',#14626,#14627);
#14626 = CARTESIAN_POINT('',(1.570796326795,0.));
#14627 = VECTOR('',#14628,1.);
#14628 = DIRECTION('',(0.,1.));
#14629 = ( GEOMETRIC_REPRESENTATION_CONTEXT(2) 
PARAMETRIC_REPRESENTATION_CONTEXT() REPRESENTATION_CONTEXT('2D SPACE',''
  ) );
#14630 = ADVANCED_FACE('',(#14631),#13707,.T.);
#14631 = FACE_BOUND('',#14632,.T.);
#14632 = EDGE_LOOP('',(#14633,#14634,#14635,#14667));
#14633 = ORIENTED_EDGE('',*,*,#14548,.T.);
#14634 = ORIENTED_EDGE('',*,*,#14610,.T.);
#14635 = ORIENTED_EDGE('',*,*,#14636,.F.);
#14636 = EDGE_CURVE('',#13669,#14588,#14637,.T.);
#14637 = SURFACE_CURVE('',#14638,(#14643,#14655),.PCURVE_S1.);
#14638 = ELLIPSE('',#14639,1.414213562373,1.);
#14639 = AXIS2_PLACEMENT_3D('',#14640,#14641,#14642);
#14640 = CARTESIAN_POINT('',(45.5,62.,3.7));
#14641 = DIRECTION('',(0.707106781187,-0.707106781187,0.));
#14642 = DIRECTION('',(0.707106781187,0.707106781187,0.));
#14643 = PCURVE('',#13707,#14644);
#14644 = DEFINITIONAL_REPRESENTATION('',(#14645),#14654);
#14645 = B_SPLINE_CURVE_WITH_KNOTS('',7,(#14646,#14647,#14648,#14649,
    #14650,#14651,#14652,#14653),.UNSPECIFIED.,.F.,.F.,(8,8),(0.,
    1.570796326795),.PIECEWISE_BEZIER_KNOTS.);
#14646 = CARTESIAN_POINT('',(0.,20.));
#14647 = CARTESIAN_POINT('',(0.224399475256,20.));
#14648 = CARTESIAN_POINT('',(0.448798950513,19.941251327392));
#14649 = CARTESIAN_POINT('',(0.673198425769,19.823762504617));
#14650 = CARTESIAN_POINT('',(0.897597901026,19.654746825781));
#14651 = CARTESIAN_POINT('',(1.121997376282,19.448798039316));
#14652 = CARTESIAN_POINT('',(1.346396851538,19.224399475256));
#14653 = CARTESIAN_POINT('',(1.570796326795,19.));
#14654 = ( GEOMETRIC_REPRESENTATION_CONTEXT(2) 
PARAMETRIC_REPRESENTATION_CONTEXT() REPRESENTATION_CONTEXT('2D SPACE',''
  ) );
#14655 = PCURVE('',#13767,#14656);
#14656 = DEFINITIONAL_REPRESENTATION('',(#14657),#14666);
#14657 = B_SPLINE_CURVE_WITH_KNOTS('',7,(#14658,#14659,#14660,#14661,
    #14662,#14663,#14664,#14665),.UNSPECIFIED.,.F.,.F.,(8,8),(0.,
    1.570796326795),.PIECEWISE_BEZIER_KNOTS.);
#14658 = CARTESIAN_POINT('',(0.,12.));
#14659 = CARTESIAN_POINT('',(-0.224399475256,12.));
#14660 = CARTESIAN_POINT('',(-0.448798950513,11.941251327391));
#14661 = CARTESIAN_POINT('',(-0.673198425769,11.823762504621));
#14662 = CARTESIAN_POINT('',(-0.897597901026,11.654746825776));
#14663 = CARTESIAN_POINT('',(-1.121997376282,11.448798039319));
#14664 = CARTESIAN_POINT('',(-1.346396851538,11.224399475256));
#14665 = CARTESIAN_POINT('',(-1.570796326795,11.));
#14666 = ( GEOMETRIC_REPRESENTATION_CONTEXT(2) 
PARAMETRIC_REPRESENTATION_CONTEXT() REPRESENTATION_CONTEXT('2D SPACE',''
  ) );
#14667 = ORIENTED_EDGE('',*,*,#13693,.F.);
#14668 = ADVANCED_FACE('',(#14669),#13767,.T.);
#14669 = FACE_BOUND('',#14670,.F.);
#14670 = EDGE_LOOP('',(#14671,#14672,#14673,#14674));
#14671 = ORIENTED_EDGE('',*,*,#13804,.F.);
#14672 = ORIENTED_EDGE('',*,*,#13746,.F.);
#14673 = ORIENTED_EDGE('',*,*,#14587,.T.);
#14674 = ORIENTED_EDGE('',*,*,#14636,.F.);
#14675 = ADVANCED_FACE('',(#14676),#13925,.T.);
#14676 = FACE_BOUND('',#14677,.T.);
#14677 = EDGE_LOOP('',(#14678,#14701,#14702,#14725));
#14678 = ORIENTED_EDGE('',*,*,#14679,.T.);
#14679 = EDGE_CURVE('',#14680,#13908,#14682,.T.);
#14680 = VERTEX_POINT('',#14681);
#14681 = CARTESIAN_POINT('',(6.56,56.69400390625,1.));
#14682 = SURFACE_CURVE('',#14683,(#14687,#14694),.PCURVE_S1.);
#14683 = LINE('',#14684,#14685);
#14684 = CARTESIAN_POINT('',(6.56,56.69400390625,1.));
#14685 = VECTOR('',#14686,1.);
#14686 = DIRECTION('',(0.,0.,1.));
#14687 = PCURVE('',#13925,#14688);
#14688 = DEFINITIONAL_REPRESENTATION('',(#14689),#14693);
#14689 = LINE('',#14690,#14691);
#14690 = CARTESIAN_POINT('',(0.,0.));
#14691 = VECTOR('',#14692,1.);
#14692 = DIRECTION('',(0.,-1.));
#14693 = ( GEOMETRIC_REPRESENTATION_CONTEXT(2) 
PARAMETRIC_REPRESENTATION_CONTEXT() REPRESENTATION_CONTEXT('2D SPACE',''
  ) );
#14694 = PCURVE('',#13979,#14695);
#14695 = DEFINITIONAL_REPRESENTATION('',(#14696),#14700);
#14696 = LINE('',#14697,#14698);
#14697 = CARTESIAN_POINT('',(2.287750682999,-0.));
#14698 = VECTOR('',#14699,1.);
#14699 = DIRECTION('',(0.,-1.));
#14700 = ( GEOMETRIC_REPRESENTATION_CONTEXT(2) 
PARAMETRIC_REPRESENTATION_CONTEXT() REPRESENTATION_CONTEXT('2D SPACE',''
  ) );
#14701 = ORIENTED_EDGE('',*,*,#13907,.T.);
#14702 = ORIENTED_EDGE('',*,*,#14703,.F.);
#14703 = EDGE_CURVE('',#14704,#13910,#14706,.T.);
#14704 = VERTEX_POINT('',#14705);
#14705 = CARTESIAN_POINT('',(7.8919921875,56.69400390625,1.));
#14706 = SURFACE_CURVE('',#14707,(#14711,#14718),.PCURVE_S1.);
#14707 = LINE('',#14708,#14709);
#14708 = CARTESIAN_POINT('',(7.8919921875,56.69400390625,1.));
#14709 = VECTOR('',#14710,1.);
#14710 = DIRECTION('',(0.,0.,1.));
#14711 = PCURVE('',#13925,#14712);
#14712 = DEFINITIONAL_REPRESENTATION('',(#14713),#14717);
#14713 = LINE('',#14714,#14715);
#14714 = CARTESIAN_POINT('',(1.3319921875,0.));
#14715 = VECTOR('',#14716,1.);
#14716 = DIRECTION('',(0.,-1.));
#14717 = ( GEOMETRIC_REPRESENTATION_CONTEXT(2) 
PARAMETRIC_REPRESENTATION_CONTEXT() REPRESENTATION_CONTEXT('2D SPACE',''
  ) );
#14718 = PCURVE('',#13953,#14719);
#14719 = DEFINITIONAL_REPRESENTATION('',(#14720),#14724);
#14720 = LINE('',#14721,#14722);
#14721 = CARTESIAN_POINT('',(0.,0.));
#14722 = VECTOR('',#14723,1.);
#14723 = DIRECTION('',(0.,-1.));
#14724 = ( GEOMETRIC_REPRESENTATION_CONTEXT(2) 
PARAMETRIC_REPRESENTATION_CONTEXT() REPRESENTATION_CONTEXT('2D SPACE',''
  ) );
#14725 = ORIENTED_EDGE('',*,*,#14726,.F.);
#14726 = EDGE_CURVE('',#14680,#14704,#14727,.T.);
#14727 = SURFACE_CURVE('',#14728,(#14732,#14739),.PCURVE_S1.);
#14728 = LINE('',#14729,#14730);
#14729 = CARTESIAN_POINT('',(6.56,56.69400390625,1.));
#14730 = VECTOR('',#14731,1.);
#14731 = DIRECTION('',(1.,0.,0.));
#14732 = PCURVE('',#13925,#14733);
#14733 = DEFINITIONAL_REPRESENTATION('',(#14734),#14738);
#14734 = LINE('',#14735,#14736);
#14735 = CARTESIAN_POINT('',(8.881784197001E-16,0.));
#14736 = VECTOR('',#14737,1.);
#14737 = DIRECTION('',(1.,0.));
#14738 = ( GEOMETRIC_REPRESENTATION_CONTEXT(2) 
PARAMETRIC_REPRESENTATION_CONTEXT() REPRESENTATION_CONTEXT('2D SPACE',''
  ) );
#14739 = PCURVE('',#14740,#14745);
#14740 = PLANE('',#14741);
#14741 = AXIS2_PLACEMENT_3D('',#14742,#14743,#14744);
#14742 = CARTESIAN_POINT('',(0.,50.,1.));
#14743 = DIRECTION('',(0.,0.,1.));
#14744 = DIRECTION('',(1.,0.,0.));
#14745 = DEFINITIONAL_REPRESENTATION('',(#14746),#14750);
#14746 = LINE('',#14747,#14748);
#14747 = CARTESIAN_POINT('',(6.56,6.69400390625));
#14748 = VECTOR('',#14749,1.);
#14749 = DIRECTION('',(1.,0.));
#14750 = ( GEOMETRIC_REPRESENTATION_CONTEXT(2) 
PARAMETRIC_REPRESENTATION_CONTEXT() REPRESENTATION_CONTEXT('2D SPACE',''
  ) );
#14751 = ADVANCED_FACE('',(#14752),#13953,.T.);
#14752 = FACE_BOUND('',#14753,.T.);
#14753 = EDGE_LOOP('',(#14754,#14755,#14756,#14779));
#14754 = ORIENTED_EDGE('',*,*,#14703,.T.);
#14755 = ORIENTED_EDGE('',*,*,#13937,.T.);
#14756 = ORIENTED_EDGE('',*,*,#14757,.F.);
#14757 = EDGE_CURVE('',#14758,#13938,#14760,.T.);
#14758 = VERTEX_POINT('',#14759);
#14759 = CARTESIAN_POINT('',(7.8919921875,58.55400390625,1.));
#14760 = SURFACE_CURVE('',#14761,(#14765,#14772),.PCURVE_S1.);
#14761 = LINE('',#14762,#14763);
#14762 = CARTESIAN_POINT('',(7.8919921875,58.55400390625,1.));
#14763 = VECTOR('',#14764,1.);
#14764 = DIRECTION('',(0.,0.,1.));
#14765 = PCURVE('',#13953,#14766);
#14766 = DEFINITIONAL_REPRESENTATION('',(#14767),#14771);
#14767 = LINE('',#14768,#14769);
#14768 = CARTESIAN_POINT('',(1.86,0.));
#14769 = VECTOR('',#14770,1.);
#14770 = DIRECTION('',(0.,-1.));
#14771 = ( GEOMETRIC_REPRESENTATION_CONTEXT(2) 
PARAMETRIC_REPRESENTATION_CONTEXT() REPRESENTATION_CONTEXT('2D SPACE',''
  ) );
#14772 = PCURVE('',#13979,#14773);
#14773 = DEFINITIONAL_REPRESENTATION('',(#14774),#14778);
#14774 = LINE('',#14775,#14776);
#14775 = CARTESIAN_POINT('',(0.,0.));
#14776 = VECTOR('',#14777,1.);
#14777 = DIRECTION('',(0.,-1.));
#14778 = ( GEOMETRIC_REPRESENTATION_CONTEXT(2) 
PARAMETRIC_REPRESENTATION_CONTEXT() REPRESENTATION_CONTEXT('2D SPACE',''
  ) );
#14779 = ORIENTED_EDGE('',*,*,#14780,.F.);
#14780 = EDGE_CURVE('',#14704,#14758,#14781,.T.);
#14781 = SURFACE_CURVE('',#14782,(#14786,#14793),.PCURVE_S1.);
#14782 = LINE('',#14783,#14784);
#14783 = CARTESIAN_POINT('',(7.8919921875,56.69400390625,1.));
#14784 = VECTOR('',#14785,1.);
#14785 = DIRECTION('',(0.,1.,0.));
#14786 = PCURVE('',#13953,#14787);
#14787 = DEFINITIONAL_REPRESENTATION('',(#14788),#14792);
#14788 = LINE('',#14789,#14790);
#14789 = CARTESIAN_POINT('',(0.,0.));
#14790 = VECTOR('',#14791,1.);
#14791 = DIRECTION('',(1.,0.));
#14792 = ( GEOMETRIC_REPRESENTATION_CONTEXT(2) 
PARAMETRIC_REPRESENTATION_CONTEXT() REPRESENTATION_CONTEXT('2D SPACE',''
  ) );
#14793 = PCURVE('',#14740,#14794);
#14794 = DEFINITIONAL_REPRESENTATION('',(#14795),#14799);
#14795 = LINE('',#14796,#14797);
#14796 = CARTESIAN_POINT('',(7.8919921875,6.69400390625));
#14797 = VECTOR('',#14798,1.);
#14798 = DIRECTION('',(0.,1.));
#14799 = ( GEOMETRIC_REPRESENTATION_CONTEXT(2) 
PARAMETRIC_REPRESENTATION_CONTEXT() REPRESENTATION_CONTEXT('2D SPACE',''
  ) );
#14800 = ADVANCED_FACE('',(#14801),#13979,.T.);
#14801 = FACE_BOUND('',#14802,.T.);
#14802 = EDGE_LOOP('',(#14803,#14804,#14805,#14806));
#14803 = ORIENTED_EDGE('',*,*,#14757,.T.);
#14804 = ORIENTED_EDGE('',*,*,#13965,.T.);
#14805 = ORIENTED_EDGE('',*,*,#14679,.F.);
#14806 = ORIENTED_EDGE('',*,*,#14807,.F.);
#14807 = EDGE_CURVE('',#14758,#14680,#14808,.T.);
#14808 = SURFACE_CURVE('',#14809,(#14813,#14820),.PCURVE_S1.);
#14809 = LINE('',#14810,#14811);
#14810 = CARTESIAN_POINT('',(7.8919921875,58.55400390625,1.));
#14811 = VECTOR('',#14812,1.);
#14812 = DIRECTION('',(-0.582227861366,-0.813025656083,0.));
#14813 = PCURVE('',#13979,#14814);
#14814 = DEFINITIONAL_REPRESENTATION('',(#14815),#14819);
#14815 = LINE('',#14816,#14817);
#14816 = CARTESIAN_POINT('',(0.,0.));
#14817 = VECTOR('',#14818,1.);
#14818 = DIRECTION('',(1.,-0.));
#14819 = ( GEOMETRIC_REPRESENTATION_CONTEXT(2) 
PARAMETRIC_REPRESENTATION_CONTEXT() REPRESENTATION_CONTEXT('2D SPACE',''
  ) );
#14820 = PCURVE('',#14740,#14821);
#14821 = DEFINITIONAL_REPRESENTATION('',(#14822),#14826);
#14822 = LINE('',#14823,#14824);
#14823 = CARTESIAN_POINT('',(7.8919921875,8.55400390625));
#14824 = VECTOR('',#14825,1.);
#14825 = DIRECTION('',(-0.582227861366,-0.813025656083));
#14826 = ( GEOMETRIC_REPRESENTATION_CONTEXT(2) 
PARAMETRIC_REPRESENTATION_CONTEXT() REPRESENTATION_CONTEXT('2D SPACE',''
  ) );
#14827 = ADVANCED_FACE('',(#14828),#14054,.T.);
#14828 = FACE_BOUND('',#14829,.T.);
#14829 = EDGE_LOOP('',(#14830,#14853,#14854,#14877));
#14830 = ORIENTED_EDGE('',*,*,#14831,.T.);
#14831 = EDGE_CURVE('',#14832,#14037,#14834,.T.);
#14832 = VERTEX_POINT('',#14833);
#14833 = CARTESIAN_POINT('',(22.1719921875,57.27,1.));
#14834 = SURFACE_CURVE('',#14835,(#14839,#14846),.PCURVE_S1.);
#14835 = LINE('',#14836,#14837);
#14836 = CARTESIAN_POINT('',(22.1719921875,57.27,1.));
#14837 = VECTOR('',#14838,1.);
#14838 = DIRECTION('',(0.,0.,1.));
#14839 = PCURVE('',#14054,#14840);
#14840 = DEFINITIONAL_REPRESENTATION('',(#14841),#14845);
#14841 = LINE('',#14842,#14843);
#14842 = CARTESIAN_POINT('',(0.,0.));
#14843 = VECTOR('',#14844,1.);
#14844 = DIRECTION('',(0.,-1.));
#14845 = ( GEOMETRIC_REPRESENTATION_CONTEXT(2) 
PARAMETRIC_REPRESENTATION_CONTEXT() REPRESENTATION_CONTEXT('2D SPACE',''
  ) );
#14846 = PCURVE('',#14172,#14847);
#14847 = DEFINITIONAL_REPRESENTATION('',(#14848),#14852);
#14848 = LINE('',#14849,#14850);
#14849 = CARTESIAN_POINT('',(1.,0.));
#14850 = VECTOR('',#14851,1.);
#14851 = DIRECTION('',(0.,-1.));
#14852 = ( GEOMETRIC_REPRESENTATION_CONTEXT(2) 
PARAMETRIC_REPRESENTATION_CONTEXT() REPRESENTATION_CONTEXT('2D SPACE',''
  ) );
#14853 = ORIENTED_EDGE('',*,*,#14036,.T.);
#14854 = ORIENTED_EDGE('',*,*,#14855,.F.);
#14855 = EDGE_CURVE('',#14856,#14039,#14858,.T.);
#14856 = VERTEX_POINT('',#14857);
#14857 = CARTESIAN_POINT('',(21.32,58.98599609375,1.));
#14858 = SURFACE_CURVE('',#14859,(#14863,#14870),.PCURVE_S1.);
#14859 = LINE('',#14860,#14861);
#14860 = CARTESIAN_POINT('',(21.32,58.98599609375,1.));
#14861 = VECTOR('',#14862,1.);
#14862 = DIRECTION('',(0.,0.,1.));
#14863 = PCURVE('',#14054,#14864);
#14864 = DEFINITIONAL_REPRESENTATION('',(#14865),#14869);
#14865 = LINE('',#14866,#14867);
#14866 = CARTESIAN_POINT('',(1.,0.));
#14867 = VECTOR('',#14868,1.);
#14868 = DIRECTION('',(0.,-1.));
#14869 = ( GEOMETRIC_REPRESENTATION_CONTEXT(2) 
PARAMETRIC_REPRESENTATION_CONTEXT() REPRESENTATION_CONTEXT('2D SPACE',''
  ) );
#14870 = PCURVE('',#14084,#14871);
#14871 = DEFINITIONAL_REPRESENTATION('',(#14872),#14876);
#14872 = LINE('',#14873,#14874);
#14873 = CARTESIAN_POINT('',(0.,0.));
#14874 = VECTOR('',#14875,1.);
#14875 = DIRECTION('',(0.,-1.));
#14876 = ( GEOMETRIC_REPRESENTATION_CONTEXT(2) 
PARAMETRIC_REPRESENTATION_CONTEXT() REPRESENTATION_CONTEXT('2D SPACE',''
  ) );
#14877 = ORIENTED_EDGE('',*,*,#14878,.F.);
#14878 = EDGE_CURVE('',#14832,#14856,#14879,.T.);
#14879 = SURFACE_CURVE('',#14880,(#14884,#14891),.PCURVE_S1.);
#14880 = B_SPLINE_CURVE_WITH_KNOTS('',2,(#14881,#14882,#14883),
  .UNSPECIFIED.,.F.,.F.,(3,3),(0.,1.),.PIECEWISE_BEZIER_KNOTS.);
#14881 = CARTESIAN_POINT('',(22.1719921875,57.27,1.));
#14882 = CARTESIAN_POINT('',(22.1719921875,58.98599609375,1.));
#14883 = CARTESIAN_POINT('',(21.32,58.98599609375,1.));
#14884 = PCURVE('',#14054,#14885);
#14885 = DEFINITIONAL_REPRESENTATION('',(#14886),#14890);
#14886 = LINE('',#14887,#14888);
#14887 = CARTESIAN_POINT('',(0.,0.));
#14888 = VECTOR('',#14889,1.);
#14889 = DIRECTION('',(1.,0.));
#14890 = ( GEOMETRIC_REPRESENTATION_CONTEXT(2) 
PARAMETRIC_REPRESENTATION_CONTEXT() REPRESENTATION_CONTEXT('2D SPACE',''
  ) );
#14891 = PCURVE('',#14892,#14897);
#14892 = PLANE('',#14893);
#14893 = AXIS2_PLACEMENT_3D('',#14894,#14895,#14896);
#14894 = CARTESIAN_POINT('',(0.,50.,1.));
#14895 = DIRECTION('',(0.,0.,1.));
#14896 = DIRECTION('',(1.,0.,0.));
#14897 = DEFINITIONAL_REPRESENTATION('',(#14898),#14902);
#14898 = B_SPLINE_CURVE_WITH_KNOTS('',2,(#14899,#14900,#14901),
  .UNSPECIFIED.,.F.,.F.,(3,3),(0.,1.),.PIECEWISE_BEZIER_KNOTS.);
#14899 = CARTESIAN_POINT('',(22.1719921875,7.27));
#14900 = CARTESIAN_POINT('',(22.1719921875,8.98599609375));
#14901 = CARTESIAN_POINT('',(21.32,8.98599609375));
#14902 = ( GEOMETRIC_REPRESENTATION_CONTEXT(2) 
PARAMETRIC_REPRESENTATION_CONTEXT() REPRESENTATION_CONTEXT('2D SPACE',''
  ) );
#14903 = ADVANCED_FACE('',(#14904),#14084,.T.);
#14904 = FACE_BOUND('',#14905,.T.);
#14905 = EDGE_LOOP('',(#14906,#14907,#14908,#14931));
#14906 = ORIENTED_EDGE('',*,*,#14855,.T.);
#14907 = ORIENTED_EDGE('',*,*,#14068,.T.);
#14908 = ORIENTED_EDGE('',*,*,#14909,.F.);
#14909 = EDGE_CURVE('',#14910,#14069,#14912,.T.);
#14910 = VERTEX_POINT('',#14911);
#14911 = CARTESIAN_POINT('',(20.4680078125,57.2519921875,1.));
#14912 = SURFACE_CURVE('',#14913,(#14917,#14924),.PCURVE_S1.);
#14913 = LINE('',#14914,#14915);
#14914 = CARTESIAN_POINT('',(20.4680078125,57.2519921875,1.));
#14915 = VECTOR('',#14916,1.);
#14916 = DIRECTION('',(0.,0.,1.));
#14917 = PCURVE('',#14084,#14918);
#14918 = DEFINITIONAL_REPRESENTATION('',(#14919),#14923);
#14919 = LINE('',#14920,#14921);
#14920 = CARTESIAN_POINT('',(1.,0.));
#14921 = VECTOR('',#14922,1.);
#14922 = DIRECTION('',(0.,-1.));
#14923 = ( GEOMETRIC_REPRESENTATION_CONTEXT(2) 
PARAMETRIC_REPRESENTATION_CONTEXT() REPRESENTATION_CONTEXT('2D SPACE',''
  ) );
#14924 = PCURVE('',#14114,#14925);
#14925 = DEFINITIONAL_REPRESENTATION('',(#14926),#14930);
#14926 = LINE('',#14927,#14928);
#14927 = CARTESIAN_POINT('',(0.,0.));
#14928 = VECTOR('',#14929,1.);
#14929 = DIRECTION('',(0.,-1.));
#14930 = ( GEOMETRIC_REPRESENTATION_CONTEXT(2) 
PARAMETRIC_REPRESENTATION_CONTEXT() REPRESENTATION_CONTEXT('2D SPACE',''
  ) );
#14931 = ORIENTED_EDGE('',*,*,#14932,.F.);
#14932 = EDGE_CURVE('',#14856,#14910,#14933,.T.);
#14933 = SURFACE_CURVE('',#14934,(#14938,#14945),.PCURVE_S1.);
#14934 = B_SPLINE_CURVE_WITH_KNOTS('',2,(#14935,#14936,#14937),
  .UNSPECIFIED.,.F.,.F.,(3,3),(0.,1.),.PIECEWISE_BEZIER_KNOTS.);
#14935 = CARTESIAN_POINT('',(21.32,58.98599609375,1.));
#14936 = CARTESIAN_POINT('',(20.4680078125,58.98599609375,1.));
#14937 = CARTESIAN_POINT('',(20.4680078125,57.2519921875,1.));
#14938 = PCURVE('',#14084,#14939);
#14939 = DEFINITIONAL_REPRESENTATION('',(#14940),#14944);
#14940 = LINE('',#14941,#14942);
#14941 = CARTESIAN_POINT('',(0.,0.));
#14942 = VECTOR('',#14943,1.);
#14943 = DIRECTION('',(1.,0.));
#14944 = ( GEOMETRIC_REPRESENTATION_CONTEXT(2) 
PARAMETRIC_REPRESENTATION_CONTEXT() REPRESENTATION_CONTEXT('2D SPACE',''
  ) );
#14945 = PCURVE('',#14892,#14946);
#14946 = DEFINITIONAL_REPRESENTATION('',(#14947),#14951);
#14947 = B_SPLINE_CURVE_WITH_KNOTS('',2,(#14948,#14949,#14950),
  .UNSPECIFIED.,.F.,.F.,(3,3),(0.,1.),.PIECEWISE_BEZIER_KNOTS.);
#14948 = CARTESIAN_POINT('',(21.32,8.98599609375));
#14949 = CARTESIAN_POINT('',(20.4680078125,8.98599609375));
#14950 = CARTESIAN_POINT('',(20.4680078125,7.2519921875));
#14951 = ( GEOMETRIC_REPRESENTATION_CONTEXT(2) 
PARAMETRIC_REPRESENTATION_CONTEXT() REPRESENTATION_CONTEXT('2D SPACE',''
  ) );
#14952 = ADVANCED_FACE('',(#14953),#14114,.T.);
#14953 = FACE_BOUND('',#14954,.T.);
#14954 = EDGE_LOOP('',(#14955,#14956,#14957,#14980));
#14955 = ORIENTED_EDGE('',*,*,#14909,.T.);
#14956 = ORIENTED_EDGE('',*,*,#14098,.T.);
#14957 = ORIENTED_EDGE('',*,*,#14958,.F.);
#14958 = EDGE_CURVE('',#14959,#14099,#14961,.T.);
#14959 = VERTEX_POINT('',#14960);
#14960 = CARTESIAN_POINT('',(21.3080078125,55.5,1.));
#14961 = SURFACE_CURVE('',#14962,(#14966,#14973),.PCURVE_S1.);
#14962 = LINE('',#14963,#14964);
#14963 = CARTESIAN_POINT('',(21.3080078125,55.5,1.));
#14964 = VECTOR('',#14965,1.);
#14965 = DIRECTION('',(0.,0.,1.));
#14966 = PCURVE('',#14114,#14967);
#14967 = DEFINITIONAL_REPRESENTATION('',(#14968),#14972);
#14968 = LINE('',#14969,#14970);
#14969 = CARTESIAN_POINT('',(1.,0.));
#14970 = VECTOR('',#14971,1.);
#14971 = DIRECTION('',(0.,-1.));
#14972 = ( GEOMETRIC_REPRESENTATION_CONTEXT(2) 
PARAMETRIC_REPRESENTATION_CONTEXT() REPRESENTATION_CONTEXT('2D SPACE',''
  ) );
#14973 = PCURVE('',#14144,#14974);
#14974 = DEFINITIONAL_REPRESENTATION('',(#14975),#14979);
#14975 = LINE('',#14976,#14977);
#14976 = CARTESIAN_POINT('',(0.,0.));
#14977 = VECTOR('',#14978,1.);
#14978 = DIRECTION('',(0.,-1.));
#14979 = ( GEOMETRIC_REPRESENTATION_CONTEXT(2) 
PARAMETRIC_REPRESENTATION_CONTEXT() REPRESENTATION_CONTEXT('2D SPACE',''
  ) );
#14980 = ORIENTED_EDGE('',*,*,#14981,.F.);
#14981 = EDGE_CURVE('',#14910,#14959,#14982,.T.);
#14982 = SURFACE_CURVE('',#14983,(#14987,#14994),.PCURVE_S1.);
#14983 = B_SPLINE_CURVE_WITH_KNOTS('',2,(#14984,#14985,#14986),
  .UNSPECIFIED.,.F.,.F.,(3,3),(0.,1.),.PIECEWISE_BEZIER_KNOTS.);
#14984 = CARTESIAN_POINT('',(20.4680078125,57.2519921875,1.));
#14985 = CARTESIAN_POINT('',(20.4680078125,55.5,1.));
#14986 = CARTESIAN_POINT('',(21.3080078125,55.5,1.));
#14987 = PCURVE('',#14114,#14988);
#14988 = DEFINITIONAL_REPRESENTATION('',(#14989),#14993);
#14989 = LINE('',#14990,#14991);
#14990 = CARTESIAN_POINT('',(0.,0.));
#14991 = VECTOR('',#14992,1.);
#14992 = DIRECTION('',(1.,0.));
#14993 = ( GEOMETRIC_REPRESENTATION_CONTEXT(2) 
PARAMETRIC_REPRESENTATION_CONTEXT() REPRESENTATION_CONTEXT('2D SPACE',''
  ) );
#14994 = PCURVE('',#14892,#14995);
#14995 = DEFINITIONAL_REPRESENTATION('',(#14996),#15000);
#14996 = B_SPLINE_CURVE_WITH_KNOTS('',2,(#14997,#14998,#14999),
  .UNSPECIFIED.,.F.,.F.,(3,3),(0.,1.),.PIECEWISE_BEZIER_KNOTS.);
#14997 = CARTESIAN_POINT('',(20.4680078125,7.2519921875));
#14998 = CARTESIAN_POINT('',(20.4680078125,5.5));
#14999 = CARTESIAN_POINT('',(21.3080078125,5.5));
#15000 = ( GEOMETRIC_REPRESENTATION_CONTEXT(2) 
PARAMETRIC_REPRESENTATION_CONTEXT() REPRESENTATION_CONTEXT('2D SPACE',''
  ) );
#15001 = ADVANCED_FACE('',(#15002),#14144,.T.);
#15002 = FACE_BOUND('',#15003,.T.);
#15003 = EDGE_LOOP('',(#15004,#15005,#15006,#15029));
#15004 = ORIENTED_EDGE('',*,*,#14958,.T.);
#15005 = ORIENTED_EDGE('',*,*,#14128,.T.);
#15006 = ORIENTED_EDGE('',*,*,#15007,.F.);
#15007 = EDGE_CURVE('',#15008,#14129,#15010,.T.);
#15008 = VERTEX_POINT('',#15009);
#15009 = CARTESIAN_POINT('',(21.9619921875,55.932001953125,1.));
#15010 = SURFACE_CURVE('',#15011,(#15015,#15022),.PCURVE_S1.);
#15011 = LINE('',#15012,#15013);
#15012 = CARTESIAN_POINT('',(21.9619921875,55.932001953125,1.));
#15013 = VECTOR('',#15014,1.);
#15014 = DIRECTION('',(0.,0.,1.));
#15015 = PCURVE('',#14144,#15016);
#15016 = DEFINITIONAL_REPRESENTATION('',(#15017),#15021);
#15017 = LINE('',#15018,#15019);
#15018 = CARTESIAN_POINT('',(1.,0.));
#15019 = VECTOR('',#15020,1.);
#15020 = DIRECTION('',(0.,-1.));
#15021 = ( GEOMETRIC_REPRESENTATION_CONTEXT(2) 
PARAMETRIC_REPRESENTATION_CONTEXT() REPRESENTATION_CONTEXT('2D SPACE',''
  ) );
#15022 = PCURVE('',#14172,#15023);
#15023 = DEFINITIONAL_REPRESENTATION('',(#15024),#15028);
#15024 = LINE('',#15025,#15026);
#15025 = CARTESIAN_POINT('',(0.,0.));
#15026 = VECTOR('',#15027,1.);
#15027 = DIRECTION('',(0.,-1.));
#15028 = ( GEOMETRIC_REPRESENTATION_CONTEXT(2) 
PARAMETRIC_REPRESENTATION_CONTEXT() REPRESENTATION_CONTEXT('2D SPACE',''
  ) );
#15029 = ORIENTED_EDGE('',*,*,#15030,.F.);
#15030 = EDGE_CURVE('',#14959,#15008,#15031,.T.);
#15031 = SURFACE_CURVE('',#15032,(#15036,#15043),.PCURVE_S1.);
#15032 = B_SPLINE_CURVE_WITH_KNOTS('',2,(#15033,#15034,#15035),
  .UNSPECIFIED.,.F.,.F.,(3,3),(0.,1.),.PIECEWISE_BEZIER_KNOTS.);
#15033 = CARTESIAN_POINT('',(21.3080078125,55.5,1.));
#15034 = CARTESIAN_POINT('',(21.7519921875,55.5,1.));
#15035 = CARTESIAN_POINT('',(21.9619921875,55.932001953125,1.));
#15036 = PCURVE('',#14144,#15037);
#15037 = DEFINITIONAL_REPRESENTATION('',(#15038),#15042);
#15038 = LINE('',#15039,#15040);
#15039 = CARTESIAN_POINT('',(0.,0.));
#15040 = VECTOR('',#15041,1.);
#15041 = DIRECTION('',(1.,0.));
#15042 = ( GEOMETRIC_REPRESENTATION_CONTEXT(2) 
PARAMETRIC_REPRESENTATION_CONTEXT() REPRESENTATION_CONTEXT('2D SPACE',''
  ) );
#15043 = PCURVE('',#14892,#15044);
#15044 = DEFINITIONAL_REPRESENTATION('',(#15045),#15049);
#15045 = B_SPLINE_CURVE_WITH_KNOTS('',2,(#15046,#15047,#15048),
  .UNSPECIFIED.,.F.,.F.,(3,3),(0.,1.),.PIECEWISE_BEZIER_KNOTS.);
#15046 = CARTESIAN_POINT('',(21.3080078125,5.5));
#15047 = CARTESIAN_POINT('',(21.7519921875,5.5));
#15048 = CARTESIAN_POINT('',(21.9619921875,5.932001953125));
#15049 = ( GEOMETRIC_REPRESENTATION_CONTEXT(2) 
PARAMETRIC_REPRESENTATION_CONTEXT() REPRESENTATION_CONTEXT('2D SPACE',''
  ) );
#15050 = ADVANCED_FACE('',(#15051),#14172,.T.);
#15051 = FACE_BOUND('',#15052,.T.);
#15052 = EDGE_LOOP('',(#15053,#15054,#15055,#15056));
#15053 = ORIENTED_EDGE('',*,*,#15007,.T.);
#15054 = ORIENTED_EDGE('',*,*,#14158,.T.);
#15055 = ORIENTED_EDGE('',*,*,#14831,.F.);
#15056 = ORIENTED_EDGE('',*,*,#15057,.F.);
#15057 = EDGE_CURVE('',#15008,#14832,#15058,.T.);
#15058 = SURFACE_CURVE('',#15059,(#15063,#15070),.PCURVE_S1.);
#15059 = B_SPLINE_CURVE_WITH_KNOTS('',2,(#15060,#15061,#15062),
  .UNSPECIFIED.,.F.,.F.,(3,3),(0.,1.),.PIECEWISE_BEZIER_KNOTS.);
#15060 = CARTESIAN_POINT('',(21.9619921875,55.932001953125,1.));
#15061 = CARTESIAN_POINT('',(22.1719921875,56.36400390625,1.));
#15062 = CARTESIAN_POINT('',(22.1719921875,57.27,1.));
#15063 = PCURVE('',#14172,#15064);
#15064 = DEFINITIONAL_REPRESENTATION('',(#15065),#15069);
#15065 = LINE('',#15066,#15067);
#15066 = CARTESIAN_POINT('',(0.,0.));
#15067 = VECTOR('',#15068,1.);
#15068 = DIRECTION('',(1.,0.));
#15069 = ( GEOMETRIC_REPRESENTATION_CONTEXT(2) 
PARAMETRIC_REPRESENTATION_CONTEXT() REPRESENTATION_CONTEXT('2D SPACE',''
  ) );
#15070 = PCURVE('',#14892,#15071);
#15071 = DEFINITIONAL_REPRESENTATION('',(#15072),#15076);
#15072 = B_SPLINE_CURVE_WITH_KNOTS('',2,(#15073,#15074,#15075),
  .UNSPECIFIED.,.F.,.F.,(3,3),(0.,1.),.PIECEWISE_BEZIER_KNOTS.);
#15073 = CARTESIAN_POINT('',(21.9619921875,5.932001953125));
#15074 = CARTESIAN_POINT('',(22.1719921875,6.36400390625));
#15075 = CARTESIAN_POINT('',(22.1719921875,7.27));
#15076 = ( GEOMETRIC_REPRESENTATION_CONTEXT(2) 
PARAMETRIC_REPRESENTATION_CONTEXT() REPRESENTATION_CONTEXT('2D SPACE',''
  ) );
#15077 = ADVANCED_FACE('',(#15078),#14405,.T.);
#15078 = FACE_BOUND('',#15079,.T.);
#15079 = EDGE_LOOP('',(#15080,#15103,#15104,#15127));
#15080 = ORIENTED_EDGE('',*,*,#15081,.T.);
#15081 = EDGE_CURVE('',#15082,#14388,#15084,.T.);
#15082 = VERTEX_POINT('',#15083);
#15083 = CARTESIAN_POINT('',(8.405,63.294003601074,1.));
#15084 = SURFACE_CURVE('',#15085,(#15089,#15096),.PCURVE_S1.);
#15085 = LINE('',#15086,#15087);
#15086 = CARTESIAN_POINT('',(8.405,63.294003601074,1.));
#15087 = VECTOR('',#15088,1.);
#15088 = DIRECTION('',(0.,0.,1.));
#15089 = PCURVE('',#14405,#15090);
#15090 = DEFINITIONAL_REPRESENTATION('',(#15091),#15095);
#15091 = LINE('',#15092,#15093);
#15092 = CARTESIAN_POINT('',(0.,0.));
#15093 = VECTOR('',#15094,1.);
#15094 = DIRECTION('',(0.,-1.));
#15095 = ( GEOMETRIC_REPRESENTATION_CONTEXT(2) 
PARAMETRIC_REPRESENTATION_CONTEXT() REPRESENTATION_CONTEXT('2D SPACE',''
  ) );
#15096 = PCURVE('',#14459,#15097);
#15097 = DEFINITIONAL_REPRESENTATION('',(#15098),#15102);
#15098 = LINE('',#15099,#15100);
#15099 = CARTESIAN_POINT('',(2.287750682999,-0.));
#15100 = VECTOR('',#15101,1.);
#15101 = DIRECTION('',(0.,-1.));
#15102 = ( GEOMETRIC_REPRESENTATION_CONTEXT(2) 
PARAMETRIC_REPRESENTATION_CONTEXT() REPRESENTATION_CONTEXT('2D SPACE',''
  ) );
#15103 = ORIENTED_EDGE('',*,*,#14387,.T.);
#15104 = ORIENTED_EDGE('',*,*,#15105,.F.);
#15105 = EDGE_CURVE('',#15106,#14390,#15108,.T.);
#15106 = VERTEX_POINT('',#15107);
#15107 = CARTESIAN_POINT('',(9.7369921875,63.294003601074,1.));
#15108 = SURFACE_CURVE('',#15109,(#15113,#15120),.PCURVE_S1.);
#15109 = LINE('',#15110,#15111);
#15110 = CARTESIAN_POINT('',(9.7369921875,63.294003601074,1.));
#15111 = VECTOR('',#15112,1.);
#15112 = DIRECTION('',(0.,0.,1.));
#15113 = PCURVE('',#14405,#15114);
#15114 = DEFINITIONAL_REPRESENTATION('',(#15115),#15119);
#15115 = LINE('',#15116,#15117);
#15116 = CARTESIAN_POINT('',(1.3319921875,0.));
#15117 = VECTOR('',#15118,1.);
#15118 = DIRECTION('',(0.,-1.));
#15119 = ( GEOMETRIC_REPRESENTATION_CONTEXT(2) 
PARAMETRIC_REPRESENTATION_CONTEXT() REPRESENTATION_CONTEXT('2D SPACE',''
  ) );
#15120 = PCURVE('',#14433,#15121);
#15121 = DEFINITIONAL_REPRESENTATION('',(#15122),#15126);
#15122 = LINE('',#15123,#15124);
#15123 = CARTESIAN_POINT('',(0.,0.));
#15124 = VECTOR('',#15125,1.);
#15125 = DIRECTION('',(0.,-1.));
#15126 = ( GEOMETRIC_REPRESENTATION_CONTEXT(2) 
PARAMETRIC_REPRESENTATION_CONTEXT() REPRESENTATION_CONTEXT('2D SPACE',''
  ) );
#15127 = ORIENTED_EDGE('',*,*,#15128,.F.);
#15128 = EDGE_CURVE('',#15082,#15106,#15129,.T.);
#15129 = SURFACE_CURVE('',#15130,(#15134,#15141),.PCURVE_S1.);
#15130 = LINE('',#15131,#15132);
#15131 = CARTESIAN_POINT('',(8.405,63.294003601074,1.));
#15132 = VECTOR('',#15133,1.);
#15133 = DIRECTION('',(1.,0.,0.));
#15134 = PCURVE('',#14405,#15135);
#15135 = DEFINITIONAL_REPRESENTATION('',(#15136),#15140);
#15136 = LINE('',#15137,#15138);
#15137 = CARTESIAN_POINT('',(1.7763568394E-15,0.));
#15138 = VECTOR('',#15139,1.);
#15139 = DIRECTION('',(1.,0.));
#15140 = ( GEOMETRIC_REPRESENTATION_CONTEXT(2) 
PARAMETRIC_REPRESENTATION_CONTEXT() REPRESENTATION_CONTEXT('2D SPACE',''
  ) );
#15141 = PCURVE('',#15142,#15147);
#15142 = PLANE('',#15143);
#15143 = AXIS2_PLACEMENT_3D('',#15144,#15145,#15146);
#15144 = CARTESIAN_POINT('',(0.,50.,1.));
#15145 = DIRECTION('',(0.,0.,1.));
#15146 = DIRECTION('',(1.,0.,0.));
#15147 = DEFINITIONAL_REPRESENTATION('',(#15148),#15152);
#15148 = LINE('',#15149,#15150);
#15149 = CARTESIAN_POINT('',(8.405,13.294003601074));
#15150 = VECTOR('',#15151,1.);
#15151 = DIRECTION('',(1.,0.));
#15152 = ( GEOMETRIC_REPRESENTATION_CONTEXT(2) 
PARAMETRIC_REPRESENTATION_CONTEXT() REPRESENTATION_CONTEXT('2D SPACE',''
  ) );
#15153 = ADVANCED_FACE('',(#15154),#14433,.T.);
#15154 = FACE_BOUND('',#15155,.T.);
#15155 = EDGE_LOOP('',(#15156,#15157,#15158,#15181));
#15156 = ORIENTED_EDGE('',*,*,#15105,.T.);
#15157 = ORIENTED_EDGE('',*,*,#14417,.T.);
#15158 = ORIENTED_EDGE('',*,*,#15159,.F.);
#15159 = EDGE_CURVE('',#15160,#14418,#15162,.T.);
#15160 = VERTEX_POINT('',#15161);
#15161 = CARTESIAN_POINT('',(9.7369921875,65.154003601074,1.));
#15162 = SURFACE_CURVE('',#15163,(#15167,#15174),.PCURVE_S1.);
#15163 = LINE('',#15164,#15165);
#15164 = CARTESIAN_POINT('',(9.7369921875,65.154003601074,1.));
#15165 = VECTOR('',#15166,1.);
#15166 = DIRECTION('',(0.,0.,1.));
#15167 = PCURVE('',#14433,#15168);
#15168 = DEFINITIONAL_REPRESENTATION('',(#15169),#15173);
#15169 = LINE('',#15170,#15171);
#15170 = CARTESIAN_POINT('',(1.86,0.));
#15171 = VECTOR('',#15172,1.);
#15172 = DIRECTION('',(0.,-1.));
#15173 = ( GEOMETRIC_REPRESENTATION_CONTEXT(2) 
PARAMETRIC_REPRESENTATION_CONTEXT() REPRESENTATION_CONTEXT('2D SPACE',''
  ) );
#15174 = PCURVE('',#14459,#15175);
#15175 = DEFINITIONAL_REPRESENTATION('',(#15176),#15180);
#15176 = LINE('',#15177,#15178);
#15177 = CARTESIAN_POINT('',(0.,0.));
#15178 = VECTOR('',#15179,1.);
#15179 = DIRECTION('',(0.,-1.));
#15180 = ( GEOMETRIC_REPRESENTATION_CONTEXT(2) 
PARAMETRIC_REPRESENTATION_CONTEXT() REPRESENTATION_CONTEXT('2D SPACE',''
  ) );
#15181 = ORIENTED_EDGE('',*,*,#15182,.F.);
#15182 = EDGE_CURVE('',#15106,#15160,#15183,.T.);
#15183 = SURFACE_CURVE('',#15184,(#15188,#15195),.PCURVE_S1.);
#15184 = LINE('',#15185,#15186);
#15185 = CARTESIAN_POINT('',(9.7369921875,63.294003601074,1.));
#15186 = VECTOR('',#15187,1.);
#15187 = DIRECTION('',(0.,1.,0.));
#15188 = PCURVE('',#14433,#15189);
#15189 = DEFINITIONAL_REPRESENTATION('',(#15190),#15194);
#15190 = LINE('',#15191,#15192);
#15191 = CARTESIAN_POINT('',(-7.105427357601E-15,0.));
#15192 = VECTOR('',#15193,1.);
#15193 = DIRECTION('',(1.,0.));
#15194 = ( GEOMETRIC_REPRESENTATION_CONTEXT(2) 
PARAMETRIC_REPRESENTATION_CONTEXT() REPRESENTATION_CONTEXT('2D SPACE',''
  ) );
#15195 = PCURVE('',#15142,#15196);
#15196 = DEFINITIONAL_REPRESENTATION('',(#15197),#15201);
#15197 = LINE('',#15198,#15199);
#15198 = CARTESIAN_POINT('',(9.7369921875,13.294003601074));
#15199 = VECTOR('',#15200,1.);
#15200 = DIRECTION('',(0.,1.));
#15201 = ( GEOMETRIC_REPRESENTATION_CONTEXT(2) 
PARAMETRIC_REPRESENTATION_CONTEXT() REPRESENTATION_CONTEXT('2D SPACE',''
  ) );
#15202 = ADVANCED_FACE('',(#15203),#14459,.T.);
#15203 = FACE_BOUND('',#15204,.T.);
#15204 = EDGE_LOOP('',(#15205,#15206,#15207,#15208));
#15205 = ORIENTED_EDGE('',*,*,#15159,.T.);
#15206 = ORIENTED_EDGE('',*,*,#14445,.T.);
#15207 = ORIENTED_EDGE('',*,*,#15081,.F.);
#15208 = ORIENTED_EDGE('',*,*,#15209,.F.);
#15209 = EDGE_CURVE('',#15160,#15082,#15210,.T.);
#15210 = SURFACE_CURVE('',#15211,(#15215,#15222),.PCURVE_S1.);
#15211 = LINE('',#15212,#15213);
#15212 = CARTESIAN_POINT('',(9.7369921875,65.154003601074,1.));
#15213 = VECTOR('',#15214,1.);
#15214 = DIRECTION('',(-0.582227861366,-0.813025656083,0.));
#15215 = PCURVE('',#14459,#15216);
#15216 = DEFINITIONAL_REPRESENTATION('',(#15217),#15221);
#15217 = LINE('',#15218,#15219);
#15218 = CARTESIAN_POINT('',(0.,0.));
#15219 = VECTOR('',#15220,1.);
#15220 = DIRECTION('',(1.,-0.));
#15221 = ( GEOMETRIC_REPRESENTATION_CONTEXT(2) 
PARAMETRIC_REPRESENTATION_CONTEXT() REPRESENTATION_CONTEXT('2D SPACE',''
  ) );
#15222 = PCURVE('',#15142,#15223);
#15223 = DEFINITIONAL_REPRESENTATION('',(#15224),#15228);
#15224 = LINE('',#15225,#15226);
#15225 = CARTESIAN_POINT('',(9.7369921875,15.154003601074));
#15226 = VECTOR('',#15227,1.);
#15227 = DIRECTION('',(-0.582227861366,-0.813025656083));
#15228 = ( GEOMETRIC_REPRESENTATION_CONTEXT(2) 
PARAMETRIC_REPRESENTATION_CONTEXT() REPRESENTATION_CONTEXT('2D SPACE',''
  ) );
#15229 = ADVANCED_FACE('',(#15230),#14740,.T.);
#15230 = FACE_BOUND('',#15231,.T.);
#15231 = EDGE_LOOP('',(#15232,#15233,#15234));
#15232 = ORIENTED_EDGE('',*,*,#14807,.T.);
#15233 = ORIENTED_EDGE('',*,*,#14726,.T.);
#15234 = ORIENTED_EDGE('',*,*,#14780,.T.);
#15235 = ADVANCED_FACE('',(#15236),#14892,.T.);
#15236 = FACE_BOUND('',#15237,.T.);
#15237 = EDGE_LOOP('',(#15238,#15239,#15240,#15241,#15242));
#15238 = ORIENTED_EDGE('',*,*,#15057,.T.);
#15239 = ORIENTED_EDGE('',*,*,#14878,.T.);
#15240 = ORIENTED_EDGE('',*,*,#14932,.T.);
#15241 = ORIENTED_EDGE('',*,*,#14981,.T.);
#15242 = ORIENTED_EDGE('',*,*,#15030,.T.);
#15243 = ADVANCED_FACE('',(#15244),#15142,.T.);
#15244 = FACE_BOUND('',#15245,.T.);
#15245 = EDGE_LOOP('',(#15246,#15247,#15248));
#15246 = ORIENTED_EDGE('',*,*,#15209,.T.);
#15247 = ORIENTED_EDGE('',*,*,#15128,.T.);
#15248 = ORIENTED_EDGE('',*,*,#15182,.T.);
#15249 = ( GEOMETRIC_REPRESENTATION_CONTEXT(3) 
GLOBAL_UNCERTAINTY_ASSIGNED_CONTEXT((#15253)) 
GLOBAL_UNIT_ASSIGNED_CONTEXT((#15250,#15251,#15252)) 
REPRESENTATION_CONTEXT('Context #1',
  '3D Context with UNIT and UNCERTAINTY') );
#15250 = ( LENGTH_UNIT() NAMED_UNIT(*) SI_UNIT(.MILLI.,.METRE.) );
#15251 = ( NAMED_UNIT(*) PLANE_ANGLE_UNIT() SI_UNIT($,.RADIAN.) );
#15252 = ( NAMED_UNIT(*) SI_UNIT($,.STERADIAN.) SOLID_ANGLE_UNIT() );
#15253 = UNCERTAINTY_MEASURE_WITH_UNIT(LENGTH_MEASURE(1.E-07),#15250,
  'distance_accuracy_value','confusion accuracy');
#15254 = PRODUCT_RELATED_PRODUCT_CATEGORY('part',$,(#7));
ENDSEC;
END-ISO-10303-21;
